lineNumber,colorGrade,leafGrade,stapleCode
1,41,3,34
2,41,4,35
3,41,3,34
4,41,4,34
5,41,4,34
6,41,5,35
7,41,4,35
8,41,4,34
9,41,4,34
10,41,6,34
11,41,6,35
12,41,4,35
13,41,5,35
14,41,5,34
15,41,4,35
16,41,4,34
17,41,5,34
18,41,5,34
19,41,4,34
20,41,4,34
21,41,4,36
22,41,5,37
23,41,5,37
24,41,5,37
25,41,4,36
26,31,4,35
27,41,4,34
28,41,4,34
29,41,4,35
30,41,4,34
31,41,4,34
32,31,4,34
33,31,4,35
34,41,3,34
35,41,4,36
36,41,3,34
37,41,3,34
38,41,3,34
39,41,5,36
40,41,6,35
41,41,6,35
42,41,4,34
43,41,3,34
44,41,4,34
45,41,4,35
46,41,4,35
47,41,3,33
48,41,3,34
49,41,3,34
50,41,5,37
51,41,4,32
52,41,3,34
53,41,3,33
54,41,3,33
55,41,4,34
56,41,4,35
57,31,3,35
58,31,3,34
59,41,3,34
60,41,4,34
61,41,4,35
62,41,4,35
63,41,4,34
64,41,4,34
65,41,4,35
66,41,4,35
67,41,3,33
68,41,5,34
69,41,4,36
70,41,4,35
71,41,5,35
72,41,4,35
73,41,4,34
74,41,4,34
75,41,3,34
76,41,3,33
77,41,3,33
78,41,3,33
79,41,3,35
80,41,3,35
81,41,3,33
82,41,3,33
83,41,4,34
84,41,3,34
85,41,3,34
86,31,3,34
87,31,3,34
88,41,4,33
89,31,3,34
90,41,4,35
91,31,3,35
92,31,3,35
93,41,3,34
94,41,5,34
95,41,5,35
96,41,6,34
97,41,6,35
98,41,5,33
99,41,6,36
100,41,6,36
101,41,6,35
102,41,6,36
103,41,6,35
104,41,5,35
105,41,5,36
106,41,4,36
107,41,4,33
108,41,4,33
109,41,4,34
110,41,3,34
111,41,4,34
112,41,4,35
113,41,4,35
114,41,5,36
115,41,4,34
116,41,3,34
117,41,3,35
118,41,3,36
119,41,4,35
120,41,4,35
121,41,4,35
122,41,4,35
123,41,4,36
124,41,4,35
125,41,4,35
126,41,4,35
127,41,4,35
128,41,4,36
129,41,4,35
130,41,5,36
131,41,4,35
132,41,4,36
133,41,4,36
134,41,4,35
135,41,4,36
136,41,5,35
137,41,5,36
138,41,4,36
139,41,4,35
140,41,4,35
141,41,4,35
142,41,4,35
143,41,5,35
144,41,4,35
145,41,4,35
146,41,4,35
147,41,4,35
148,41,5,35
149,41,5,36
150,41,4,35
151,41,5,35
152,41,5,34
153,41,5,36
154,41,5,37
155,41,5,35
156,41,5,36
157,41,4,35
158,41,5,35
159,41,5,36
160,41,6,36
161,41,5,36
162,41,5,35
163,41,5,36
164,41,5,35
165,41,5,36
166,41,5,35
167,41,5,36
168,41,4,35
169,41,5,35
170,41,5,36
171,41,4,35
172,41,5,36
173,41,4,36
174,41,4,35
175,41,4,35
176,41,5,36
177,41,4,35
178,41,4,35
179,41,4,36
180,41,5,36
181,41,4,35
182,41,5,36
183,41,4,36
184,41,4,35
185,31,5,36
186,31,5,36
187,31,4,36
188,31,4,36
189,31,5,36
190,31,4,36
191,31,4,36
192,31,4,36
193,31,5,36
194,31,4,36
195,31,4,36
196,31,4,36
197,31,4,36
198,31,4,36
199,31,4,36
200,31,4,36
201,41,4,36
202,31,4,36
203,31,4,36
204,31,5,36
205,31,5,36
206,31,5,36
207,31,5,36
208,31,5,36
209,31,5,36
210,31,4,36
211,31,4,36
212,31,4,36
213,31,4,36
214,31,4,36
215,31,5,36
216,31,4,36
217,31,5,36
218,31,4,36
219,31,4,36
220,31,4,36
221,31,3,36
222,31,4,36
223,31,3,36
224,31,3,36
225,31,3,36
226,31,3,36
227,31,4,36
228,31,4,36
229,31,3,36
230,31,3,36
231,31,3,36
232,31,3,36
233,31,3,36
234,31,3,36
235,31,3,36
236,31,4,36
237,31,3,36
238,31,3,36
239,31,4,36
240,31,3,36
241,31,3,36
242,31,3,36
243,31,3,36
244,31,3,36
245,31,3,36
246,31,3,36
247,31,3,36
248,31,3,36
249,31,3,36
250,31,3,36
251,31,3,36
252,31,3,36
253,31,4,36
254,31,4,36
255,31,3,37
256,31,4,37
257,41,4,37
258,31,3,37
259,31,3,37
260,41,4,37
261,41,3,37
262,41,3,37
263,41,4,37
264,41,3,37
265,41,3,37
266,41,3,37
267,31,3,37
268,41,4,37
269,41,4,37
270,31,4,37
271,31,3,37
272,31,3,37
273,31,3,36
274,31,3,36
275,31,4,36
276,31,3,36
277,31,3,36
278,31,3,36
279,31,3,36
280,31,3,36
281,31,3,36
282,31,3,36
283,31,3,36
284,31,3,36
285,31,3,36
286,31,3,36
287,31,3,36
288,31,4,36
289,31,4,35
290,31,4,36
291,31,4,36
292,31,4,36
293,31,4,36
294,31,4,36
295,31,3,36
296,31,4,36
297,31,3,36
298,31,4,36
299,31,4,36
300,31,4,36
301,31,5,36
302,31,4,36
303,31,4,36
304,31,5,36
305,31,5,36
306,31,4,36
307,31,3,36
308,31,4,36
309,31,4,36
310,31,4,36
311,41,4,36
312,31,4,36
313,31,4,36
314,31,4,36
315,31,4,36
316,31,4,36
317,31,4,36
318,31,4,36
319,31,4,36
320,31,4,36
321,31,4,36
322,31,4,36
323,31,4,36
324,31,4,36
325,31,4,36
326,31,4,36
327,31,4,36
328,31,4,36
329,31,4,36
330,31,4,36
331,31,5,36
332,31,4,36
333,31,5,36
334,31,4,36
335,31,4,36
336,31,5,36
337,31,5,36
338,31,4,36
339,31,4,36
340,31,4,36
341,31,4,36
342,31,4,36
343,31,4,36
344,41,4,36
345,31,4,36
346,31,4,36
347,31,4,36
348,31,4,36
349,31,4,36
350,31,4,36
351,31,4,36
352,31,4,36
353,31,4,36
354,31,4,36
355,31,5,36
356,31,4,36
357,31,4,36
358,31,4,36
359,41,4,36
360,31,4,36
361,31,4,36
362,31,4,36
363,31,4,36
364,31,4,36
365,31,4,36
366,31,3,36
367,31,4,36
368,31,4,36
369,31,4,36
370,31,4,36
371,31,4,36
372,31,4,36
373,31,5,36
374,31,4,37
375,41,5,37
376,41,4,37
377,31,5,37
378,31,5,37
379,41,5,37
380,41,4,37
381,41,4,37
382,41,4,37
383,41,5,37
384,41,4,37
385,41,4,37
386,41,4,37
387,31,5,37
388,41,4,37
389,41,4,37
390,41,4,37
391,41,3,37
392,31,4,35
393,31,4,35
394,31,4,35
395,31,3,35
396,31,4,35
397,31,4,35
398,31,3,35
399,31,4,35
400,31,3,35
401,31,3,35
402,31,3,35
403,31,3,35
404,31,4,35
405,31,3,35
406,31,3,35
407,31,3,36
408,31,3,36
409,31,3,36
410,31,3,36
411,31,4,36
412,31,3,36
413,31,4,36
414,31,3,36
415,31,3,36
416,31,4,36
417,31,3,36
418,31,4,36
419,31,3,36
420,31,3,36
421,31,4,36
422,31,4,36
423,31,4,37
424,31,3,36
425,31,3,36
426,31,4,36
427,31,3,36
428,31,4,36
429,31,3,36
430,31,3,36
431,31,3,36
432,31,3,36
433,31,3,36
434,31,3,36
435,41,3,36
436,31,3,36
437,41,4,36
438,41,3,37
439,31,3,37
440,31,3,37
441,31,3,37
442,41,3,37
443,41,3,37
444,31,3,37
445,31,3,37
446,41,3,37
447,41,3,37
448,41,3,37
449,41,3,37
450,41,4,37
451,41,3,37
452,41,3,37
453,41,3,37
454,41,4,37
455,41,4,37
456,41,4,37
457,41,3,37
458,41,4,37
459,41,4,37
460,41,3,37
461,41,3,37
462,31,3,37
463,41,3,37
464,41,4,37
465,41,3,37
466,41,3,37
467,31,3,37
468,31,3,37
469,31,3,37
470,31,3,37
471,31,3,37
472,41,3,37
473,41,4,37
474,41,4,37
475,41,4,37
476,41,3,37
477,41,4,37
478,41,3,37
479,41,3,37
480,41,4,37
481,41,4,37
482,41,4,37
483,31,3,36
484,31,3,36
485,31,3,36
486,31,3,36
487,31,3,36
488,31,3,36
489,31,3,36
490,31,3,36
491,31,3,36
492,31,3,36
493,31,3,36
494,31,3,36
495,31,3,36
496,31,2,36
497,31,3,37
498,31,3,37
499,31,3,37
500,31,3,37
501,31,4,37
502,31,3,37
503,31,3,37
504,31,3,37
505,31,3,37
506,31,3,37
507,31,3,37
508,31,4,36
509,31,3,37
510,31,3,37
511,31,4,37
512,31,3,37
513,41,3,37
514,51,3,37
515,31,3,37
516,31,3,37
517,31,3,37
518,41,3,37
519,31,3,37
520,31,3,37
521,31,3,37
522,31,3,37
523,31,4,37
524,31,3,37
525,31,4,37
526,31,3,37
527,31,3,37
528,31,3,37
529,31,3,37
530,31,3,37
531,31,3,37
532,31,3,37
533,31,4,37
534,41,4,37
535,31,4,38
536,31,4,38
537,41,4,38
538,31,4,38
539,41,4,38
540,41,4,38
541,41,4,38
542,31,4,38
543,41,3,38
544,41,4,38
545,31,3,38
546,41,4,38
547,41,4,38
548,31,3,38
549,31,3,38
550,31,4,38
551,31,4,38
552,31,3,38
553,31,3,38
554,31,4,38
555,31,4,38
556,31,3,38
557,31,4,38
558,31,3,38
559,31,4,38
560,31,3,38
561,31,3,38
562,41,3,38
563,31,4,38
564,31,3,38
565,31,3,38
566,31,3,37
567,31,3,37
568,31,3,37
569,31,3,37
570,31,3,37
571,31,4,37
572,31,3,37
573,31,3,37
574,31,3,37
575,31,3,37
576,31,3,37
577,31,3,37
578,31,3,36
579,31,3,36
580,31,3,36
581,31,3,36
582,31,4,36
583,31,3,36
584,31,3,36
585,31,3,36
586,31,3,36
587,31,3,36
588,31,3,36
589,31,3,36
590,31,3,36
591,31,3,36
592,31,3,36
593,31,3,36
594,41,4,37
595,41,3,37
596,41,3,37
597,41,3,37
598,41,4,37
599,41,4,37
600,41,4,37
601,41,4,37
602,41,4,37
603,41,4,37
604,41,4,37
605,31,4,37
606,31,3,37
607,31,3,37
608,31,3,37
609,31,3,37
610,31,3,37
611,31,3,37
612,31,3,37
613,31,3,37
614,31,3,37
615,31,3,37
616,31,3,37
617,31,3,37
618,31,3,37
619,31,3,37
620,31,3,37
621,31,3,37
622,31,4,37
623,31,3,37
624,31,3,37
625,31,3,37
626,31,3,37
627,31,3,37
628,31,4,37
629,31,3,37
630,31,3,37
631,31,3,37
632,31,3,37
633,31,3,37
634,31,4,37
635,31,3,37
636,31,3,37
637,31,3,37
638,31,3,37
639,41,5,37
640,41,4,37
641,31,3,37
642,41,4,37
643,41,5,37
644,41,5,37
645,41,5,37
646,31,4,37
647,41,5,37
648,31,4,37
649,41,5,37
650,31,5,37
651,41,5,37
652,41,4,37
653,41,5,37
654,41,5,37
655,41,5,37
656,31,3,39
657,31,4,37
658,31,4,37
659,31,4,37
660,31,4,37
661,31,4,37
662,31,3,37
663,31,3,37
664,31,4,37
665,31,3,37
666,31,3,37
667,31,4,37
668,31,3,37
669,31,4,37
670,31,3,37
671,31,3,37
672,31,4,37
673,31,4,37
674,31,4,37
675,31,3,37
676,31,3,37
677,31,4,37
678,31,3,37
679,31,4,37
680,31,4,37
681,31,3,37
682,31,3,37
683,31,4,37
684,31,3,37
685,31,3,37
686,31,3,37
687,31,3,37
688,31,3,37
689,31,3,37
690,31,3,36
691,41,4,37
692,41,4,37
693,41,4,37
694,41,3,37
695,31,4,37
696,41,4,37
697,41,4,37
698,41,4,37
699,41,3,37
700,31,3,37
701,31,4,37
702,41,4,37
703,31,4,37
704,31,3,37
705,31,4,37
706,31,3,37
707,31,4,37
708,31,3,37
709,41,3,37
710,31,4,37
711,41,3,37
712,31,4,37
713,31,3,37
714,41,3,37
715,41,5,36
716,41,6,35
717,41,5,36
718,31,3,35
719,31,3,36
720,41,5,36
721,41,5,37
722,41,5,36
723,41,4,35
724,41,4,35
725,41,4,35
726,41,4,35
727,41,4,35
728,41,4,34
729,41,3,35
730,41,4,35
731,41,4,35
732,41,5,36
733,41,4,35
734,41,4,35
735,41,5,36
736,41,3,35
737,41,3,35
738,41,4,34
739,41,4,35
740,41,4,37
741,41,4,34
742,41,4,35
743,31,4,36
744,41,4,35
745,41,3,35
746,41,5,34
747,41,3,34
748,41,4,35
749,41,3,35
750,41,3,34
751,31,4,35
752,41,3,35
753,31,3,34
754,41,4,35
755,41,3,34
756,31,4,34
757,31,4,34
758,31,3,34
759,31,4,34
760,41,3,35
761,31,3,35
762,31,3,35
763,31,4,34
764,41,4,35
765,31,3,35
766,41,3,34
767,41,4,35
768,41,4,34
769,31,3,34
770,41,3,35
771,41,4,34
772,41,4,35
773,41,4,34
774,41,3,34
775,41,5,35
776,41,4,36
777,41,4,36
778,41,5,35
779,41,4,36
780,41,4,35
781,41,4,34
782,41,4,35
783,41,4,34
784,51,4,34
785,41,4,34
786,41,4,35
787,51,4,35
788,41,4,37
789,41,3,36
790,41,3,37
791,41,4,38
792,41,4,37
793,41,4,37
794,41,3,38
795,41,5,38
796,41,4,37
797,41,3,37
798,41,3,37
799,41,3,38
800,41,4,37
801,41,4,39
802,41,4,39
803,41,4,39
804,41,4,37
805,41,4,38
806,41,5,39
807,41,4,38
808,41,4,38
809,41,4,39
810,41,4,38
811,41,4,38
812,41,4,39
813,41,4,37
814,41,4,38
815,41,4,38
816,41,5,39
817,41,4,38
818,41,4,39
819,41,5,39
820,41,5,38
821,41,5,38
822,41,4,39
823,41,5,38
824,41,4,37
825,41,4,39
826,41,5,38
827,41,4,38
828,41,4,37
829,41,4,38
830,41,5,38
831,41,4,38
832,41,4,37
833,41,4,38
834,41,5,37
835,41,6,39
836,41,4,38
837,41,4,38
838,41,5,38
839,41,4,38
840,41,4,38
841,41,4,38
842,41,4,38
843,41,4,38
844,41,4,39
845,41,4,38
846,41,4,38
847,41,4,39
848,41,4,37
849,41,4,38
850,41,4,38
851,41,5,38
852,41,4,38
853,41,4,37
854,41,4,38
855,41,4,38
856,41,4,39
857,41,4,37
858,41,4,38
859,41,3,39
860,31,3,37
861,41,3,38
862,41,3,35
863,41,3,36
864,41,3,37
865,41,4,38
866,41,4,38
867,41,4,39
868,41,4,38
869,41,4,38
870,41,4,39
871,41,3,38
872,41,3,38
873,31,3,35
874,41,3,38
875,41,3,37
876,41,4,38
877,41,4,38
878,41,4,38
879,41,3,37
880,41,4,39
881,41,4,37
882,41,3,39
883,41,3,37
884,41,3,40
885,51,3,37
886,41,3,37
887,41,4,38
888,51,3,38
889,41,3,37
890,41,4,40
891,41,3,39
892,41,4,38
893,41,4,37
894,41,3,38
895,41,3,38
896,41,3,38
897,41,3,38
898,41,3,37
899,41,3,36
900,41,4,37
901,41,4,36
902,41,3,36
903,41,4,37
904,41,4,37
905,41,3,37
906,41,4,37
907,41,4,37
908,41,4,37
909,41,4,37
910,41,4,38
911,41,4,37
912,41,4,37
913,41,4,38
914,41,4,37
915,41,4,37
916,41,4,37
917,41,4,37
918,41,4,38
919,41,4,38
920,41,4,38
921,41,3,38
922,41,3,38
923,41,4,39
924,41,4,38
925,41,4,37
926,31,4,38
927,41,4,38
928,31,4,38
929,41,4,38
930,41,4,39
931,41,4,37
932,41,4,37
933,41,4,38
934,41,4,38
935,41,4,38
936,41,4,38
937,41,4,38
938,41,4,38
939,41,4,39
940,41,4,38
941,41,4,38
942,41,4,36
943,41,4,38
944,41,5,38
945,41,4,37
946,41,4,38
947,41,5,38
948,41,4,38
949,41,4,38
950,41,4,38
951,41,4,38
952,41,4,37
953,41,4,38
954,41,4,37
955,41,5,38
956,41,5,37
957,31,3,35
958,41,4,38
959,41,4,39
960,41,4,39
961,41,3,39
962,41,3,39
963,41,3,39
964,41,5,38
965,41,5,38
966,41,4,39
967,41,5,38
968,41,5,38
969,41,4,39
970,41,5,39
971,41,5,39
972,41,4,37
973,41,4,38
974,41,4,38
975,41,5,38
976,41,5,38
977,41,5,38
978,41,4,38
979,41,5,36
980,41,5,36
981,41,4,38
982,41,4,38
983,41,5,38
984,41,5,38
985,41,4,39
986,41,4,38
987,41,5,38
988,41,4,38
989,41,4,38
990,41,4,37
991,41,5,37
992,41,4,38
993,41,4,38
994,41,4,37
995,41,4,38
996,41,4,38
997,41,4,39
998,41,4,37
999,41,3,39
1000,41,4,38
1001,41,4,38
1002,41,4,40
1003,41,4,39
1004,41,4,38
1005,41,4,38
1006,41,4,38
1007,41,4,38
1008,41,4,39
1009,41,4,38
1010,41,3,38
1011,41,4,38
1012,41,4,39
1013,41,3,38
1014,41,4,37
1015,41,3,38
1016,41,4,38
1017,41,4,39
1018,41,3,37
1019,41,4,38
1020,41,3,37
1021,41,4,37
1022,41,4,38
1023,41,4,38
1024,41,4,38
1025,31,4,38
1026,41,3,38
1027,41,4,38
1028,41,4,38
1029,41,4,38
1030,41,4,38
1031,41,3,38
1032,41,4,38
1033,41,4,37
1034,41,4,38
1035,41,4,38
1036,41,5,38
1037,41,4,38
1038,41,5,38
1039,41,4,38
1040,41,5,39
1041,41,5,38
1042,41,4,38
1043,41,4,37
1044,41,4,38
1045,41,5,38
1046,41,5,38
1047,41,4,38
1048,41,4,38
1049,41,4,36
1050,41,4,36
1051,41,3,36
1052,41,3,37
1053,41,4,38
1054,41,3,37
1055,41,4,38
1056,41,4,38
1057,41,4,38
1058,41,3,38
1059,41,3,37
1060,41,3,38
1061,41,4,37
1062,41,3,38
1063,41,3,37
1064,41,4,38
1065,41,3,38
1066,41,4,37
1067,41,4,39
1068,41,4,37
1069,41,3,37
1070,41,3,38
1071,41,4,38
1072,41,3,38
1073,41,4,38
1074,41,4,37
1075,41,3,38
1076,41,4,38
1077,41,4,38
1078,41,4,37
1079,41,3,37
1080,41,4,37
1081,41,4,37
1082,41,4,38
1083,41,3,36
1084,41,4,38
1085,41,3,38
1086,41,4,38
1087,41,4,37
1088,41,4,37
1089,41,4,38
1090,41,4,37
1091,41,4,38
1092,41,4,37
1093,41,3,38
1094,41,3,38
1095,41,4,38
1096,41,3,37
1097,41,3,38
1098,41,3,38
1099,41,3,38
1100,41,4,38
1101,41,3,37
1102,41,3,38
1103,41,3,39
1104,41,4,37
1105,41,3,37
1106,41,3,38
1107,41,4,38
1108,41,4,37
1109,41,3,38
1110,41,3,38
1111,41,3,37
1112,41,4,37
1113,41,4,38
1114,41,4,37
1115,41,4,38
1116,41,3,39
1117,41,4,39
1118,41,4,38
1119,41,4,38
1120,41,4,37
1121,41,3,39
1122,41,4,38
1123,41,4,38
1124,41,4,39
1125,41,4,39
1126,41,4,38
1127,41,3,38
1128,41,4,38
1129,41,4,38
1130,41,5,35
1131,41,5,34
1132,41,5,35
1133,41,4,35
1134,41,4,37
1135,41,4,38
1136,41,4,38
1137,41,3,38
1138,41,4,38
1139,41,4,39
1140,41,4,38
1141,41,4,39
1142,41,4,39
1143,41,4,39
1144,41,4,38
1145,41,4,38
1146,41,4,39
1147,41,4,38
1148,41,3,37
1149,41,3,37
1150,41,3,35
1151,41,4,37
1152,41,4,37
1153,41,3,38
1154,41,3,37
1155,41,4,39
1156,31,3,37
1157,41,4,38
1158,41,3,37
1159,41,3,38
1160,41,4,37
1161,41,4,37
1162,31,3,39
1163,31,3,39
1164,31,4,39
1165,41,4,39
1166,31,3,38
1167,31,4,38
1168,31,4,39
1169,41,4,38
1170,31,4,39
1171,41,4,38
1172,41,4,39
1173,41,4,39
1174,41,4,38
1175,41,4,39
1176,41,4,39
1177,41,4,38
1178,41,4,37
1179,41,4,37
1180,41,4,39
1181,41,4,39
1182,41,4,37
1183,41,4,38
1184,41,4,38
1185,41,4,37
1186,41,4,37
1187,41,5,38
1188,41,4,38
1189,31,4,38
1190,41,4,39
1191,41,4,38
1192,41,3,38
1193,41,3,38
1194,41,4,38
1195,41,4,38
1196,41,4,38
1197,41,4,36
1198,41,4,39
1199,41,4,36
1200,41,4,36
1201,41,4,34
1202,41,4,37
1203,41,4,38
1204,41,4,39
1205,41,4,40
1206,41,4,39
1207,41,4,38
1208,41,4,38
1209,41,4,38
1210,41,4,38
1211,41,4,38
1212,41,4,38
1213,41,5,38
1214,41,4,38
1215,41,4,38
1216,41,4,38
1217,41,4,39
1218,41,5,39
1219,41,5,35
1220,41,5,36
1221,41,5,36
1222,41,5,36
1223,41,5,36
1224,41,6,36
1225,41,5,35
1226,41,6,36
1227,41,6,35
1228,41,6,36
1229,41,6,35
1230,41,6,36
1231,41,6,35
1232,41,6,36
1233,41,6,35
1234,41,6,35
1235,41,4,35
1236,41,3,35
1237,41,5,36
1238,41,4,36
1239,41,5,35
1240,41,5,35
1241,41,5,35
1242,41,5,37
1243,41,5,35
1244,41,5,35
1245,41,5,36
1246,41,5,36
1247,41,5,36
1248,41,5,36
1249,41,5,35
1250,41,5,35
1251,41,5,36
1252,41,5,35
1253,41,5,36
1254,41,2,35
1255,41,3,36
1256,31,2,35
1257,31,2,34
1258,31,3,35
1259,31,3,36
1260,31,3,36
1261,31,3,35
1262,31,4,37
1263,41,4,37
1264,41,5,36
1265,41,5,36
1266,41,5,35
1267,41,5,36
1268,41,5,36
1269,41,4,35
1270,41,4,34
1271,41,5,35
1272,41,5,35
1273,41,5,35
1274,41,5,35
1275,41,5,36
1276,41,5,35
1277,41,5,36
1278,41,5,36
1279,41,5,35
1280,41,5,36
1281,41,5,34
1282,41,5,35
1283,41,5,36
1284,41,5,35
1285,41,5,34
1286,41,4,35
1287,41,5,35
1288,41,5,35
1289,41,5,36
1290,41,5,35
1291,41,4,36
1292,41,5,36
1293,41,5,35
1294,41,5,36
1295,41,5,35
1296,41,5,35
1297,41,5,36
1298,41,5,35
1299,41,5,36
1300,41,5,35
1301,41,5,35
1302,41,4,35
1303,41,5,36
1304,51,5,35
1305,41,4,36
1306,41,5,35
1307,41,4,35
1308,41,5,36
1309,41,5,36
1310,41,5,36
1311,41,5,36
1312,41,5,35
1313,41,5,36
1314,41,5,36
1315,31,5,36
1316,41,5,36
1317,41,5,36
1318,41,4,34
1319,41,5,36
1320,41,5,36
1321,41,5,35
1322,41,5,34
1323,41,5,35
1324,41,5,35
1325,41,5,36
1326,41,5,33
1327,41,5,33
1328,41,4,35
1329,41,5,33
1330,51,6,36
1331,41,5,35
1332,41,5,36
1333,41,6,35
1334,51,6,35
1335,41,5,36
1336,41,6,35
1337,41,6,36
1338,41,6,35
1339,41,5,36
1340,41,5,35
1341,41,6,35
1342,41,5,35
1343,41,5,36
1344,41,5,35
1345,41,5,36
1346,41,5,35
1347,41,5,36
1348,41,5,36
1349,41,5,36
1350,41,5,36
1351,41,5,36
1352,41,5,35
1353,41,5,35
1354,41,5,35
1355,41,4,35
1356,41,5,36
1357,41,4,35
1358,41,5,35
1359,41,5,36
1360,41,5,36
1361,41,4,36
1362,41,4,35
1363,41,4,36
1364,41,5,35
1365,41,5,35
1366,41,5,36
1367,41,5,36
1368,41,6,36
1369,41,5,35
1370,41,5,36
1371,41,5,36
1372,41,5,36
1373,41,6,35
1374,41,5,35
1375,41,5,36
1376,41,4,35
1377,41,4,35
1378,41,4,35
1379,41,4,35
1380,41,4,35
1381,41,4,35
1382,41,4,36
1383,41,5,36
1384,41,4,35
1385,41,5,35
1386,41,4,35
1387,41,4,35
1388,41,4,36
1389,41,3,36
1390,41,4,35
1391,41,5,35
1392,41,5,35
1393,41,4,35
1394,31,4,34
1395,41,4,35
1396,31,3,34
1397,41,4,34
1398,41,3,34
1399,41,3,34
1400,41,4,34
1401,31,3,34
1402,41,4,34
1403,41,3,34
1404,31,3,34
1405,31,3,35
1406,31,3,34
1407,31,3,34
1408,31,4,34
1409,41,4,35
1410,41,3,35
1411,41,5,36
1412,41,4,36
1413,41,4,36
1414,41,4,36
1415,41,4,35
1416,41,4,36
1417,41,4,36
1418,41,4,35
1419,41,4,35
1420,41,4,35
1421,41,4,35
1422,41,4,35
1423,41,4,35
1424,41,4,35
1425,41,5,35
1426,41,4,35
1427,41,4,36
1428,41,4,36
1429,41,4,37
1430,41,4,37
1431,41,4,36
1432,31,3,35
1433,31,3,35
1434,31,2,35
1435,31,2,35
1436,31,2,34
1437,31,3,35
1438,31,3,35
1439,31,3,35
1440,31,2,35
1441,31,3,35
1442,31,3,36
1443,31,3,36
1444,31,3,36
1445,31,3,35
1446,31,3,36
1447,31,3,35
1448,31,3,35
1449,31,2,35
1450,31,3,35
1451,31,3,36
1452,31,3,36
1453,41,3,36
1454,41,3,35
1455,41,3,36
1456,41,4,37
1457,41,4,36
1458,41,4,37
1459,41,4,37
1460,41,5,37
1461,41,4,36
1462,41,4,37
1463,41,4,37
1464,31,4,36
1465,31,5,37
1466,31,4,37
1467,31,4,37
1468,31,5,36
1469,31,4,37
1470,31,4,36
1471,41,4,36
1472,31,4,36
1473,31,4,35
1474,31,4,36
1475,31,4,36
1476,31,4,37
1477,31,4,36
1478,31,3,36
1479,31,4,36
1480,31,4,37
1481,31,3,37
1482,31,4,37
1483,41,3,35
1484,31,3,36
1485,41,3,36
1486,31,4,36
1487,41,4,35
1488,41,5,36
1489,41,4,35
1490,41,5,35
1491,41,5,34
1492,41,5,35
1493,41,6,34
1494,41,5,36
1495,41,5,36
1496,41,5,36
1497,41,6,35
1498,41,5,36
1499,41,5,35
1500,41,4,37
1501,41,5,36
1502,41,5,37
1503,41,5,37
1504,41,4,36
1505,41,4,37
1506,41,5,37
1507,41,4,37
1508,41,4,37
1509,41,4,35
1510,41,4,36
1511,41,4,36
1512,41,4,36
1513,41,5,37
1514,41,4,37
1515,41,4,36
1516,41,4,36
1517,41,3,36
1518,41,4,35
1519,31,4,36
1520,41,4,36
1521,41,4,35
1522,41,4,36
1523,41,4,35
1524,41,4,36
1525,41,4,35
1526,41,4,37
1527,41,4,36
1528,41,4,36
1529,41,3,36
1530,41,4,36
1531,41,4,36
1532,41,3,36
1533,41,4,36
1534,41,4,36
1535,41,4,36
1536,41,4,36
1537,41,5,36
1538,41,4,36
1539,41,5,37
1540,41,4,36
1541,41,4,37
1542,41,4,36
1543,41,4,36
1544,41,3,35
1545,41,4,36
1546,31,4,36
1547,41,4,36
1548,41,3,37
1549,41,4,37
1550,41,4,36
1551,41,5,36
1552,41,3,35
1553,41,4,37
1554,41,4,36
1555,41,3,37
1556,41,4,37
1557,41,4,37
1558,41,4,36
1559,41,4,37
1560,31,4,36
1561,41,4,37
1562,41,4,36
1563,41,4,36
1564,41,3,37
1565,41,4,37
1566,41,4,37
1567,41,3,37
1568,41,4,37
1569,41,4,37
1570,41,4,37
1571,41,4,37
1572,41,5,37
1573,41,4,37
1574,41,4,37
1575,41,4,37
1576,41,4,37
1577,41,4,37
1578,41,4,37
1579,41,4,37
1580,31,4,36
1581,41,4,35
1582,41,3,37
1583,41,4,36
1584,31,4,36
1585,31,3,36
1586,41,3,37
1587,31,3,36
1588,31,3,37
1589,41,3,36
1590,41,4,37
1591,31,4,37
1592,31,3,36
1593,31,4,36
1594,31,4,36
1595,31,4,37
1596,31,4,36
1597,31,4,36
1598,31,4,37
1599,31,4,37
1600,31,4,37
1601,31,4,37
1602,31,3,35
1603,31,4,35
1604,31,4,34
1605,31,4,35
1606,31,4,34
1607,31,4,34
1608,31,4,35
1609,31,4,35
1610,31,5,34
1611,41,5,35
1612,41,4,34
1613,41,5,34
1614,31,4,35
1615,41,4,34
1616,41,5,36
1617,41,5,37
1618,41,5,37
1619,41,4,37
1620,41,5,36
1621,41,4,36
1622,41,4,36
1623,41,4,36
1624,41,4,36
1625,41,5,36
1626,41,5,37
1627,41,4,36
1628,41,4,36
1629,41,4,36
1630,41,4,36
1631,41,5,37
1632,41,4,37
1633,41,4,37
1634,41,5,37
1635,41,4,37
1636,41,5,37
1637,41,4,37
1638,41,4,37
1639,41,5,37
1640,41,4,37
1641,41,4,37
1642,41,4,36
1643,41,4,36
1644,41,4,37
1645,41,5,37
1646,41,4,37
1647,31,4,37
1648,41,5,37
1649,31,3,37
1650,41,3,38
1651,41,4,37
1652,41,4,38
1653,41,4,37
1654,41,4,37
1655,41,4,37
1656,41,4,37
1657,41,4,37
1658,41,4,37
1659,41,5,38
1660,41,3,37
1661,41,4,36
1662,31,4,37
1663,31,4,37
1664,41,3,37
1665,41,4,37
1666,41,4,37
1667,41,4,37
1668,41,4,37
1669,41,4,37
1670,41,3,36
1671,41,5,37
1672,41,4,37
1673,41,4,36
1674,41,5,35
1675,41,4,36
1676,41,5,36
1677,41,5,36
1678,41,4,36
1679,41,5,35
1680,41,5,36
1681,41,5,36
1682,41,5,36
1683,41,5,36
1684,41,4,35
1685,41,4,35
1686,41,5,37
1687,41,5,36
1688,41,4,37
1689,41,5,36
1690,41,5,36
1691,41,5,36
1692,41,4,37
1693,41,5,36
1694,41,5,36
1695,41,5,37
1696,41,6,36
1697,41,5,37
1698,41,5,35
1699,41,5,35
1700,41,5,35
1701,41,4,36
1702,41,5,36
1703,41,5,36
1704,41,5,36
1705,41,5,36
1706,41,5,35
1707,41,5,35
1708,41,5,37
1709,41,4,35
1710,41,5,36
1711,41,5,36
1712,41,5,36
1713,41,5,37
1714,41,4,36
1715,41,5,36
1716,41,5,36
1717,41,5,37
1718,41,5,37
1719,41,5,35
1720,41,4,36
1721,41,5,36
1722,41,6,36
1723,51,5,35
1724,51,6,36
1725,41,6,35
1726,41,5,37
1727,41,5,37
1728,41,5,35
1729,41,5,36
1730,41,5,36
1731,41,5,37
1732,41,4,36
1733,41,4,36
1734,41,5,36
1735,41,5,35
1736,41,5,35
1737,41,4,36
1738,41,5,36
1739,41,4,37
1740,41,5,36
1741,41,5,36
1742,41,6,37
1743,41,5,36
1744,41,5,36
1745,41,5,36
1746,41,6,37
1747,41,5,37
1748,41,5,36
1749,41,6,37
1750,41,5,36
1751,41,5,36
1752,41,5,36
1753,41,5,37
1754,41,6,36
1755,41,5,37
1756,41,5,36
1757,41,6,36
1758,41,5,36
1759,41,5,35
1760,41,5,36
1761,41,5,35
1762,41,5,35
1763,41,5,36
1764,41,5,35
1765,41,5,35
1766,41,5,35
1767,41,5,36
1768,41,5,36
1769,41,5,36
1770,41,5,36
1771,41,5,36
1772,41,5,36
1773,41,5,35
1774,41,5,36
1775,41,4,35
1776,41,4,36
1777,41,5,36
1778,41,5,36
1779,41,5,36
1780,41,5,37
1781,41,4,36
1782,41,5,37
1783,41,4,37
1784,41,5,37
1785,41,6,36
1786,41,5,36
1787,41,6,36
1788,41,5,36
1789,41,5,35
1790,41,5,37
1791,41,5,36
1792,41,4,36
1793,41,5,37
1794,41,5,36
1795,41,5,37
1796,41,5,36
1797,41,5,36
1798,41,5,36
1799,41,5,36
1800,41,5,36
1801,41,6,36
1802,41,5,37
1803,41,5,37
1804,41,6,36
1805,41,6,36
1806,41,5,37
1807,41,5,37
1808,41,5,35
1809,41,6,36
1810,41,5,37
1811,41,5,35
1812,41,5,35
1813,41,5,37
1814,41,5,36
1815,41,5,36
1816,41,5,37
1817,41,5,36
1818,41,5,35
1819,41,5,37
1820,41,5,37
1821,41,5,37
1822,41,5,36
1823,41,6,37
1824,41,5,36
1825,41,6,36
1826,41,5,35
1827,41,5,36
1828,41,5,37
1829,41,5,36
1830,41,4,35
1831,41,6,38
1832,41,5,36
1833,41,6,37
1834,41,5,37
1835,41,5,37
1836,41,5,36
1837,41,5,37
1838,41,5,37
1839,41,4,37
1840,41,5,37
1841,41,5,38
1842,41,4,37
1843,41,4,36
1844,41,4,37
1845,41,4,37
1846,41,5,37
1847,41,4,36
1848,41,5,37
1849,41,5,36
1850,41,5,37
1851,41,4,36
1852,41,4,36
1853,41,5,36
1854,41,4,36
1855,41,5,36
1856,41,4,36
1857,41,4,36
1858,41,5,36
1859,41,4,36
1860,41,4,35
1861,41,4,36
1862,41,5,36
1863,41,5,38
1864,41,4,38
1865,41,5,38
1866,41,5,37
1867,41,5,37
1868,41,5,36
1869,41,5,37
1870,41,5,36
1871,41,5,37
1872,41,6,37
1873,41,5,36
1874,41,5,37
1875,41,5,37
1876,41,5,37
1877,41,6,36
1878,41,4,37
1879,41,5,37
1880,41,5,36
1881,41,4,36
1882,41,5,36
1883,41,5,36
1884,41,5,35
1885,41,5,36
1886,41,5,35
1887,41,4,36
1888,41,5,36
1889,41,4,36
1890,41,5,36
1891,41,5,36
1892,41,4,36
1893,41,6,36
1894,41,5,36
1895,41,5,36
1896,41,5,37
1897,41,5,36
1898,41,5,36
1899,41,5,37
1900,41,5,35
1901,41,5,35
1902,41,4,35
1903,41,5,35
1904,41,5,36
1905,41,4,36
1906,41,5,36
1907,41,5,36
1908,41,5,36
1909,41,5,36
1910,41,5,36
1911,41,4,35
1912,41,5,36
1913,41,5,36
1914,41,3,35
1915,41,4,36
1916,41,5,36
1917,41,5,36
1918,41,5,37
1919,41,5,36
1920,41,5,36
1921,41,5,37
1922,41,5,37
1923,41,5,38
1924,41,5,36
1925,41,6,37
1926,41,6,37
1927,41,5,37
1928,41,5,37
1929,41,6,36
1930,41,5,37
1931,41,5,37
1932,41,5,37
1933,41,5,37
1934,41,5,36
1935,41,5,37
1936,41,5,36
1937,41,5,36
1938,41,4,37
1939,41,5,36
1940,41,5,35
1941,41,5,36
1942,41,5,36
1943,41,5,37
1944,41,5,36
1945,41,5,37
1946,41,5,36
1947,41,5,37
1948,41,5,35
1949,41,5,36
1950,41,5,36
1951,41,5,37
1952,41,5,37
1953,41,5,36
1954,41,5,36
1955,41,4,36
1956,41,4,37
1957,41,5,37
1958,41,5,36
1959,41,4,36
1960,41,4,36
1961,41,4,37
1962,41,4,36
1963,41,4,36
1964,41,4,36
1965,41,5,36
1966,41,5,36
1967,41,5,36
1968,41,4,36
1969,41,5,37
1970,41,4,36
1971,41,5,35
1972,41,3,36
1973,31,4,36
1974,41,4,36
1975,31,3,36
1976,41,4,35
1977,31,4,35
1978,41,4,36
1979,31,4,35
1980,41,4,35
1981,41,5,35
1982,41,4,36
1983,31,5,36
1984,31,4,35
1985,31,4,35
1986,41,5,35
1987,41,4,36
1988,41,4,35
1989,41,5,36
1990,31,4,36
1991,41,5,36
1992,41,5,35
1993,41,5,35
1994,41,4,36
1995,41,5,36
1996,31,4,36
1997,41,4,36
1998,41,4,36
1999,41,4,35
2000,31,5,36
2001,41,5,36
2002,41,4,36
2003,41,4,35
2004,41,5,35
2005,31,4,36
2006,41,5,35
2007,41,5,36
2008,41,5,37
2009,41,5,36
2010,41,4,35
2011,41,6,36
2012,41,5,37
2013,41,5,37
2014,41,5,36
2015,41,5,37
2016,41,5,36
2017,41,5,36
2018,41,5,36
2019,41,5,36
2020,41,5,37
2021,41,5,36
2022,41,5,37
2023,41,5,36
2024,41,5,37
2025,41,5,37
2026,41,5,37
2027,41,6,36
2028,41,6,37
2029,41,5,36
2030,41,5,36
2031,41,5,36
2032,41,4,36
2033,41,4,36
2034,41,5,36
2035,41,4,36
2036,41,4,36
2037,41,5,36
2038,41,5,35
2039,41,4,35
2040,41,5,36
2041,41,5,37
2042,41,5,35
2043,41,5,36
2044,41,5,35
2045,41,4,36
2046,41,5,36
2047,41,5,36
2048,41,5,35
2049,41,5,36
2050,41,5,36
2051,41,4,35
2052,41,5,36
2053,41,4,36
2054,41,5,36
2055,41,5,36
2056,41,4,36
2057,41,6,35
2058,41,5,36
2059,41,5,36
2060,41,5,36
2061,41,4,36
2062,41,5,36
2063,41,4,37
2064,41,5,36
2065,41,5,36
2066,41,5,36
2067,41,6,35
2068,41,5,36
2069,41,5,36
2070,41,5,36
2071,41,5,36
2072,41,6,37
2073,41,5,37
2074,41,5,36
2075,41,5,37
2076,41,5,37
2077,41,5,36
2078,41,5,36
2079,41,5,36
2080,41,5,36
2081,41,5,37
2082,41,5,37
2083,41,5,35
2084,41,5,36
2085,41,5,35
2086,41,5,36
2087,41,5,35
2088,41,5,37
2089,41,4,37
2090,41,5,36
2091,41,5,36
2092,41,5,35
2093,41,5,36
2094,41,5,37
2095,41,5,36
2096,41,5,36
2097,41,4,36
2098,41,4,36
2099,41,5,37
2100,41,5,37
2101,41,5,36
2102,41,5,37
2103,41,5,37
2104,41,5,36
2105,41,4,36
2106,41,4,36
2107,41,5,36
2108,41,5,37
2109,41,4,36
2110,41,5,37
2111,41,5,36
2112,41,5,37
2113,41,4,36
2114,41,5,36
2115,41,5,37
2116,41,4,37
2117,41,5,37
2118,41,4,37
2119,41,5,36
2120,41,5,36
2121,41,5,37
2122,41,5,37
2123,41,5,36
2124,41,5,37
2125,41,5,37
2126,41,5,37
2127,41,5,37
2128,41,5,37
2129,41,5,37
2130,41,5,37
2131,41,5,37
2132,41,4,37
2133,41,4,36
2134,41,5,36
2135,41,6,36
2136,41,5,36
2137,41,5,36
2138,41,4,37
2139,41,5,36
2140,41,5,36
2141,41,5,37
2142,41,5,36
2143,41,5,37
2144,41,5,36
2145,41,5,36
2146,41,5,36
2147,41,4,37
2148,41,4,35
2149,41,4,37
2150,41,4,36
2151,41,4,36
2152,31,4,36
2153,31,4,36
2154,31,5,35
2155,41,4,35
2156,31,4,35
2157,41,4,34
2158,31,4,36
2159,31,3,36
2160,31,4,36
2161,41,4,35
2162,41,3,35
2163,31,4,36
2164,41,4,35
2165,31,3,35
2166,31,4,35
2167,31,5,35
2168,41,4,35
2169,41,4,34
2170,31,4,35
2171,41,4,36
2172,41,5,35
2173,41,4,36
2174,31,4,36
2175,41,4,35
2176,41,4,35
2177,41,4,36
2178,31,5,36
2179,41,4,36
2180,31,4,35
2181,41,4,36
2182,31,4,35
2183,41,4,35
2184,41,4,36
2185,41,4,35
2186,41,5,35
2187,41,5,35
2188,41,5,35
2189,41,5,35
2190,41,4,36
2191,41,4,35
2192,41,5,36
2193,41,4,37
2194,41,4,35
2195,41,4,35
2196,41,5,35
2197,41,5,35
2198,31,3,37
2199,31,3,37
2200,31,3,36
2201,31,4,35
2202,41,5,35
2203,41,5,35
2204,41,5,35
2205,31,5,35
2206,41,5,35
2207,41,5,35
2208,41,5,35
2209,41,5,36
2210,41,4,35
2211,41,5,36
2212,41,5,34
2213,41,5,35
2214,41,4,39
2215,31,4,38
2216,41,4,38
2217,31,4,36
2218,31,4,35
2219,41,5,36
2220,41,4,36
2221,41,4,36
2222,41,4,35
2223,41,5,35
2224,41,4,35
2225,41,4,35
2226,41,4,36
2227,41,5,35
2228,41,5,34
2229,41,5,34
2230,41,5,34
2231,41,5,35
2232,41,4,34
2233,41,5,34
2234,41,5,35
2235,41,5,35
2236,41,4,35
2237,41,5,35
2238,41,5,35
2239,41,6,35
2240,41,5,36
2241,41,5,35
2242,41,4,35
2243,41,5,36
2244,41,5,35
2245,41,5,35
2246,41,5,36
2247,41,5,35
2248,41,4,34
2249,41,4,35
2250,41,5,36
2251,41,5,34
2252,41,5,34
2253,41,4,35
2254,41,5,35
2255,41,5,36
2256,41,5,36
2257,41,5,36
2258,41,6,35
2259,41,6,36
2260,41,6,36
2261,41,6,36
2262,41,6,36
2263,41,5,36
2264,41,6,35
2265,41,6,36
2266,41,5,36
2267,41,4,37
2268,41,4,35
2269,41,4,34
2270,41,5,35
2271,41,4,34
2272,41,5,36
2273,41,5,34
2274,41,5,35
2275,41,4,35
2276,41,5,35
2277,41,4,36
2278,41,5,34
2279,41,5,35
2280,41,4,35
2281,41,5,35
2282,41,4,36
2283,41,4,34
2284,41,5,34
2285,41,4,35
2286,41,5,34
2287,41,5,34
2288,41,5,34
2289,41,4,35
2290,41,5,34
2291,41,5,34
2292,41,4,35
2293,41,5,34
2294,41,5,35
2295,41,5,35
2296,41,5,34
2297,41,4,34
2298,41,5,35
2299,41,4,34
2300,41,4,35
2301,41,4,35
2302,41,4,34
2303,51,4,36
2304,41,4,34
2305,41,4,35
2306,41,4,34
2307,51,5,35
2308,41,4,34
2309,41,4,34
2310,41,4,35
2311,41,4,34
2312,41,4,35
2313,41,5,35
2314,41,4,34
2315,41,4,34
2316,51,4,35
2317,41,4,34
2318,41,4,35
2319,41,4,33
2320,41,4,33
2321,41,4,34
2322,41,4,34
2323,41,4,36
2324,41,4,36
2325,31,4,36
2326,31,4,35
2327,41,4,36
2328,41,4,35
2329,41,4,35
2330,41,4,36
2331,31,3,35
2332,31,3,36
2333,41,4,35
2334,41,4,35
2335,41,3,36
2336,51,6,36
2337,41,6,36
2338,51,6,36
2339,41,5,36
2340,41,5,37
2341,41,5,37
2342,41,5,37
2343,41,4,37
2344,41,5,37
2345,41,5,37
2346,41,5,37
2347,41,5,37
2348,41,4,37
2349,41,5,37
2350,41,5,38
2351,41,5,37
2352,41,5,38
2353,31,4,37
2354,41,5,37
2355,41,5,38
2356,41,5,37
2357,41,5,37
2358,41,4,37
2359,41,5,37
2360,41,5,37
2361,31,4,38
2362,31,4,37
2363,41,4,38
2364,31,4,38
2365,31,4,38
2366,31,4,37
2367,31,3,37
2368,31,4,37
2369,31,4,37
2370,31,4,38
2371,31,3,38
2372,31,4,38
2373,31,3,38
2374,41,3,38
2375,41,4,37
2376,31,5,38
2377,31,3,37
2378,31,3,37
2379,31,3,37
2380,41,4,38
2381,31,5,38
2382,31,4,37
2383,31,5,38
2384,31,4,37
2385,31,4,38
2386,41,4,37
2387,31,4,38
2388,41,5,38
2389,41,5,38
2390,41,3,36
2391,31,3,35
2392,41,3,36
2393,31,3,36
2394,41,3,37
2395,31,3,37
2396,41,3,36
2397,41,3,37
2398,31,3,36
2399,31,3,36
2400,31,3,36
2401,31,3,36
2402,31,3,37
2403,31,3,35
2404,31,3,36
2405,31,3,36
2406,31,3,36
2407,31,3,35
2408,31,3,36
2409,31,3,36
2410,31,3,36
2411,31,3,36
2412,31,3,36
2413,31,3,35
2414,31,3,35
2415,41,3,36
2416,31,3,37
2417,41,3,36
2418,31,3,36
2419,41,4,37
2420,31,3,36
2421,31,3,37
2422,41,3,36
2423,31,3,35
2424,31,3,36
2425,31,3,35
2426,31,4,36
2427,41,4,37
2428,31,4,35
2429,31,4,36
2430,31,3,36
2431,31,4,36
2432,31,4,36
2433,31,4,36
2434,31,3,37
2435,31,3,36
2436,31,4,37
2437,31,3,37
2438,41,5,36
2439,41,6,35
2440,41,5,36
2441,41,4,35
2442,31,4,35
2443,31,3,35
2444,31,3,36
2445,31,3,35
2446,31,3,35
2447,31,4,34
2448,31,3,35
2449,31,3,34
2450,31,3,34
2451,31,3,35
2452,31,3,35
2453,31,3,35
2454,31,3,35
2455,31,3,35
2456,31,3,34
2457,31,3,35
2458,31,3,35
2459,31,3,35
2460,31,4,36
2461,41,4,35
2462,31,3,34
2463,31,3,35
2464,31,3,34
2465,31,3,35
2466,31,3,35
2467,41,3,36
2468,31,3,35
2469,31,3,35
2470,31,3,36
2471,31,4,36
2472,41,3,36
2473,31,4,36
2474,41,4,36
2475,41,4,35
2476,31,4,36
2477,41,4,35
2478,41,4,36
2479,41,4,36
2480,41,3,36
2481,41,4,36
2482,41,4,35
2483,41,4,35
2484,41,4,35
2485,41,4,35
2486,41,4,36
2487,41,5,35
2488,41,5,35
2489,41,4,36
2490,41,5,35
2491,41,5,35
2492,41,5,35
2493,41,5,35
2494,41,5,35
2495,41,4,35
2496,41,5,35
2497,41,4,35
2498,41,5,35
2499,41,4,34
2500,41,5,34
2501,41,5,35
2502,41,4,35
2503,31,4,35
2504,41,5,35
2505,41,5,35
2506,41,4,35
2507,41,5,35
2508,41,5,35
2509,41,5,35
2510,41,5,35
2511,41,5,35
2512,41,5,35
2513,41,5,35
2514,41,5,35
2515,41,5,35
2516,41,4,35
2517,41,5,34
2518,41,5,36
2519,41,5,34
2520,41,6,36
2521,41,5,35
2522,41,5,35
2523,31,4,35
2524,41,5,36
2525,31,5,35
2526,41,5,35
2527,41,5,35
2528,31,5,36
2529,41,5,35
2530,41,5,35
2531,41,5,36
2532,41,4,36
2533,41,4,36
2534,31,4,35
2535,41,4,36
2536,41,4,35
2537,31,4,35
2538,41,3,35
2539,31,3,35
2540,31,4,36
2541,31,3,36
2542,31,3,35
2543,41,3,36
2544,31,3,36
2545,41,5,35
2546,41,4,35
2547,41,4,35
2548,41,4,35
2549,41,5,35
2550,41,4,35
2551,41,4,35
2552,41,4,35
2553,41,4,35
2554,41,4,36
2555,41,4,35
2556,41,4,35
2557,41,5,35
2558,41,4,35
2559,41,5,35
2560,41,4,34
2561,41,4,35
2562,31,3,35
2563,41,4,34
2564,41,4,34
2565,41,4,34
2566,41,4,34
2567,41,4,35
2568,41,5,35
2569,31,4,34
2570,31,4,35
2571,31,4,34
2572,31,3,35
2573,41,5,37
2574,41,5,37
2575,41,5,37
2576,41,4,36
2577,41,5,35
2578,41,5,35
2579,31,4,35
2580,31,5,35
2581,41,4,34
2582,31,4,35
2583,41,5,36
2584,41,5,35
2585,41,5,36
2586,41,5,36
2587,41,6,36
2588,41,5,35
2589,41,5,36
2590,41,5,35
2591,41,5,34
2592,41,4,36
2593,41,5,35
2594,41,6,36
2595,41,4,35
2596,41,5,35
2597,41,6,36
2598,41,6,37
2599,41,6,36
2600,41,6,36
2601,41,6,36
2602,41,6,36
2603,41,4,34
2604,41,4,37
2605,41,4,36
2606,41,4,36
2607,41,4,34
2608,41,4,35
2609,41,4,35
2610,41,4,35
2611,41,4,35
2612,41,4,36
2613,41,3,35
2614,41,3,35
2615,41,3,35
2616,41,3,35
2617,41,3,35
2618,41,4,36
2619,41,4,36
2620,41,3,35
2621,41,3,35
2622,41,3,36
2623,41,3,36
2624,41,4,36
2625,41,3,35
2626,41,3,35
2627,41,3,35
2628,41,3,35
2629,41,3,35
2630,41,3,36
2631,41,4,36
2632,41,3,35
2633,41,4,36
2634,41,4,36
2635,41,4,36
2636,41,3,36
2637,41,3,36
2638,41,3,35
2639,41,3,35
2640,41,4,36
2641,41,5,36
2642,41,3,35
2643,41,4,36
2644,41,3,36
2645,41,4,36
2646,41,3,35
2647,41,3,36
2648,41,3,35
2649,31,3,36
2650,41,3,36
2651,41,4,35
2652,41,4,35
2653,41,4,36
2654,41,4,35
2655,41,4,35
2656,31,4,35
2657,41,5,36
2658,41,5,35
2659,41,4,36
2660,41,4,35
2661,41,4,35
2662,41,5,35
2663,31,5,35
2664,31,4,37
2665,41,4,36
2666,41,4,35
2667,31,4,35
2668,41,5,36
2669,41,5,35
2670,41,5,35
2671,41,4,35
2672,41,4,35
2673,41,4,35
2674,41,5,35
2675,41,4,35
2676,41,5,35
2677,41,4,35
2678,41,4,36
2679,41,4,36
2680,41,5,36
2681,41,4,37
2682,41,4,36
2683,41,5,36
2684,41,3,36
2685,41,4,36
2686,41,4,36
2687,41,5,36
2688,41,5,36
2689,41,5,36
2690,41,4,36
2691,41,4,36
2692,41,5,36
2693,41,5,36
2694,41,4,36
2695,41,5,36
2696,41,5,36
2697,41,5,36
2698,41,4,37
2699,41,5,36
2700,41,5,36
2701,41,6,37
2702,41,5,37
2703,41,5,37
2704,41,5,35
2705,41,5,36
2706,41,5,36
2707,41,5,36
2708,41,5,36
2709,41,5,37
2710,41,4,36
2711,41,5,36
2712,41,5,36
2713,41,5,35
2714,41,5,36
2715,41,4,37
2716,41,4,36
2717,41,4,36
2718,41,5,37
2719,41,4,36
2720,41,5,35
2721,41,5,37
2722,41,5,36
2723,41,6,35
2724,41,5,36
2725,41,5,37
2726,41,5,36
2727,41,5,36
2728,41,5,36
2729,41,6,36
2730,41,6,37
2731,41,4,36
2732,41,5,35
2733,41,5,36
2734,41,5,36
2735,41,4,37
2736,41,6,36
2737,41,5,36
2738,41,5,37
2739,41,5,36
2740,41,5,36
2741,41,4,37
2742,41,5,34
2743,41,4,35
2744,41,4,34
2745,41,4,35
2746,41,4,34
2747,31,3,35
2748,41,3,35
2749,41,3,35
2750,41,4,35
2751,31,3,35
2752,41,4,35
2753,41,4,35
2754,41,4,35
2755,41,3,35
2756,41,4,35
2757,41,4,35
2758,41,3,35
2759,41,4,34
2760,41,4,34
2761,41,4,35
2762,41,4,35
2763,41,3,36
2764,41,4,35
2765,41,4,35
2766,31,4,34
2767,41,4,35
2768,31,4,35
2769,31,4,35
2770,41,4,35
2771,41,4,35
2772,41,4,36
2773,31,4,35
2774,31,4,35
2775,41,4,35
2776,31,4,35
2777,31,4,35
2778,41,4,35
2779,41,4,34
2780,41,4,36
2781,31,4,35
2782,31,4,35
2783,41,4,35
2784,41,4,35
2785,41,4,36
2786,41,4,35
2787,41,5,36
2788,31,4,36
2789,41,4,35
2790,31,4,35
2791,41,4,36
2792,31,4,35
2793,41,5,35
2794,41,4,35
2795,41,3,36
2796,31,4,36
2797,31,4,35
2798,41,5,35
2799,41,4,35
2800,41,4,35
2801,31,5,35
2802,31,4,35
2803,41,4,35
2804,41,4,35
2805,41,4,36
2806,41,4,35
2807,41,4,35
2808,41,5,35
2809,41,4,35
2810,41,4,35
2811,41,5,35
2812,41,4,36
2813,41,4,35
2814,41,4,35
2815,41,4,36
2816,41,4,35
2817,41,3,35
2818,31,4,36
2819,41,4,36
2820,41,4,35
2821,41,4,35
2822,41,4,35
2823,41,4,34
2824,41,4,35
2825,41,5,36
2826,41,5,35
2827,41,4,35
2828,41,5,35
2829,41,4,35
2830,41,5,36
2831,41,5,37
2832,41,4,35
2833,41,5,36
2834,41,4,36
2835,41,5,36
2836,41,4,36
2837,41,5,36
2838,41,5,35
2839,41,4,36
2840,41,5,36
2841,41,5,36
2842,41,5,36
2843,41,5,36
2844,41,5,37
2845,41,5,36
2846,41,5,36
2847,41,5,36
2848,41,5,36
2849,41,5,36
2850,41,5,35
2851,41,5,37
2852,41,5,36
2853,41,5,36
2854,41,5,36
2855,41,5,36
2856,41,6,36
2857,41,5,37
2858,41,5,36
2859,41,5,36
2860,41,5,36
2861,41,5,36
2862,41,5,36
2863,41,4,36
2864,41,4,36
2865,41,4,36
2866,41,4,37
2867,41,4,36
2868,41,5,36
2869,41,4,36
2870,41,5,36
2871,41,5,37
2872,41,5,37
2873,41,5,37
2874,41,6,36
2875,41,5,36
2876,41,4,34
2877,41,4,35
2878,41,4,35
2879,41,4,36
2880,41,5,36
2881,41,5,36
2882,41,5,35
2883,41,4,36
2884,41,5,35
2885,41,5,36
2886,41,3,36
2887,41,3,35
2888,41,3,35
2889,41,3,35
2890,31,3,36
2891,41,3,35
2892,41,3,36
2893,31,3,36
2894,41,3,36
2895,41,3,36
2896,41,4,36
2897,41,3,37
2898,41,3,37
2899,41,3,36
2900,41,4,37
2901,41,4,37
2902,41,4,37
2903,41,4,36
2904,41,3,37
2905,41,3,37
2906,41,3,36
2907,41,3,37
2908,41,3,36
2909,41,4,37
2910,41,3,37
2911,41,4,37
2912,41,3,37
2913,41,4,36
2914,41,4,35
2915,41,4,36
2916,41,3,37
2917,41,4,36
2918,41,4,36
2919,41,3,37
2920,41,3,36
2921,41,3,36
2922,41,4,37
2923,41,4,36
2924,41,3,36
2925,31,3,35
2926,31,3,36
2927,31,3,36
2928,31,4,36
2929,31,4,36
2930,31,4,36
2931,31,3,36
2932,41,4,36
2933,31,3,35
2934,31,3,35
2935,31,3,36
2936,31,4,35
2937,31,4,36
2938,31,4,37
2939,41,3,35
2940,41,3,35
2941,51,7,37
2942,41,6,36
2943,41,4,36
2944,31,3,37
2945,31,3,36
2946,31,3,36
2947,41,3,36
2948,31,4,36
2949,31,3,36
2950,31,4,37
2951,31,3,37
2952,31,3,37
2953,31,3,36
2954,41,3,37
2955,31,4,34
2956,41,5,36
2957,41,5,35
2958,41,6,34
2959,41,5,36
2960,41,6,36
2961,41,6,36
2962,41,5,35
2963,41,5,35
2964,41,6,36
2965,41,5,36
2966,41,6,35
2967,41,5,35
2968,41,5,35
2969,41,5,35
2970,41,5,36
2971,41,4,36
2972,41,4,35
2973,41,5,35
2974,41,4,35
2975,41,5,36
2976,41,5,35
2977,41,5,35
2978,41,5,35
2979,41,4,35
2980,41,5,35
2981,41,5,36
2982,41,5,36
2983,41,5,35
2984,41,4,36
2985,41,5,35
2986,41,4,35
2987,41,5,35
2988,41,6,35
2989,41,5,36
2990,41,5,36
2991,41,5,35
2992,41,5,36
2993,41,5,36
2994,41,5,35
2995,41,4,35
2996,41,4,36
2997,41,4,36
2998,41,5,35
2999,41,5,35
3000,41,4,34
3001,41,4,35
3002,41,3,35
3003,41,4,35
3004,41,5,35
3005,41,5,34
3006,41,4,36
3007,41,5,35
3008,41,5,34
3009,41,5,34
3010,41,5,35
3011,41,5,35
3012,41,4,34
3013,41,5,35
3014,41,4,34
3015,41,4,34
3016,41,5,33
3017,41,4,35
3018,41,5,34
3019,41,5,36
3020,41,5,34
3021,41,5,35
3022,41,5,35
3023,41,5,35
3024,51,5,35
3025,41,4,35
3026,41,4,35
3027,51,5,35
3028,41,5,34
3029,41,6,35
3030,41,5,35
3031,41,5,35
3032,41,5,35
3033,41,5,34
3034,41,5,35
3035,41,5,35
3036,41,5,34
3037,41,6,35
3038,41,5,35
3039,41,5,35
3040,41,5,35
3041,41,5,35
3042,41,5,35
3043,41,5,35
3044,41,5,35
3045,41,6,35
3046,41,5,35
3047,41,5,34
3048,41,5,35
3049,41,5,34
3050,41,5,34
3051,41,4,35
3052,41,4,35
3053,41,4,35
3054,41,5,34
3055,41,4,35
3056,41,5,35
3057,41,4,34
3058,41,5,34
3059,51,6,35
3060,41,4,35
3061,41,3,36
3062,41,3,35
3063,31,3,35
3064,31,3,35
3065,31,3,36
3066,41,3,35
3067,41,4,35
3068,31,3,36
3069,41,6,36
3070,41,5,36
3071,41,5,36
3072,41,5,36
3073,41,5,35
3074,41,5,36
3075,41,5,36
3076,41,5,35
3077,41,5,35
3078,41,5,36
3079,41,6,35
3080,41,5,36
3081,41,4,36
3082,41,4,35
3083,41,5,35
3084,41,5,36
3085,41,5,35
3086,41,5,35
3087,41,5,35
3088,41,5,35
3089,41,5,35
3090,41,6,35
3091,41,4,35
3092,41,5,34
3093,41,5,35
3094,41,5,35
3095,41,5,34
3096,41,4,34
3097,41,4,36
3098,41,5,34
3099,41,5,34
3100,41,4,35
3101,41,5,35
3102,41,5,35
3103,41,5,35
3104,41,4,35
3105,41,4,36
3106,41,4,35
3107,41,4,35
3108,41,5,34
3109,41,4,34
3110,41,5,34
3111,41,5,34
3112,41,5,34
3113,41,4,35
3114,41,4,34
3115,41,5,35
3116,41,5,34
3117,41,5,34
3118,41,5,35
3119,41,4,35
3120,41,4,35
3121,41,4,35
3122,41,4,33
3123,41,4,34
3124,41,4,34
3125,41,5,34
3126,41,4,35
3127,41,4,35
3128,41,4,35
3129,41,4,35
3130,41,4,34
3131,41,4,35
3132,41,5,34
3133,41,5,36
3134,41,4,35
3135,41,4,34
3136,41,5,34
3137,41,5,37
3138,41,5,36
3139,41,6,36
3140,41,5,36
3141,41,6,35
3142,41,5,35
3143,41,6,36
3144,41,6,35
3145,41,6,36
3146,41,6,36
3147,41,6,36
3148,41,6,35
3149,41,6,35
3150,41,6,37
3151,41,6,35
3152,41,5,35
3153,41,5,36
3154,41,6,36
3155,51,6,35
3156,41,6,36
3157,41,4,34
3158,41,5,34
3159,41,5,35
3160,41,5,35
3161,41,5,35
3162,41,6,34
3163,41,5,35
3164,41,6,35
3165,41,5,36
3166,41,5,36
3167,41,5,35
3168,41,5,35
3169,41,6,36
3170,41,5,36
3171,41,6,34
3172,41,6,35
3173,41,5,35
3174,41,4,34
3175,41,4,35
3176,41,4,35
3177,41,4,35
3178,41,4,35
3179,41,5,35
3180,41,5,35
3181,41,4,35
3182,41,4,35
3183,41,5,35
3184,41,5,35
3185,41,4,35
3186,41,4,35
3187,41,5,35
3188,41,4,37
3189,41,5,36
3190,41,5,36
3191,41,4,36
3192,41,5,35
3193,41,5,36
3194,41,5,35
3195,41,4,37
3196,41,4,36
3197,41,5,35
3198,41,4,35
3199,41,5,35
3200,41,5,36
3201,41,5,36
3202,41,5,37
3203,31,5,37
3204,31,5,37
3205,41,4,34
3206,41,4,34
3207,41,4,33
3208,41,4,33
3209,41,4,33
3210,41,4,34
3211,41,4,33
3212,41,5,33
3213,41,5,33
3214,41,5,33
3215,41,4,33
3216,41,5,33
3217,31,4,34
3218,41,3,36
3219,31,3,36
3220,31,3,35
3221,31,3,35
3222,31,4,36
3223,31,4,35
3224,31,4,35
3225,31,4,35
3226,31,4,35
3227,31,4,34
3228,31,4,34
3229,31,4,35
3230,31,4,34
3231,31,4,34
3232,41,5,34
3233,41,4,33
3234,41,5,33
3235,41,6,33
3236,41,5,34
3237,41,4,33
3238,41,5,33
3239,41,5,33
3240,41,5,33
3241,41,5,34
3242,41,5,33
3243,41,5,33
3244,41,4,33
3245,41,5,33
3246,41,4,34
3247,41,4,34
3248,41,5,33
3249,41,4,33
3250,31,4,35
3251,41,4,36
3252,41,3,35
3253,41,3,35
3254,41,3,35
3255,41,3,35
3256,41,3,34
3257,41,5,33
3258,41,5,33
3259,41,5,33
3260,41,3,33
3261,41,4,33
3262,41,4,33
3263,41,3,34
3264,41,3,32
3265,41,4,33
3266,41,4,33
3267,31,4,34
3268,31,4,34
3269,31,4,34
3270,31,5,33
3271,41,4,33
3272,41,5,33
3273,41,4,33
3274,41,5,33
3275,41,6,33
3276,41,5,33
3277,41,5,33
3278,41,5,33
3279,41,5,33
3280,41,5,32
3281,41,6,34
3282,41,5,33
3283,41,3,35
3284,31,4,35
3285,31,4,35
3286,31,4,34
3287,31,4,34
3288,31,4,35
3289,41,3,34
3290,31,3,35
3291,41,3,35
3292,31,4,35
3293,31,3,34
3294,41,3,35
3295,41,5,32
3296,41,6,33
3297,41,6,32
3298,41,6,34
3299,41,5,33
3300,41,6,33
3301,41,5,33
3302,41,6,33
3303,41,5,33
3304,41,5,34
3305,41,5,33
3306,41,5,33
3307,41,5,33
3308,41,6,33
3309,31,5,35
3310,41,6,35
3311,31,5,35
3312,31,4,35
3313,31,5,34
3314,41,5,33
3315,41,5,33
3316,41,5,33
3317,41,5,32
3318,41,5,33
3319,41,5,32
3320,41,4,33
3321,41,5,33
3322,41,5,33
3323,41,4,33
3324,41,5,33
3325,41,4,33
3326,41,5,33
3327,41,5,33
3328,41,5,33
3329,41,4,33
3330,41,5,32
3331,41,5,33
3332,41,5,33
3333,41,5,33
3334,41,5,33
3335,41,3,33
3336,41,3,34
3337,41,3,34
3338,41,4,34
3339,41,4,32
3340,41,4,33
3341,41,4,33
3342,41,4,33
3343,41,4,33
3344,41,3,32
3345,41,3,34
3346,41,3,33
3347,41,4,32
3348,41,4,32
3349,41,5,34
3350,41,5,33
3351,41,5,33
3352,41,6,36
3353,41,6,35
3354,41,5,34
3355,41,5,35
3356,41,5,36
3357,41,4,37
3358,41,5,37
3359,41,4,37
3360,41,5,37
3361,41,4,36
3362,41,4,37
3363,41,4,37
3364,41,5,37
3365,41,5,37
3366,41,5,37
3367,41,5,36
3368,41,4,37
3369,41,4,37
3370,41,4,37
3371,41,4,37
3372,41,4,37
3373,41,5,37
3374,41,4,38
3375,41,4,37
3376,41,4,36
3377,41,4,37
3378,41,4,37
3379,41,4,36
3380,41,4,36
3381,41,4,37
3382,41,5,37
3383,41,5,37
3384,41,4,38
3385,41,4,37
3386,41,4,37
3387,41,5,37
3388,41,4,35
3389,41,5,37
3390,31,4,37
3391,31,4,37
3392,31,4,38
3393,41,4,36
3394,41,4,37
3395,41,5,37
3396,41,4,36
3397,41,4,38
3398,41,4,37
3399,41,5,37
3400,41,5,37
3401,41,5,37
3402,41,5,37
3403,41,5,38
3404,41,5,37
3405,41,5,37
3406,41,5,37
3407,41,5,37
3408,41,5,36
3409,41,4,37
3410,41,5,37
3411,41,4,38
3412,41,5,37
3413,41,5,37
3414,41,4,37
3415,41,5,37
3416,41,4,37
3417,41,4,37
3418,41,4,37
3419,41,4,38
3420,41,5,36
3421,41,3,37
3422,41,4,37
3423,41,4,37
3424,41,4,37
3425,41,4,37
3426,41,4,37
3427,41,4,37
3428,41,4,37
3429,41,4,37
3430,41,4,38
3431,41,4,37
3432,41,4,37
3433,41,4,37
3434,41,4,38
3435,41,4,37
3436,41,4,37
3437,41,4,37
3438,41,4,36
3439,41,4,37
3440,41,4,37
3441,41,5,36
3442,41,4,36
3443,41,5,37
3444,41,4,37
3445,41,4,37
3446,41,3,37
3447,41,5,37
3448,41,4,37
3449,41,5,37
3450,41,5,36
3451,41,5,37
3452,41,4,37
3453,41,4,37
3454,41,4,37
3455,41,5,36
3456,41,5,36
3457,41,5,37
3458,41,4,37
3459,41,4,37
3460,41,5,37
3461,41,5,37
3462,41,5,37
3463,41,4,37
3464,41,5,36
3465,41,5,37
3466,41,5,38
3467,41,4,37
3468,41,4,38
3469,41,4,37
3470,41,4,37
3471,41,4,38
3472,41,4,37
3473,41,5,37
3474,41,4,37
3475,41,4,38
3476,41,4,37
3477,41,4,37
3478,41,4,38
3479,41,4,37
3480,41,5,37
3481,41,4,37
3482,41,4,38
3483,41,4,37
3484,41,4,38
3485,41,4,36
3486,41,4,36
3487,41,5,37
3488,41,5,37
3489,41,4,36
3490,41,5,37
3491,41,4,37
3492,41,4,37
3493,41,4,36
3494,41,5,37
3495,41,4,37
3496,41,4,36
3497,41,4,37
3498,41,5,38
3499,41,4,38
3500,41,4,38
3501,41,4,37
3502,41,3,36
3503,41,4,38
3504,41,4,37
3505,41,5,36
3506,41,5,37
3507,41,5,37
3508,41,5,36
3509,41,5,36
3510,41,5,36
3511,41,4,36
3512,41,5,37
3513,41,4,37
3514,41,5,37
3515,41,4,36
3516,41,5,38
3517,41,4,37
3518,41,4,36
3519,41,4,37
3520,41,4,37
3521,41,4,36
3522,41,5,37
3523,41,4,37
3524,41,4,37
3525,41,5,37
3526,41,4,37
3527,41,5,37
3528,41,4,37
3529,41,4,37
3530,41,4,37
3531,41,4,36
3532,41,4,36
3533,41,5,37
3534,41,4,37
3535,41,5,37
3536,41,4,37
3537,41,5,36
3538,41,4,37
3539,41,5,37
3540,41,5,37
3541,41,4,37
3542,41,4,37
3543,41,4,37
3544,41,4,37
3545,41,4,37
3546,41,4,37
3547,41,4,37
3548,41,4,37
3549,41,4,37
3550,41,5,37
3551,41,5,36
3552,41,5,37
3553,41,5,37
3554,41,4,37
3555,41,4,37
3556,41,4,37
3557,41,4,37
3558,41,5,38
3559,31,4,37
3560,41,4,37
3561,41,4,37
3562,31,5,37
3563,41,4,37
3564,41,4,37
3565,41,5,37
3566,41,5,37
3567,41,5,38
3568,41,5,37
3569,31,5,36
3570,41,4,37
3571,31,4,38
3572,41,4,37
3573,41,4,37
3574,41,4,37
3575,41,5,37
3576,41,4,38
3577,41,4,38
3578,41,4,38
3579,41,4,38
3580,41,4,37
3581,41,4,37
3582,41,4,36
3583,41,4,37
3584,41,4,36
3585,41,4,37
3586,41,5,37
3587,41,4,37
3588,41,4,37
3589,41,4,38
3590,41,4,37
3591,41,4,38
3592,41,5,37
3593,41,4,38
3594,41,4,36
3595,41,5,37
3596,41,4,37
3597,41,4,36
3598,41,4,37
3599,41,4,37
3600,41,5,37
3601,41,4,37
3602,41,4,38
3603,41,4,38
3604,41,4,37
3605,41,4,37
3606,41,4,37
3607,41,4,38
3608,41,4,37
3609,41,4,37
3610,41,4,37
3611,41,4,37
3612,41,4,37
3613,41,5,37
3614,41,4,37
3615,41,5,37
3616,41,4,38
3617,41,4,38
3618,41,4,37
3619,41,5,38
3620,41,5,38
3621,41,5,38
3622,41,5,38
3623,41,5,38
3624,41,5,37
3625,41,5,37
3626,41,4,38
3627,41,4,37
3628,41,5,38
3629,41,5,37
3630,41,5,39
3631,41,5,36
3632,41,5,37
3633,41,4,37
3634,41,4,38
3635,31,3,35
3636,41,5,38
3637,41,5,37
3638,41,5,37
3639,41,5,37
3640,41,5,37
3641,41,5,37
3642,41,4,37
3643,41,5,38
3644,41,5,38
3645,41,5,38
3646,41,5,38
3647,41,6,38
3648,41,5,38
3649,41,5,38
3650,41,5,37
3651,41,5,38
3652,41,5,37
3653,41,5,39
3654,41,5,37
3655,41,5,39
3656,41,5,34
3657,41,4,34
3658,41,5,34
3659,41,5,36
3660,41,4,35
3661,41,4,36
3662,41,4,36
3663,41,4,36
3664,41,4,36
3665,41,5,36
3666,41,4,36
3667,41,4,35
3668,41,5,36
3669,41,5,37
3670,41,4,36
3671,41,5,36
3672,41,5,36
3673,41,4,37
3674,31,4,36
3675,41,4,37
3676,41,4,37
3677,41,4,37
3678,41,4,37
3679,41,4,36
3680,31,4,37
3681,41,4,37
3682,31,4,37
3683,31,4,36
3684,41,5,36
3685,31,4,36
3686,31,4,37
3687,31,4,35
3688,31,4,34
3689,31,4,37
3690,31,4,36
3691,41,4,35
3692,41,4,36
3693,41,4,36
3694,41,4,35
3695,41,4,36
3696,41,5,36
3697,31,4,36
3698,41,4,35
3699,41,4,34
3700,31,4,35
3701,41,4,36
3702,41,4,35
3703,41,4,35
3704,41,4,35
3705,41,5,35
3706,41,5,36
3707,41,4,37
3708,41,4,37
3709,41,4,36
3710,41,4,37
3711,41,4,35
3712,41,5,37
3713,31,4,36
3714,41,5,36
3715,41,5,36
3716,41,5,36
3717,31,5,36
3718,31,4,36
3719,41,4,36
3720,31,5,37
3721,31,5,36
3722,41,5,37
3723,31,5,37
3724,31,4,36
3725,31,4,36
3726,31,4,36
3727,31,4,37
3728,31,4,37
3729,31,4,36
3730,31,4,37
3731,41,5,37
3732,31,4,36
3733,31,4,37
3734,31,4,36
3735,31,4,37
3736,31,4,37
3737,31,4,37
3738,31,4,37
3739,31,5,37
3740,31,5,38
3741,31,5,37
3742,31,5,37
3743,31,5,37
3744,31,4,37
3745,31,5,37
3746,31,5,37
3747,31,4,37
3748,31,5,37
3749,31,4,36
3750,41,5,37
3751,41,5,36
3752,31,5,37
3753,41,4,37
3754,41,4,36
3755,41,4,37
3756,31,4,37
3757,41,5,36
3758,31,4,37
3759,31,4,37
3760,31,4,37
3761,31,4,38
3762,31,4,37
3763,31,5,36
3764,41,4,36
3765,41,4,36
3766,41,4,36
3767,41,4,36
3768,31,4,37
3769,31,4,37
3770,31,4,37
3771,31,4,37
3772,31,4,37
3773,31,4,37
3774,41,5,37
3775,31,5,36
3776,41,5,37
3777,41,4,37
3778,31,4,37
3779,41,4,37
3780,31,4,37
3781,41,4,37
3782,41,5,37
3783,41,5,37
3784,31,5,37
3785,31,5,37
3786,31,4,37
3787,31,4,38
3788,41,4,37
3789,31,5,38
3790,31,4,37
3791,31,5,36
3792,41,4,37
3793,41,5,37
3794,31,4,38
3795,41,4,37
3796,41,5,37
3797,41,4,37
3798,41,5,36
3799,41,4,37
3800,31,5,37
3801,41,5,37
3802,41,5,37
3803,41,5,37
3804,31,5,37
3805,41,4,37
3806,41,4,37
3807,41,4,37
3808,31,3,36
3809,31,3,37
3810,41,4,37
3811,31,3,36
3812,41,4,36
3813,41,4,36
3814,41,4,37
3815,31,3,36
3816,31,3,36
3817,41,3,36
3818,41,4,36
3819,31,3,36
3820,31,3,37
3821,41,4,36
3822,31,4,36
3823,31,4,36
3824,41,4,37
3825,31,4,36
3826,31,4,36
3827,31,4,37
3828,31,4,37
3829,41,4,36
3830,31,4,36
3831,31,4,35
3832,41,4,36
3833,31,4,36
3834,41,4,37
3835,31,3,37
3836,31,4,37
3837,31,4,37
3838,41,4,37
3839,41,4,37
3840,31,5,37
3841,41,5,37
3842,31,4,36
3843,41,4,37
3844,31,4,36
3845,31,4,37
3846,31,5,37
3847,31,4,36
3848,31,4,37
3849,31,4,37
3850,31,4,37
3851,31,4,37
3852,31,4,37
3853,31,4,37
3854,31,4,37
3855,31,4,37
3856,31,5,37
3857,31,4,37
3858,31,5,37
3859,31,4,37
3860,41,5,37
3861,31,4,38
3862,41,5,37
3863,31,5,37
3864,31,5,36
3865,41,4,36
3866,41,5,37
3867,31,4,37
3868,31,4,37
3869,31,4,37
3870,31,4,37
3871,31,4,36
3872,31,4,37
3873,31,3,37
3874,31,4,36
3875,41,4,36
3876,31,4,36
3877,41,4,36
3878,31,4,37
3879,41,4,37
3880,31,4,36
3881,31,4,35
3882,31,4,36
3883,31,4,36
3884,31,4,36
3885,31,4,36
3886,31,3,36
3887,31,4,36
3888,31,4,36
3889,31,4,36
3890,31,4,36
3891,31,4,37
3892,31,5,37
3893,31,4,36
3894,31,4,37
3895,31,4,36
3896,31,4,37
3897,31,4,36
3898,31,4,37
3899,41,4,37
3900,31,4,36
3901,31,4,38
3902,41,4,37
3903,31,4,37
3904,31,4,37
3905,41,4,36
3906,41,4,36
3907,31,4,37
3908,41,4,36
3909,41,4,36
3910,31,5,37
3911,41,4,36
3912,41,4,36
3913,31,4,36
3914,41,5,37
3915,41,4,36
3916,41,5,36
3917,41,5,38
3918,41,4,38
3919,41,4,36
3920,41,4,37
3921,41,5,37
3922,41,5,37
3923,41,4,37
3924,41,5,37
3925,41,4,37
3926,41,4,37
3927,41,6,35
3928,41,5,36
3929,41,5,35
3930,41,6,35
3931,41,5,36
3932,41,6,34
3933,41,6,34
3934,41,6,34
3935,41,5,35
3936,41,5,35
3937,41,5,35
3938,41,6,34
3939,41,6,35
3940,41,5,35
3941,41,6,35
3942,41,6,35
3943,41,6,34
3944,41,6,35
3945,41,6,35
3946,41,6,35
3947,41,6,35
3948,41,5,35
3949,41,5,35
3950,41,6,35
3951,41,5,35
3952,41,5,35
3953,41,5,35
3954,41,5,36
3955,41,6,35
3956,41,5,36
3957,41,5,36
3958,41,5,36
3959,41,5,36
3960,41,6,34
3961,41,6,34
3962,41,5,35
3963,41,6,36
3964,41,5,36
3965,41,5,35
3966,41,6,35
3967,41,6,35
3968,41,5,36
3969,41,5,34
3970,41,6,36
3971,41,5,35
3972,41,6,36
3973,41,5,35
3974,41,5,35
3975,41,5,35
3976,41,4,35
3977,41,5,34
3978,41,5,34
3979,41,6,34
3980,41,7,34
3981,41,5,35
3982,41,5,34
3983,41,5,34
3984,41,5,35
3985,41,5,34
3986,41,5,34
3987,41,5,34
3988,41,5,35
3989,41,5,36
3990,41,5,35
3991,41,4,36
3992,41,5,37
3993,41,5,35
3994,41,5,35
3995,41,4,36
3996,41,4,36
3997,41,6,35
3998,41,5,36
3999,41,5,36
4000,41,5,37
4001,41,5,36
4002,41,5,36
4003,41,5,36
4004,41,4,37
4005,41,5,36
4006,41,4,37
4007,31,5,36
4008,41,4,37
4009,41,4,36
4010,41,4,35
4011,41,5,36
4012,41,4,35
4013,41,4,37
4014,41,4,37
4015,41,5,36
4016,41,4,36
4017,41,4,36
4018,41,4,37
4019,41,4,37
4020,41,5,36
4021,41,5,35
4022,41,5,37
4023,41,5,34
4024,41,5,35
4025,41,6,35
4026,41,6,34
4027,41,6,34
4028,41,5,35
4029,41,6,34
4030,41,6,35
4031,41,6,34
4032,41,5,35
4033,41,6,35
4034,41,6,34
4035,41,6,33
4036,41,6,33
4037,41,6,34
4038,41,6,33
4039,41,5,34
4040,41,5,34
4041,41,5,34
4042,41,5,34
4043,41,5,35
4044,41,5,35
4045,41,5,35
4046,41,5,34
4047,41,5,34
4048,41,5,35
4049,31,4,35
4050,41,5,35
4051,41,5,36
4052,41,4,35
4053,41,4,36
4054,41,5,35
4055,41,5,35
4056,41,4,34
4057,41,5,35
4058,41,5,35
4059,41,4,35
4060,41,4,35
4061,41,4,35
4062,41,4,36
4063,41,5,36
4064,41,5,35
4065,41,4,35
4066,41,5,35
4067,41,4,36
4068,41,5,36
4069,41,5,35
4070,41,4,34
4071,41,4,35
4072,41,4,35
4073,41,5,35
4074,41,4,36
4075,41,5,35
4076,41,5,35
4077,41,5,35
4078,41,5,35
4079,41,4,35
4080,41,5,34
4081,41,6,36
4082,41,5,35
4083,41,4,36
4084,41,4,35
4085,41,4,35
4086,41,5,35
4087,41,5,36
4088,41,5,35
4089,41,5,34
4090,41,5,35
4091,41,5,35
4092,41,4,36
4093,41,5,35
4094,41,5,35
4095,41,5,36
4096,41,5,35
4097,41,4,36
4098,41,5,35
4099,41,5,35
4100,41,5,35
4101,41,5,35
4102,41,5,36
4103,41,5,36
4104,41,4,35
4105,41,5,36
4106,41,4,36
4107,41,4,35
4108,41,4,36
4109,41,4,36
4110,41,6,35
4111,41,5,35
4112,41,5,35
4113,41,5,34
4114,41,6,35
4115,41,5,35
4116,41,5,35
4117,41,5,35
4118,41,5,36
4119,41,4,36
4120,41,4,36
4121,41,5,36
4122,41,5,35
4123,41,5,35
4124,41,5,35
4125,41,5,35
4126,41,6,36
4127,41,6,36
4128,41,5,35
4129,41,6,36
4130,41,5,36
4131,41,6,36
4132,41,5,36
4133,41,6,36
4134,41,6,36
4135,41,6,36
4136,41,6,35
4137,41,6,36
4138,41,6,34
4139,41,6,36
4140,41,6,34
4141,41,4,35
4142,41,4,35
4143,41,4,36
4144,41,4,37
4145,41,5,37
4146,41,4,37
4147,41,5,37
4148,41,4,37
4149,41,5,37
4150,41,5,37
4151,41,4,36
4152,41,4,36
4153,41,4,36
4154,41,4,37
4155,41,5,37
4156,41,5,37
4157,41,4,37
4158,41,5,37
4159,41,5,36
4160,41,5,35
4161,41,5,35
4162,41,4,35
4163,41,4,35
4164,41,5,35
4165,41,4,35
4166,41,4,37
4167,41,4,36
4168,41,5,36
4169,41,4,36
4170,41,5,36
4171,41,5,36
4172,41,5,36
4173,41,5,36
4174,41,5,37
4175,41,4,35
4176,41,5,36
4177,41,4,36
4178,41,5,36
4179,41,5,36
4180,41,5,36
4181,41,5,37
4182,41,4,36
4183,41,5,36
4184,41,5,35
4185,41,6,36
4186,41,5,36
4187,41,6,34
4188,41,6,35
4189,41,6,36
4190,41,5,35
4191,41,5,37
4192,41,5,36
4193,41,5,35
4194,41,5,36
4195,41,5,36
4196,51,5,34
4197,51,5,35
4198,41,5,35
4199,41,5,36
4200,41,6,36
4201,41,5,36
4202,41,6,36
4203,41,6,37
4204,41,6,36
4205,41,6,36
4206,41,5,36
4207,41,6,36
4208,41,6,36
4209,41,6,36
4210,41,6,36
4211,41,6,36
4212,41,6,37
4213,41,6,35
4214,41,6,36
4215,41,6,37
4216,41,4,37
4217,41,5,36
4218,41,4,37
4219,41,5,35
4220,41,4,35
4221,41,5,36
4222,41,4,35
4223,41,5,34
4224,41,6,36
4225,41,5,35
4226,41,6,35
4227,41,6,36
4228,41,4,35
4229,41,5,35
4230,41,6,35
4231,41,5,36
4232,41,4,36
4233,41,6,34
4234,41,5,35
4235,41,5,36
4236,41,5,36
4237,41,5,36
4238,41,5,36
4239,41,4,36
4240,41,4,35
4241,41,4,35
4242,41,5,35
4243,41,4,36
4244,41,5,35
4245,41,4,36
4246,41,5,35
4247,41,5,36
4248,41,5,35
4249,41,5,35
4250,41,5,34
4251,41,5,35
4252,41,5,36
4253,41,6,35
4254,41,5,36
4255,41,6,36
4256,41,6,37
4257,41,5,37
4258,41,6,36
4259,41,5,36
4260,41,5,36
4261,41,5,37
4262,41,5,37
4263,41,5,36
4264,41,4,36
4265,41,5,36
4266,41,5,34
4267,41,5,35
4268,41,5,35
4269,41,5,36
4270,41,5,36
4271,41,5,35
4272,41,5,35
4273,41,6,34
4274,41,5,35
4275,41,5,34
4276,41,5,35
4277,41,5,35
4278,41,5,35
4279,41,5,33
4280,41,5,35
4281,41,6,35
4282,41,6,35
4283,41,5,35
4284,41,6,35
4285,41,5,35
4286,41,5,35
4287,41,5,35
4288,41,5,36
4289,41,5,35
4290,41,5,35
4291,41,5,35
4292,41,5,35
4293,41,5,36
4294,41,4,35
4295,41,5,35
4296,41,4,35
4297,41,5,35
4298,41,5,34
4299,41,5,36
4300,41,5,36
4301,41,5,35
4302,41,6,36
4303,41,6,36
4304,41,6,36
4305,41,6,35
4306,41,5,36
4307,41,6,36
4308,41,5,37
4309,41,6,35
4310,41,5,35
4311,41,6,35
4312,41,6,36
4313,41,6,36
4314,41,5,36
4315,41,6,36
4316,41,6,36
4317,41,6,36
4318,41,5,35
4319,41,6,35
4320,41,6,36
4321,41,6,35
4322,51,5,36
4323,41,6,35
4324,41,6,36
4325,41,5,36
4326,41,5,35
4327,41,4,34
4328,41,4,35
4329,41,5,37
4330,41,5,37
4331,41,5,37
4332,31,5,38
4333,31,5,38
4334,31,5,37
4335,31,4,36
4336,41,5,36
4337,41,4,37
4338,41,5,37
4339,41,4,37
4340,41,4,37
4341,41,5,38
4342,41,4,37
4343,31,4,37
4344,41,4,37
4345,31,5,37
4346,41,5,38
4347,41,5,37
4348,41,5,37
4349,41,4,37
4350,31,5,37
4351,31,5,37
4352,31,5,37
4353,41,5,37
4354,31,5,38
4355,41,5,37
4356,31,5,37
4357,41,5,37
4358,31,5,37
4359,31,4,38
4360,31,5,37
4361,31,3,36
4362,31,3,35
4363,31,4,37
4364,41,5,37
4365,41,4,37
4366,41,4,37
4367,41,4,37
4368,41,3,37
4369,41,4,37
4370,31,4,37
4371,31,5,37
4372,31,4,37
4373,41,4,37
4374,41,4,38
4375,31,4,37
4376,41,4,37
4377,31,4,36
4378,31,4,37
4379,31,4,37
4380,41,5,37
4381,31,5,37
4382,31,4,37
4383,31,4,37
4384,31,3,37
4385,31,4,37
4386,31,4,37
4387,31,4,37
4388,31,4,37
4389,31,4,38
4390,31,4,37
4391,31,4,37
4392,31,4,36
4393,31,4,37
4394,31,5,37
4395,31,4,36
4396,41,4,37
4397,41,5,38
4398,31,4,36
4399,31,4,37
4400,41,4,36
4401,41,4,37
4402,31,4,37
4403,31,4,36
4404,31,4,37
4405,31,3,36
4406,41,4,37
4407,31,3,37
4408,31,4,36
4409,31,4,37
4410,31,4,36
4411,41,4,37
4412,31,4,37
4413,41,5,37
4414,41,4,37
4415,41,4,37
4416,31,4,36
4417,31,4,36
4418,41,4,36
4419,41,5,37
4420,41,4,36
4421,41,4,37
4422,41,4,36
4423,31,4,37
4424,41,5,37
4425,41,4,37
4426,31,5,37
4427,41,5,38
4428,31,5,37
4429,41,5,37
4430,41,5,37
4431,31,4,37
4432,31,4,37
4433,41,4,37
4434,31,4,38
4435,41,4,38
4436,31,5,37
4437,31,5,38
4438,31,4,37
4439,31,4,37
4440,31,4,37
4441,31,4,37
4442,31,4,38
4443,31,3,35
4444,31,5,37
4445,31,4,37
4446,31,4,38
4447,31,4,37
4448,31,4,36
4449,31,4,37
4450,31,4,38
4451,31,4,37
4452,31,4,37
4453,31,4,37
4454,31,4,37
4455,31,4,37
4456,31,4,37
4457,31,4,38
4458,31,4,38
4459,31,4,37
4460,41,4,37
4461,31,4,37
4462,41,5,37
4463,41,4,35
4464,41,4,35
4465,41,5,35
4466,41,4,34
4467,41,5,36
4468,41,6,35
4469,41,6,35
4470,41,5,35
4471,41,5,37
4472,41,6,35
4473,41,4,36
4474,41,5,35
4475,41,5,35
4476,41,5,36
4477,41,5,35
4478,41,4,36
4479,41,6,35
4480,41,5,35
4481,41,5,35
4482,41,5,34
4483,41,4,36
4484,41,5,36
4485,41,5,36
4486,41,5,36
4487,41,5,36
4488,41,4,36
4489,41,5,34
4490,41,4,35
4491,41,5,35
4492,41,4,34
4493,41,4,34
4494,41,5,35
4495,41,5,35
4496,41,4,34
4497,41,5,35
4498,31,5,35
4499,41,5,35
4500,41,5,35
4501,41,5,34
4502,41,5,34
4503,41,5,35
4504,41,5,35
4505,41,5,35
4506,31,5,36
4507,41,5,35
4508,41,5,35
4509,41,5,34
4510,41,5,35
4511,41,5,34
4512,41,5,35
4513,41,5,35
4514,41,5,35
4515,41,5,35
4516,41,6,36
4517,41,6,34
4518,41,6,36
4519,41,6,36
4520,51,5,36
4521,41,6,35
4522,41,6,36
4523,51,6,35
4524,41,6,36
4525,41,5,35
4526,41,6,36
4527,41,7,34
4528,41,6,35
4529,41,5,35
4530,41,6,35
4531,41,6,35
4532,41,5,35
4533,41,5,35
4534,41,6,35
4535,41,6,35
4536,41,6,35
4537,41,7,35
4538,41,6,35
4539,41,6,35
4540,41,5,36
4541,41,6,36
4542,41,5,36
4543,41,5,35
4544,41,5,35
4545,41,5,35
4546,41,4,35
4547,41,5,35
4548,41,5,35
4549,41,5,35
4550,41,5,35
4551,41,5,35
4552,41,4,35
4553,41,4,35
4554,41,5,35
4555,41,5,35
4556,41,5,36
4557,41,5,35
4558,41,5,35
4559,41,5,35
4560,41,5,35
4561,41,5,35
4562,41,5,35
4563,41,5,35
4564,41,5,35
4565,41,6,36
4566,41,5,35
4567,41,5,35
4568,41,6,35
4569,41,5,34
4570,41,5,34
4571,41,5,35
4572,51,6,35
4573,41,5,34
4574,41,6,35
4575,41,5,35
4576,41,5,34
4577,41,6,36
4578,41,5,35
4579,41,6,35
4580,41,6,37
4581,41,5,35
4582,41,6,34
4583,41,6,36
4584,41,6,36
4585,51,6,35
4586,41,6,36
4587,41,6,35
4588,41,5,35
4589,41,5,35
4590,41,5,37
4591,51,4,37
4592,41,5,36
4593,41,4,35
4594,41,4,36
4595,41,4,35
4596,41,4,34
4597,41,4,35
4598,41,4,35
4599,41,4,35
4600,41,4,35
4601,41,4,34
4602,41,4,35
4603,41,4,35
4604,41,4,35
4605,41,5,34
4606,41,4,34
4607,41,5,34
4608,41,4,34
4609,41,4,35
4610,41,4,35
4611,41,4,34
4612,41,4,35
4613,41,4,34
4614,41,4,33
4615,41,4,33
4616,41,4,34
4617,41,5,34
4618,41,4,34
4619,41,5,34
4620,41,4,34
4621,41,6,34
4622,41,5,35
4623,41,4,35
4624,41,5,34
4625,41,5,34
4626,41,5,35
4627,41,5,34
4628,41,5,34
4629,41,5,34
4630,41,5,35
4631,41,5,34
4632,41,4,34
4633,41,5,34
4634,41,5,34
4635,41,5,35
4636,41,5,33
4637,41,4,34
4638,41,5,35
4639,41,5,35
4640,41,5,35
4641,41,5,34
4642,41,5,34
4643,41,4,33
4644,41,4,34
4645,41,5,35
4646,41,4,34
4647,41,5,35
4648,41,4,34
4649,41,5,33
4650,41,4,33
4651,41,4,34
4652,41,4,34
4653,31,3,35
4654,31,4,35
4655,41,4,34
4656,41,4,34
4657,41,4,34
4658,41,4,35
4659,41,4,34
4660,41,5,34
4661,41,4,35
4662,41,4,34
4663,41,5,34
4664,41,5,34
4665,41,5,35
4666,41,4,34
4667,41,4,33
4668,41,5,34
4669,31,4,36
4670,31,4,35
4671,31,4,36
4672,41,5,35
4673,31,4,35
4674,31,4,34
4675,31,4,35
4676,31,4,35
4677,31,4,36
4678,31,4,35
4679,41,3,35
4680,31,4,35
4681,31,3,35
4682,31,4,35
4683,31,4,36
4684,41,4,35
4685,31,4,35
4686,31,4,36
4687,31,4,35
4688,31,4,35
4689,31,4,35
4690,31,4,35
4691,41,4,34
4692,31,4,36
4693,41,4,35
4694,41,4,36
4695,41,3,34
4696,41,4,34
4697,41,3,35
4698,41,4,35
4699,41,4,34
4700,41,4,34
4701,41,4,35
4702,41,4,35
4703,41,3,35
4704,31,4,36
4705,41,5,36
4706,31,4,34
4707,41,4,35
4708,41,4,35
4709,41,3,34
4710,41,4,35
4711,41,4,35
4712,41,3,35
4713,41,4,35
4714,41,6,35
4715,41,6,35
4716,41,6,36
4717,41,6,36
4718,41,4,35
4719,41,5,36
4720,41,5,35
4721,51,6,36
4722,41,6,36
4723,41,5,36
4724,41,5,35
4725,41,4,35
4726,41,4,35
4727,41,5,36
4728,41,4,35
4729,31,3,35
4730,41,4,35
4731,31,3,36
4732,31,4,36
4733,41,4,34
4734,31,3,35
4735,31,4,35
4736,31,3,34
4737,31,3,34
4738,31,3,35
4739,41,3,34
4740,41,3,34
4741,41,3,36
4742,41,3,35
4743,41,3,35
4744,31,3,35
4745,31,4,35
4746,41,3,36
4747,41,4,34
4748,41,3,36
4749,41,4,35
4750,41,4,35
4751,41,4,36
4752,41,3,35
4753,41,3,35
4754,41,3,35
4755,41,3,36
4756,41,4,35
4757,41,3,35
4758,41,3,36
4759,41,3,36
4760,41,4,36
4761,41,4,35
4762,41,4,36
4763,41,3,35
4764,41,3,36
4765,41,3,36
4766,41,4,35
4767,41,4,37
4768,41,4,35
4769,41,4,35
4770,41,3,35
4771,41,3,35
4772,41,3,35
4773,41,3,35
4774,41,3,35
4775,41,3,35
4776,41,4,35
4777,41,4,35
4778,41,4,36
4779,31,3,37
4780,31,4,34
4781,31,3,35
4782,31,4,34
4783,31,4,36
4784,31,4,36
4785,31,3,35
4786,31,4,35
4787,31,3,35
4788,31,4,36
4789,31,3,35
4790,31,4,35
4791,41,4,34
4792,41,4,34
4793,41,4,34
4794,41,5,36
4795,41,4,33
4796,41,4,35
4797,41,5,34
4798,41,5,34
4799,41,4,34
4800,41,4,34
4801,41,4,34
4802,41,4,32
4803,41,4,34
4804,41,4,34
4805,41,4,34
4806,41,4,34
4807,41,5,34
4808,41,4,35
4809,41,4,34
4810,41,4,33
4811,41,4,33
4812,41,4,33
4813,41,5,34
4814,41,5,35
4815,41,4,34
4816,41,4,34
4817,41,5,34
4818,41,4,34
4819,41,5,34
4820,41,4,34
4821,41,4,34
4822,41,5,34
4823,41,4,34
4824,41,5,34
4825,41,4,34
4826,41,4,34
4827,41,4,33
4828,41,4,34
4829,41,4,33
4830,41,5,33
4831,41,5,34
4832,41,5,36
4833,41,5,37
4834,41,5,37
4835,41,5,37
4836,41,5,36
4837,41,5,37
4838,41,5,35
4839,41,5,36
4840,41,5,36
4841,41,5,36
4842,41,5,35
4843,41,5,36
4844,41,5,36
4845,41,5,36
4846,41,4,37
4847,41,5,36
4848,41,4,36
4849,41,4,36
4850,41,5,36
4851,41,5,36
4852,41,5,36
4853,41,5,35
4854,41,5,36
4855,41,5,35
4856,41,6,35
4857,41,6,35
4858,41,5,36
4859,41,5,37
4860,41,5,37
4861,41,5,38
4862,41,4,36
4863,41,4,37
4864,41,4,37
4865,41,5,36
4866,41,4,36
4867,41,4,37
4868,41,4,38
4869,41,4,36
4870,41,4,36
4871,41,4,36
4872,41,4,36
4873,41,4,35
4874,41,5,37
4875,41,5,36
4876,41,4,38
4877,41,5,37
4878,41,5,38
4879,41,4,38
4880,41,5,37
4881,41,4,36
4882,41,5,37
4883,41,4,36
4884,41,5,37
4885,41,4,37
4886,51,4,36
4887,41,5,37
4888,41,4,36
4889,41,4,36
4890,41,5,36
4891,41,5,37
4892,41,5,38
4893,41,4,37
4894,41,5,37
4895,41,4,37
4896,41,5,37
4897,51,4,37
4898,51,5,37
4899,41,5,37
4900,41,4,36
4901,41,5,37
4902,41,5,37
4903,41,4,37
4904,41,4,37
4905,41,4,37
4906,41,4,37
4907,41,4,36
4908,41,4,36
4909,41,4,37
4910,41,4,36
4911,41,4,37
4912,41,4,37
4913,41,5,36
4914,41,5,36
4915,41,5,36
4916,41,5,36
4917,41,5,36
4918,51,5,35
4919,41,6,35
4920,41,5,35
4921,41,5,35
4922,51,4,35
4923,41,5,36
4924,51,4,35
4925,41,5,34
4926,41,4,35
4927,41,5,36
4928,31,3,35
4929,31,2,35
4930,31,2,34
4931,31,2,35
4932,31,2,35
4933,31,3,36
4934,31,2,34
4935,31,1,36
4936,21,2,34
4937,31,2,35
4938,21,2,35
4939,31,2,34
4940,31,2,34
4941,31,2,35
4942,31,2,34
4943,31,2,35
4944,31,2,34
4945,31,2,35
4946,31,2,35
4947,31,2,35
4948,31,2,35
4949,31,2,36
4950,31,2,35
4951,31,2,36
4952,31,2,35
4953,31,2,35
4954,31,2,36
4955,31,2,35
4956,31,2,36
4957,31,2,35
4958,31,2,35
4959,31,2,35
4960,31,2,35
4961,31,3,35
4962,31,2,35
4963,31,2,34
4964,31,2,36
4965,41,3,34
4966,41,3,35
4967,31,3,36
4968,31,3,36
4969,31,3,35
4970,31,2,36
4971,31,2,35
4972,31,2,35
4973,31,2,35
4974,31,2,36
4975,31,2,36
4976,31,2,36
4977,31,3,36
4978,31,3,35
4979,31,3,37
4980,31,2,35
4981,31,2,35
4982,31,3,35
4983,31,3,35
4984,41,3,35
4985,31,3,35
4986,31,2,35
4987,31,3,35
4988,31,3,36
4989,31,3,35
4990,41,3,36
4991,31,3,35
4992,31,2,35
4993,31,2,36
4994,31,3,34
4995,41,3,35
4996,31,3,35
4997,31,3,35
4998,31,3,36
4999,31,3,35
5000,31,2,36
5001,31,3,35
5002,31,2,34
5003,31,3,35
5004,31,3,35
5005,31,2,36
5006,31,2,35
5007,31,3,36
5008,31,2,35
5009,31,3,36
5010,31,3,36
5011,31,3,36
5012,31,2,36
5013,31,2,36
5014,31,3,35
5015,31,2,35
5016,31,2,36
5017,31,2,35
5018,31,2,35
5019,31,2,36
5020,31,2,35
5021,31,2,36
5022,31,3,35
5023,31,2,35
5024,31,3,35
5025,31,3,36
5026,31,3,36
5027,31,2,34
5028,41,4,36
5029,31,4,36
5030,31,3,36
5031,43,4,37
5032,43,5,36
5033,43,5,36
5034,43,5,36
5035,43,4,36
5036,43,4,37
5037,43,3,36
5038,43,4,36
5039,43,3,36
5040,43,4,35
5041,43,4,37
5042,41,4,36
5043,31,4,36
5044,31,4,37
5045,31,3,37
5046,41,4,36
5047,41,3,36
5048,41,3,36
5049,31,4,36
5050,31,4,36
5051,31,3,36
5052,31,3,35
5053,43,4,36
5054,43,4,36
5055,43,4,36
5056,43,4,36
5057,43,4,35
5058,43,3,36
5059,43,4,35
5060,43,4,36
5061,43,4,36
5062,43,3,35
5063,43,4,36
5064,43,4,37
5065,43,4,37
5066,43,4,36
5067,43,4,36
5068,43,4,36
5069,31,4,37
5070,41,4,36
5071,41,5,36
5072,41,4,37
5073,31,4,37
5074,31,4,36
5075,31,4,36
5076,31,4,37
5077,31,3,35
5078,31,4,36
5079,31,4,36
5080,41,4,36
5081,31,4,36
5082,31,4,35
5083,31,5,37
5084,41,5,36
5085,31,4,37
5086,41,4,37
5087,41,5,35
5088,41,4,35
5089,41,4,35
5090,41,5,36
5091,41,5,36
5092,41,4,37
5093,41,4,36
5094,41,5,37
5095,41,4,36
5096,31,4,37
5097,41,4,37
5098,41,4,36
5099,41,5,36
5100,31,4,36
5101,31,4,35
5102,31,4,36
5103,31,4,37
5104,41,4,35
5105,31,4,36
5106,41,4,36
5107,31,4,36
5108,41,4,35
5109,31,4,36
5110,31,4,36
5111,31,4,37
5112,41,5,37
5113,31,4,36
5114,31,4,36
5115,31,4,36
5116,31,4,36
5117,31,4,37
5118,31,3,37
5119,31,4,36
5120,41,4,35
5121,41,4,36
5122,41,5,36
5123,41,4,35
5124,41,4,36
5125,41,4,36
5126,41,4,35
5127,41,4,36
5128,41,5,36
5129,41,4,35
5130,41,4,35
5131,31,4,35
5132,31,3,35
5133,31,4,36
5134,31,4,36
5135,31,4,36
5136,31,4,36
5137,31,4,36
5138,31,4,37
5139,41,4,37
5140,31,4,36
5141,31,4,36
5142,31,3,37
5143,31,4,37
5144,41,4,36
5145,31,5,37
5146,31,4,37
5147,41,4,36
5148,41,3,35
5149,41,4,36
5150,41,4,37
5151,31,4,36
5152,31,4,36
5153,31,4,36
5154,31,4,35
5155,31,4,36
5156,31,4,35
5157,41,4,36
5158,41,4,34
5159,41,5,36
5160,41,4,34
5161,41,3,35
5162,41,5,36
5163,41,4,35
5164,41,5,36
5165,41,4,35
5166,41,6,36
5167,41,4,35
5168,41,4,36
5169,41,4,35
5170,41,4,35
5171,41,4,35
5172,41,4,35
5173,41,4,35
5174,41,4,34
5175,41,6,35
5176,41,6,36
5177,41,6,35
5178,41,6,36
5179,41,4,36
5180,41,5,35
5181,41,4,34
5182,41,4,36
5183,41,4,36
5184,41,4,35
5185,31,3,35
5186,41,5,37
5187,41,4,36
5188,41,4,37
5189,41,4,36
5190,41,5,37
5191,41,4,35
5192,31,3,35
5193,41,4,34
5194,41,4,34
5195,41,4,35
5196,41,5,35
5197,41,4,35
5198,41,4,35
5199,41,4,34
5200,41,4,35
5201,41,4,35
5202,41,4,35
5203,41,4,34
5204,41,4,34
5205,41,4,35
5206,41,5,35
5207,41,4,35
5208,41,4,35
5209,41,4,35
5210,41,5,36
5211,41,3,35
5212,41,4,35
5213,41,3,35
5214,41,4,36
5215,41,4,35
5216,41,4,34
5217,41,4,34
5218,41,4,35
5219,41,4,36
5220,41,6,36
5221,31,2,33
5222,41,5,33
5223,31,3,35
5224,31,4,33
5225,31,4,35
5226,31,4,35
5227,31,3,35
5228,31,4,33
5229,31,3,36
5230,31,3,36
5231,31,3,35
5232,31,3,36
5233,31,3,36
5234,31,3,35
5235,31,3,36
5236,31,3,35
5237,31,4,34
5238,31,3,34
5239,31,3,36
5240,31,2,34
5241,31,2,33
5242,31,3,35
5243,31,3,34
5244,31,3,33
5245,31,3,34
5246,41,2,34
5247,31,2,34
5248,31,2,33
5249,41,4,35
5250,31,3,35
5251,31,4,34
5252,31,3,35
5253,31,4,36
5254,31,4,36
5255,31,2,33
5256,31,2,33
5257,31,2,32
5258,31,2,33
5259,31,2,33
5260,31,3,33
5261,31,2,33
5262,31,2,33
5263,31,2,32
5264,31,2,34
5265,31,3,35
5266,31,2,34
5267,31,2,34
5268,31,3,34
5269,31,2,34
5270,41,4,33
5271,31,3,35
5272,31,2,35
5273,31,3,34
5274,31,2,34
5275,31,3,34
5276,31,2,34
5277,41,6,35
5278,41,4,34
5279,31,3,35
5280,31,3,34
5281,31,3,34
5282,41,3,34
5283,41,3,34
5284,31,2,35
5285,31,2,34
5286,31,2,33
5287,31,2,34
5288,31,2,33
5289,31,2,34
5290,31,2,33
5291,31,3,33
5292,31,2,34
5293,31,2,34
5294,31,2,34
5295,31,2,33
5296,31,2,34
5297,31,2,34
5298,41,4,34
5299,31,4,37
5300,31,5,36
5301,31,5,36
5302,41,4,35
5303,31,4,36
5304,41,6,36
5305,41,6,35
5306,41,6,35
5307,41,5,35
5308,41,5,36
5309,31,5,36
5310,31,5,36
5311,31,4,36
5312,31,4,36
5313,31,4,36
5314,31,5,36
5315,31,4,36
5316,41,5,36
5317,31,4,35
5318,31,4,35
5319,31,4,36
5320,41,5,35
5321,41,6,36
5322,41,5,36
5323,41,5,36
5324,41,5,36
5325,41,5,35
5326,41,5,36
5327,31,3,35
5328,41,5,37
5329,41,5,36
5330,41,5,36
5331,41,5,36
5332,41,5,36
5333,41,5,37
5334,41,5,36
5335,41,5,36
5336,41,5,36
5337,41,5,36
5338,41,5,36
5339,41,6,37
5340,41,5,36
5341,41,5,37
5342,41,5,36
5343,41,5,36
5344,41,5,36
5345,41,5,36
5346,41,5,36
5347,41,5,36
5348,41,5,36
5349,41,4,36
5350,31,3,36
5351,31,4,36
5352,41,4,35
5353,41,5,36
5354,41,5,35
5355,41,5,35
5356,41,5,35
5357,41,5,35
5358,41,5,36
5359,41,5,36
5360,41,5,36
5361,31,4,36
5362,31,4,36
5363,31,4,37
5364,31,4,36
5365,31,4,36
5366,31,3,36
5367,31,4,36
5368,31,4,36
5369,31,4,36
5370,31,4,36
5371,41,5,35
5372,41,5,36
5373,41,5,36
5374,41,5,36
5375,41,5,36
5376,41,5,36
5377,41,5,36
5378,41,5,36
5379,41,5,36
5380,41,5,36
5381,31,4,36
5382,41,5,35
5383,31,4,37
5384,41,5,36
5385,31,4,37
5386,41,5,36
5387,41,5,36
5388,31,4,36
5389,41,5,36
5390,41,5,35
5391,41,5,35
5392,31,4,37
5393,41,5,36
5394,41,5,36
5395,41,5,36
5396,41,5,36
5397,41,5,36
5398,41,5,36
5399,41,5,36
5400,41,5,37
5401,41,5,37
5402,31,4,36
5403,31,5,37
5404,31,4,36
5405,41,5,36
5406,31,5,37
5407,41,5,36
5408,41,4,36
5409,41,5,35
5410,41,5,35
5411,31,4,36
5412,41,3,33
5413,41,4,34
5414,31,4,36
5415,31,3,35
5416,31,4,37
5417,41,5,36
5418,41,5,36
5419,41,5,36
5420,41,5,36
5421,41,5,36
5422,41,6,36
5423,41,6,35
5424,41,6,35
5425,41,5,36
5426,41,6,36
5427,41,6,36
5428,41,5,36
5429,41,6,37
5430,41,6,36
5431,41,6,36
5432,41,5,36
5433,41,6,35
5434,41,6,36
5435,41,5,36
5436,41,5,35
5437,41,5,36
5438,41,5,36
5439,41,4,34
5440,41,4,36
5441,41,5,35
5442,41,5,36
5443,41,5,36
5444,41,5,35
5445,41,5,35
5446,31,4,36
5447,31,4,36
5448,31,4,37
5449,31,4,36
5450,41,5,36
5451,41,5,36
5452,41,4,36
5453,41,3,36
5454,41,5,36
5455,41,4,36
5456,41,4,36
5457,41,5,37
5458,41,5,37
5459,41,4,36
5460,31,4,36
5461,41,4,35
5462,41,5,36
5463,41,5,36
5464,41,5,36
5465,41,6,36
5466,41,6,36
5467,41,6,36
5468,41,6,35
5469,31,5,35
5470,31,4,35
5471,31,3,36
5472,31,4,35
5473,41,6,37
5474,41,6,36
5475,41,6,37
5476,41,6,36
5477,41,6,37
5478,41,6,36
5479,41,5,36
5480,41,6,36
5481,41,6,36
5482,41,6,36
5483,31,4,34
5484,41,3,36
5485,41,3,36
5486,31,3,34
5487,31,3,34
5488,31,3,34
5489,31,3,34
5490,31,3,34
5491,31,3,34
5492,31,3,34
5493,31,3,35
5494,31,3,34
5495,31,3,35
5496,31,3,35
5497,31,3,34
5498,31,3,34
5499,31,3,35
5500,31,3,35
5501,31,3,34
5502,31,3,33
5503,31,3,34
5504,31,3,34
5505,31,2,34
5506,31,3,34
5507,31,3,34
5508,31,3,34
5509,31,3,34
5510,31,3,34
5511,31,3,33
5512,41,4,36
5513,41,4,35
5514,41,5,35
5515,41,3,35
5516,31,5,36
5517,31,5,36
5518,31,4,35
5519,31,5,36
5520,31,4,36
5521,31,4,35
5522,41,6,36
5523,31,5,35
5524,31,4,36
5525,31,5,36
5526,31,6,35
5527,31,5,35
5528,31,4,36
5529,31,4,36
5530,31,5,35
5531,41,4,34
5532,41,6,35
5533,41,4,36
5534,31,4,35
5535,31,4,36
5536,31,4,36
5537,31,4,36
5538,31,4,35
5539,31,4,36
5540,31,4,37
5541,31,4,36
5542,31,4,36
5543,31,4,34
5544,31,4,34
5545,31,3,34
5546,31,4,34
5547,31,4,33
5548,31,4,33
5549,31,3,33
5550,31,4,34
5551,31,3,33
5552,31,3,33
5553,31,4,34
5554,31,4,33
5555,31,4,34
5556,31,3,33
5557,31,4,33
5558,31,3,33
5559,31,4,33
5560,31,4,33
5561,31,3,34
5562,31,3,34
5563,31,4,34
5564,31,4,33
5565,31,3,34
5566,31,3,34
5567,31,3,34
5568,31,4,33
5569,31,3,34
5570,31,3,34
5571,31,3,34
5572,31,3,34
5573,31,4,34
5574,31,3,34
5575,31,4,34
5576,31,3,33
5577,31,4,35
5578,31,4,34
5579,31,4,35
5580,31,3,35
5581,31,3,35
5582,31,3,35
5583,31,4,35
5584,31,3,35
5585,31,4,34
5586,31,3,35
5587,31,4,34
5588,31,4,35
5589,31,4,35
5590,31,4,35
5591,31,4,35
5592,31,4,35
5593,31,4,35
5594,31,4,34
5595,31,4,34
5596,31,4,34
5597,31,4,34
5598,31,4,35
5599,31,4,35
5600,31,3,34
5601,31,3,34
5602,31,3,34
5603,31,4,35
5604,31,3,34
5605,31,4,35
5606,31,3,33
5607,31,3,34
5608,31,4,35
5609,31,4,35
5610,31,4,34
5611,31,4,34
5612,31,3,33
5613,31,3,35
5614,31,4,34
5615,31,4,34
5616,31,4,34
5617,41,4,34
5618,31,4,35
5619,31,4,33
5620,31,5,34
5621,31,4,34
5622,31,5,34
5623,31,4,35
5624,31,4,35
5625,31,3,36
5626,31,5,34
5627,31,4,34
5628,31,5,34
5629,31,4,35
5630,31,4,35
5631,31,3,35
5632,31,4,35
5633,31,4,35
5634,31,4,35
5635,31,4,35
5636,31,4,35
5637,31,4,35
5638,31,4,34
5639,31,4,34
5640,31,4,33
5641,31,3,34
5642,31,3,34
5643,31,3,34
5644,31,3,35
5645,31,3,34
5646,31,3,34
5647,31,4,34
5648,31,4,35
5649,31,4,35
5650,31,5,36
5651,31,5,37
5652,31,4,36
5653,31,4,36
5654,31,5,36
5655,31,4,37
5656,31,4,35
5657,41,4,35
5658,31,4,35
5659,31,4,35
5660,31,4,34
5661,31,4,35
5662,31,4,34
5663,31,4,34
5664,31,3,34
5665,31,4,33
5666,31,4,34
5667,31,4,35
5668,31,3,34
5669,31,4,34
5670,31,4,34
5671,31,4,34
5672,31,4,33
5673,31,4,34
5674,31,3,35
5675,31,4,33
5676,31,3,34
5677,31,4,35
5678,31,4,36
5679,31,4,35
5680,31,3,35
5681,31,3,35
5682,31,3,35
5683,31,3,36
5684,31,3,36
5685,31,3,35
5686,31,3,35
5687,31,3,36
5688,31,4,35
5689,31,3,35
5690,31,4,36
5691,31,3,36
5692,31,3,35
5693,31,3,35
5694,31,3,36
5695,31,2,35
5696,31,2,34
5697,31,2,35
5698,31,3,34
5699,31,3,35
5700,31,2,35
5701,31,2,35
5702,31,3,34
5703,31,3,34
5704,31,3,35
5705,31,2,35
5706,31,3,34
5707,31,4,35
5708,31,4,35
5709,41,5,35
5710,41,4,35
5711,31,4,35
5712,41,3,36
5713,31,4,35
5714,41,3,35
5715,31,4,34
5716,31,3,33
5717,31,3,34
5718,31,3,34
5719,31,3,33
5720,31,3,34
5721,31,3,33
5722,31,3,35
5723,31,3,34
5724,31,3,34
5725,31,3,34
5726,31,3,34
5727,31,2,34
5728,31,2,35
5729,31,3,36
5730,31,4,36
5731,31,3,35
5732,31,3,35
5733,31,4,34
5734,31,4,35
5735,31,4,35
5736,31,3,35
5737,31,3,35
5738,31,3,35
5739,31,4,35
5740,31,3,35
5741,31,3,34
5742,31,3,35
5743,31,3,35
5744,31,3,34
5745,31,3,35
5746,31,3,34
5747,31,3,34
5748,31,3,34
5749,31,3,33
5750,31,3,34
5751,31,3,35
5752,31,2,34
5753,31,3,35
5754,31,3,35
5755,31,3,34
5756,31,3,35
5757,31,3,34
5758,31,3,34
5759,31,3,35
5760,31,3,34
5761,31,3,35
5762,31,3,34
5763,31,3,34
5764,31,3,35
5765,31,3,35
5766,31,3,35
5767,31,3,34
5768,31,3,34
5769,31,3,34
5770,31,3,35
5771,31,3,35
5772,31,4,35
5773,31,4,36
5774,31,3,36
5775,31,4,35
5776,31,3,35
5777,31,4,35
5778,31,4,35
5779,31,4,36
5780,31,4,35
5781,31,3,35
5782,31,3,36
5783,31,3,36
5784,31,3,36
5785,31,4,35
5786,31,3,34
5787,31,3,35
5788,31,3,34
5789,31,3,35
5790,31,3,34
5791,31,3,35
5792,31,3,35
5793,31,3,35
5794,31,2,35
5795,31,3,35
5796,31,3,35
5797,31,3,35
5798,31,3,35
5799,31,3,35
5800,31,3,34
5801,31,3,33
5802,31,4,33
5803,31,3,34
5804,31,3,34
5805,31,4,33
5806,31,4,34
5807,31,4,34
5808,31,4,34
5809,31,4,34
5810,31,4,33
5811,31,4,34
5812,31,4,33
5813,31,4,34
5814,31,4,33
5815,31,4,34
5816,31,3,34
5817,31,3,34
5818,31,3,33
5819,31,3,34
5820,31,3,33
5821,31,3,34
5822,31,4,34
5823,31,3,34
5824,31,3,34
5825,31,3,34
5826,31,4,34
5827,31,3,33
5828,31,3,34
5829,31,4,34
5830,41,3,34
5831,31,4,34
5832,31,4,34
5833,31,4,34
5834,31,4,34
5835,31,3,34
5836,31,4,33
5837,31,4,33
5838,31,3,34
5839,31,4,33
5840,31,3,34
5841,31,3,34
5842,31,3,34
5843,31,3,33
5844,31,4,33
5845,31,4,34
5846,31,4,34
5847,31,4,33
5848,31,3,33
5849,31,4,34
5850,31,3,34
5851,31,3,34
5852,31,3,34
5853,31,4,34
5854,31,3,34
5855,31,3,34
5856,31,3,34
5857,31,3,34
5858,31,3,34
5859,31,3,35
5860,31,3,34
5861,31,3,35
5862,31,3,35
5863,31,3,34
5864,31,3,34
5865,31,3,35
5866,31,3,34
5867,31,3,34
5868,31,4,34
5869,31,3,34
5870,31,4,34
5871,31,4,34
5872,31,4,34
5873,31,4,34
5874,31,3,33
5875,31,4,33
5876,31,4,34
5877,31,4,33
5878,31,3,33
5879,31,4,33
5880,31,4,33
5881,31,4,33
5882,31,4,33
5883,31,3,33
5884,31,3,34
5885,31,3,34
5886,31,3,33
5887,31,4,34
5888,31,4,33
5889,31,4,34
5890,31,4,34
5891,31,3,34
5892,31,4,34
5893,31,4,33
5894,31,3,34
5895,31,3,33
5896,31,4,33
5897,31,4,33
5898,31,3,34
5899,31,3,34
5900,31,3,33
5901,31,4,32
5902,31,4,33
5903,31,4,33
5904,31,3,33
5905,31,3,33
5906,31,4,33
5907,31,4,33
5908,31,4,33
5909,41,3,34
5910,31,3,34
5911,31,3,33
5912,31,3,33
5913,31,4,33
5914,31,4,34
5915,31,3,33
5916,31,4,32
5917,31,5,34
5918,41,5,33
5919,41,5,33
5920,41,5,33
5921,31,5,34
5922,41,4,33
5923,31,4,34
5924,31,4,33
5925,31,4,33
5926,31,4,34
5927,31,4,33
5928,31,5,33
5929,31,4,34
5930,31,5,34
5931,31,4,33
5932,31,4,34
5933,31,4,33
5934,31,3,34
5935,31,4,33
5936,31,4,34
5937,31,4,34
5938,31,4,34
5939,31,4,34
5940,31,4,34
5941,31,4,34
5942,31,4,34
5943,31,4,34
5944,31,4,33
5945,31,4,34
5946,31,3,34
5947,31,4,34
5948,31,4,34
5949,31,4,33
5950,21,4,35
5951,31,4,34
5952,31,4,34
5953,31,4,34
5954,31,4,33
5955,31,3,34
5956,31,4,33
5957,31,4,33
5958,31,3,33
5959,31,3,33
5960,31,4,33
5961,31,4,33
5962,31,4,33
5963,31,4,33
5964,31,4,34
5965,31,3,34
5966,31,4,35
5967,31,4,35
5968,31,3,35
5969,31,3,35
5970,31,3,35
5971,31,3,35
5972,31,3,35
5973,31,3,34
5974,31,3,34
5975,31,3,34
5976,31,3,34
5977,31,3,34
5978,31,4,35
5979,31,4,35
5980,31,4,35
5981,31,4,35
5982,31,4,35
5983,31,3,35
5984,31,4,34
5985,31,3,34
5986,31,4,34
5987,31,4,34
5988,31,4,35
5989,31,4,35
5990,31,4,34
5991,31,4,34
5992,31,4,35
5993,31,3,35
5994,31,4,34
5995,31,4,34
5996,31,4,35
5997,31,4,35
5998,31,4,34
5999,31,4,35
6000,31,3,35
6001,31,3,33
6002,31,4,35
6003,31,4,35
6004,31,4,35
6005,31,4,35
6006,31,3,34
6007,31,4,34
6008,31,4,34
6009,31,4,34
6010,31,4,34
6011,31,4,34
6012,31,4,34
6013,31,4,34
6014,31,4,33
6015,31,4,34
6016,31,4,34
6017,31,4,35
6018,31,4,34
6019,31,4,33
6020,31,4,34
6021,31,4,33
6022,31,3,34
6023,31,3,34
6024,31,3,36
6025,31,3,35
6026,31,3,35
6027,31,3,34
6028,31,3,34
6029,31,4,34
6030,31,3,36
6031,31,3,33
6032,31,3,34
6033,31,4,35
6034,31,3,34
6035,31,3,35
6036,41,4,36
6037,41,4,36
6038,41,6,35
6039,41,4,34
6040,41,5,35
6041,41,5,34
6042,41,5,35
6043,41,5,35
6044,41,5,34
6045,41,5,33
6046,41,6,35
6047,41,6,34
6048,41,6,35
6049,41,6,34
6050,41,6,35
6051,41,6,34
6052,41,4,35
6053,41,5,34
6054,41,4,34
6055,41,3,36
6056,41,4,34
6057,41,4,36
6058,41,4,36
6059,31,4,36
6060,31,4,35
6061,31,3,35
6062,41,3,36
6063,31,3,35
6064,31,4,35
6065,31,3,35
6066,31,3,35
6067,31,4,35
6068,31,4,36
6069,31,3,35
6070,31,3,35
6071,31,3,35
6072,31,4,36
6073,31,4,35
6074,31,3,34
6075,31,3,36
6076,31,4,35
6077,31,4,36
6078,31,4,35
6079,31,3,35
6080,31,4,36
6081,41,4,35
6082,41,4,36
6083,41,5,35
6084,41,4,36
6085,41,5,36
6086,41,5,36
6087,41,4,36
6088,41,5,36
6089,41,4,37
6090,41,3,36
6091,41,4,37
6092,41,5,37
6093,41,4,37
6094,41,4,36
6095,41,4,34
6096,41,3,34
6097,41,4,33
6098,41,4,33
6099,41,4,33
6100,41,4,34
6101,41,4,33
6102,41,4,35
6103,51,4,36
6104,41,4,37
6105,51,4,36
6106,41,4,37
6107,51,3,37
6108,41,4,37
6109,51,4,36
6110,51,4,37
6111,51,4,36
6112,41,5,36
6113,41,4,35
6114,41,4,33
6115,41,4,33
6116,41,4,34
6117,41,4,33
6118,41,4,34
6119,51,5,37
6120,41,4,38
6121,41,4,37
6122,41,4,36
6123,41,4,35
6124,41,5,36
6125,41,4,34
6126,41,5,36
6127,41,4,33
6128,41,4,36
6129,41,4,36
6130,41,4,36
6131,41,4,36
6132,41,4,36
6133,41,5,36
6134,41,4,36
6135,41,5,36
6136,41,6,35
6137,41,6,35
6138,41,6,34
6139,41,6,35
6140,41,5,34
6141,41,6,34
6142,41,6,35
6143,41,5,34
6144,41,5,34
6145,41,6,34
6146,41,5,34
6147,41,5,35
6148,41,7,34
6149,41,6,34
6150,41,6,34
6151,41,6,34
6152,41,6,35
6153,41,5,34
6154,41,5,35
6155,41,6,34
6156,41,5,34
6157,41,5,34
6158,41,5,35
6159,41,6,35
6160,41,5,36
6161,41,6,35
6162,41,5,35
6163,41,4,36
6164,41,4,37
6165,41,5,36
6166,41,4,35
6167,51,4,36
6168,41,3,36
6169,41,4,36
6170,41,4,36
6171,41,4,36
6172,41,3,36
6173,41,4,35
6174,41,4,36
6175,41,3,36
6176,41,4,37
6177,41,4,37
6178,41,4,36
6179,41,3,36
6180,41,5,37
6181,51,4,36
6182,51,4,36
6183,41,4,37
6184,41,4,36
6185,41,4,35
6186,41,4,36
6187,41,4,36
6188,41,4,36
6189,41,5,36
6190,41,4,36
6191,41,4,36
6192,41,4,37
6193,41,5,36
6194,31,4,36
6195,41,5,36
6196,31,4,37
6197,41,4,36
6198,41,4,36
6199,31,4,36
6200,41,4,36
6201,31,4,36
6202,31,4,36
6203,31,4,36
6204,31,5,36
6205,41,4,37
6206,41,4,36
6207,41,4,36
6208,31,3,36
6209,31,3,35
6210,31,3,36
6211,31,3,35
6212,31,3,36
6213,31,4,35
6214,31,4,36
6215,31,4,36
6216,31,3,36
6217,31,3,35
6218,31,3,35
6219,31,3,35
6220,31,3,35
6221,31,4,35
6222,31,3,35
6223,31,3,35
6224,31,3,35
6225,31,3,35
6226,31,3,36
6227,31,3,35
6228,31,3,35
6229,31,3,34
6230,31,3,35
6231,31,3,35
6232,31,3,34
6233,31,3,35
6234,31,3,34
6235,31,3,35
6236,31,4,35
6237,31,3,35
6238,31,3,34
6239,31,3,35
6240,31,4,35
6241,31,3,35
6242,31,3,35
6243,31,3,34
6244,31,4,35
6245,31,4,35
6246,31,3,34
6247,31,4,34
6248,31,3,34
6249,31,3,35
6250,31,3,34
6251,31,4,35
6252,31,4,35
6253,31,3,34
6254,31,3,35
6255,31,3,35
6256,31,2,34
6257,31,2,34
6258,31,3,34
6259,31,3,34
6260,31,3,35
6261,31,3,34
6262,31,3,35
6263,31,2,34
6264,31,3,35
6265,31,3,35
6266,31,3,35
6267,31,3,34
6268,31,3,35
6269,31,3,36
6270,31,3,35
6271,31,3,34
6272,31,3,35
6273,31,3,35
6274,31,3,35
6275,31,4,35
6276,31,3,35
6277,31,3,35
6278,31,3,35
6279,31,3,36
6280,31,3,35
6281,31,3,35
6282,31,3,35
6283,41,4,36
6284,41,4,36
6285,41,4,36
6286,41,4,36
6287,41,3,36
6288,41,4,36
6289,41,3,37
6290,41,4,36
6291,41,4,36
6292,41,4,37
6293,41,3,36
6294,41,4,36
6295,41,4,36
6296,41,4,36
6297,41,3,37
6298,41,3,36
6299,41,4,36
6300,41,4,35
6301,41,5,35
6302,41,5,33
6303,41,5,35
6304,41,4,35
6305,41,5,35
6306,41,5,35
6307,51,4,36
6308,41,4,37
6309,51,3,37
6310,41,3,36
6311,41,3,36
6312,51,4,36
6313,41,4,36
6314,51,3,37
6315,41,3,37
6316,41,4,36
6317,41,4,37
6318,41,3,37
6319,51,4,36
6320,51,5,36
6321,51,5,35
6322,51,5,36
6323,51,5,36
6324,41,5,36
6325,41,4,36
6326,41,5,35
6327,41,5,36
6328,41,4,36
6329,41,4,36
6330,41,5,35
6331,41,5,36
6332,41,5,35
6333,41,5,35
6334,41,4,35
6335,41,4,34
6336,41,4,35
6337,41,5,35
6338,41,4,36
6339,41,4,36
6340,41,4,37
6341,41,5,35
6342,41,5,35
6343,41,5,36
6344,41,4,37
6345,41,5,36
6346,51,5,36
6347,41,4,36
6348,41,4,36
6349,41,4,36
6350,41,4,36
6351,41,5,36
6352,41,5,35
6353,41,4,36
6354,41,3,35
6355,41,5,35
6356,41,5,35
6357,41,5,36
6358,41,4,36
6359,41,4,35
6360,41,4,35
6361,41,5,35
6362,41,5,35
6363,41,4,35
6364,41,4,36
6365,41,4,36
6366,41,5,36
6367,41,4,35
6368,41,4,35
6369,41,4,35
6370,41,4,36
6371,41,4,35
6372,41,4,36
6373,41,5,36
6374,41,4,36
6375,31,3,37
6376,31,4,36
6377,41,4,35
6378,41,4,36
6379,41,4,36
6380,41,4,36
6381,41,4,35
6382,41,4,36
6383,41,5,36
6384,41,4,36
6385,41,4,37
6386,41,4,36
6387,41,4,36
6388,41,4,36
6389,41,4,37
6390,41,5,35
6391,41,4,35
6392,41,3,35
6393,41,5,35
6394,41,4,34
6395,41,4,36
6396,41,3,35
6397,41,4,35
6398,41,5,35
6399,41,4,36
6400,41,4,36
6401,41,4,36
6402,41,5,36
6403,41,5,35
6404,41,5,36
6405,41,4,36
6406,41,4,35
6407,41,5,35
6408,41,4,35
6409,41,4,36
6410,41,4,36
6411,41,4,36
6412,41,5,36
6413,41,4,36
6414,41,5,34
6415,41,5,36
6416,41,4,36
6417,41,5,35
6418,41,5,34
6419,41,5,35
6420,41,5,35
6421,41,5,35
6422,41,5,35
6423,41,5,35
6424,41,5,35
6425,41,5,35
6426,41,5,36
6427,41,5,36
6428,41,5,35
6429,41,5,35
6430,41,5,35
6431,41,5,35
6432,41,5,36
6433,41,5,34
6434,41,5,35
6435,41,5,36
6436,41,6,36
6437,41,5,36
6438,41,5,36
6439,41,5,36
6440,41,5,35
6441,41,5,35
6442,41,5,35
6443,41,5,36
6444,41,5,35
6445,41,5,35
6446,41,5,35
6447,41,5,35
6448,41,5,35
6449,41,5,34
6450,41,5,35
6451,41,5,35
6452,41,5,35
6453,41,6,35
6454,41,5,35
6455,41,5,36
6456,41,5,35
6457,41,4,36
6458,41,5,36
6459,41,4,36
6460,41,4,36
6461,41,4,36
6462,41,5,35
6463,41,4,36
6464,41,5,35
6465,41,5,35
6466,41,5,35
6467,41,4,35
6468,41,4,34
6469,41,4,35
6470,41,5,35
6471,41,5,35
6472,41,5,34
6473,41,5,35
6474,41,5,35
6475,41,5,35
6476,41,3,34
6477,41,3,35
6478,41,3,35
6479,41,5,35
6480,41,5,35
6481,51,6,35
6482,41,5,35
6483,41,5,34
6484,41,5,35
6485,41,5,33
6486,41,5,35
6487,51,6,34
6488,41,5,35
6489,51,5,35
6490,51,6,35
6491,41,5,34
6492,41,5,35
6493,41,5,34
6494,41,5,34
6495,41,5,34
6496,41,5,34
6497,41,5,34
6498,41,5,34
6499,41,5,34
6500,41,5,35
6501,41,5,35
6502,41,5,34
6503,41,5,35
6504,41,5,34
6505,51,6,34
6506,41,5,35
6507,51,5,34
6508,51,6,33
6509,51,6,34
6510,41,5,34
6511,41,5,34
6512,41,6,33
6513,41,5,34
6514,41,4,34
6515,41,5,33
6516,41,5,34
6517,41,5,33
6518,51,6,34
6519,51,5,34
6520,51,5,33
6521,51,5,34
6522,41,5,34
6523,41,5,34
6524,51,6,34
6525,41,5,34
6526,51,5,33
6527,41,5,34
6528,51,4,33
6529,51,5,34
6530,51,4,33
6531,51,5,34
6532,51,5,34
6533,51,5,34
6534,51,5,34
6535,51,5,33
6536,51,5,33
6537,51,5,34
6538,51,5,33
6539,51,5,33
6540,51,5,34
6541,51,4,33
6542,51,5,34
6543,51,4,33
6544,51,4,34
6545,51,5,33
6546,51,5,34
6547,51,5,33
6548,51,5,33
6549,51,5,33
6550,51,5,34
6551,51,5,34
6552,51,5,33
6553,51,4,35
6554,41,4,36
6555,41,4,36
6556,41,4,35
6557,41,4,35
6558,41,4,35
6559,41,4,35
6560,41,5,35
6561,41,5,34
6562,41,5,36
6563,41,4,35
6564,41,4,35
6565,51,5,35
6566,41,4,35
6567,41,4,36
6568,51,4,35
6569,41,4,36
6570,51,4,35
6571,41,4,35
6572,51,5,35
6573,51,5,34
6574,51,5,34
6575,51,5,35
6576,51,4,35
6577,51,5,35
6578,51,5,34
6579,51,6,35
6580,51,4,34
6581,51,5,34
6582,41,5,35
6583,51,5,35
6584,51,5,35
6585,51,4,34
6586,51,4,33
6587,51,5,35
6588,51,5,35
6589,51,5,34
6590,51,5,34
6591,41,5,34
6592,51,6,34
6593,51,5,35
6594,51,5,35
6595,51,6,35
6596,51,5,34
6597,51,6,33
6598,41,5,34
6599,41,5,33
6600,51,5,34
6601,51,5,35
6602,51,5,35
6603,41,5,34
6604,41,4,36
6605,41,4,36
6606,41,4,35
6607,51,4,35
6608,41,4,36
6609,41,4,35
6610,41,4,35
6611,41,4,35
6612,41,5,35
6613,41,4,36
6614,41,4,36
6615,41,5,34
6616,41,4,35
6617,41,4,35
6618,41,5,35
6619,41,5,35
6620,41,4,36
6621,41,3,35
6622,41,3,35
6623,41,4,35
6624,41,3,35
6625,41,4,35
6626,41,3,34
6627,41,3,34
6628,41,4,36
6629,41,3,35
6630,41,3,35
6631,41,4,36
6632,51,4,35
6633,41,3,35
6634,41,2,34
6635,41,3,34
6636,41,2,35
6637,41,2,35
6638,41,3,35
6639,41,3,34
6640,41,3,35
6641,41,3,35
6642,41,3,34
6643,41,3,36
6644,41,3,35
6645,41,3,34
6646,41,3,35
6647,41,3,35
6648,41,3,35
6649,41,2,35
6650,41,3,35
6651,51,5,36
6652,51,5,35
6653,51,5,36
6654,41,4,36
6655,51,4,36
6656,51,5,35
6657,41,5,36
6658,51,4,36
6659,51,4,35
6660,41,4,36
6661,41,5,36
6662,41,4,35
6663,41,5,35
6664,51,4,37
6665,41,4,36
6666,51,4,35
6667,51,4,35
6668,41,3,35
6669,41,4,35
6670,41,4,35
6671,51,4,35
6672,41,4,35
6673,41,4,35
6674,51,4,35
6675,41,3,35
6676,41,4,35
6677,41,3,35
6678,41,4,36
6679,41,3,35
6680,41,3,35
6681,41,3,34
6682,41,3,33
6683,41,3,34
6684,41,3,34
6685,41,3,34
6686,41,3,34
6687,41,3,35
6688,41,4,35
6689,41,3,34
6690,41,4,35
6691,41,3,34
6692,41,4,35
6693,51,4,35
6694,41,4,35
6695,41,4,34
6696,41,3,34
6697,41,3,34
6698,51,4,35
6699,41,3,34
6700,41,3,34
6701,41,3,35
6702,41,3,35
6703,41,2,35
6704,41,3,35
6705,41,3,35
6706,41,3,34
6707,41,2,34
6708,41,3,34
6709,41,3,35
6710,41,3,35
6711,41,4,34
6712,51,3,34
6713,51,4,35
6714,51,5,34
6715,51,5,34
6716,51,5,34
6717,51,5,35
6718,51,5,33
6719,51,4,34
6720,51,4,33
6721,51,4,33
6722,51,4,33
6723,51,4,33
6724,51,4,34
6725,51,4,33
6726,51,4,33
6727,51,4,34
6728,51,5,33
6729,51,5,33
6730,51,5,34
6731,51,4,34
6732,51,5,33
6733,51,4,34
6734,51,4,33
6735,51,5,33
6736,51,5,34
6737,51,4,33
6738,51,4,34
6739,51,5,33
6740,51,5,33
6741,51,5,33
6742,51,5,34
6743,51,5,33
6744,51,5,33
6745,51,5,34
6746,51,5,33
6747,51,5,34
6748,51,5,33
6749,51,5,33
6750,51,5,33
6751,51,5,32
6752,51,5,36
6753,51,5,34
6754,51,6,34
6755,51,6,35
6756,51,5,34
6757,41,3,34
6758,41,3,34
6759,41,3,34
6760,41,3,34
6761,41,2,35
6762,41,3,35
6763,41,3,34
6764,41,3,34
6765,41,3,34
6766,41,3,34
6767,41,3,34
6768,41,3,34
6769,41,3,34
6770,41,3,34
6771,51,4,33
6772,51,4,34
6773,41,5,35
6774,51,5,34
6775,41,5,34
6776,41,4,36
6777,41,4,35
6778,51,5,35
6779,51,4,34
6780,51,4,35
6781,51,4,34
6782,51,5,34
6783,41,5,35
6784,51,5,35
6785,51,4,35
6786,51,5,35
6787,51,5,35
6788,51,4,35
6789,51,5,34
6790,51,5,34
6791,51,5,34
6792,51,5,34
6793,51,4,35
6794,51,6,34
6795,51,5,35
6796,51,5,34
6797,51,6,34
6798,51,5,35
6799,51,4,35
6800,41,5,34
6801,51,5,35
6802,51,5,34
6803,51,5,35
6804,41,4,35
6805,51,4,35
6806,51,4,35
6807,41,5,35
6808,41,4,35
6809,31,3,35
6810,31,3,36
6811,31,3,35
6812,31,3,36
6813,41,3,36
6814,31,4,36
6815,31,3,36
6816,31,3,36
6817,31,3,36
6818,31,4,37
6819,31,3,36
6820,31,3,36
6821,31,3,36
6822,31,3,37
6823,31,3,36
6824,31,3,36
6825,31,3,36
6826,31,3,36
6827,31,3,36
6828,31,3,36
6829,31,3,36
6830,31,3,36
6831,31,3,36
6832,31,3,36
6833,31,3,36
6834,31,3,36
6835,31,3,36
6836,31,3,37
6837,31,3,34
6838,31,3,36
6839,31,3,37
6840,31,3,36
6841,31,3,35
6842,31,3,35
6843,31,3,35
6844,31,3,36
6845,31,3,36
6846,31,3,36
6847,31,3,36
6848,31,3,36
6849,31,3,36
6850,31,3,36
6851,31,3,36
6852,31,3,37
6853,31,3,36
6854,31,3,36
6855,31,3,36
6856,31,3,36
6857,31,3,37
6858,31,3,37
6859,31,3,36
6860,31,4,36
6861,31,3,37
6862,31,3,36
6863,31,3,36
6864,31,3,36
6865,31,3,36
6866,31,3,36
6867,31,3,37
6868,31,3,36
6869,31,3,36
6870,31,3,36
6871,31,3,37
6872,31,3,36
6873,31,3,37
6874,41,4,37
6875,41,4,36
6876,41,4,36
6877,41,4,36
6878,41,4,37
6879,31,4,37
6880,31,4,37
6881,31,4,37
6882,41,4,36
6883,41,4,37
6884,41,4,37
6885,31,4,37
6886,31,4,37
6887,31,4,37
6888,31,4,38
6889,31,4,37
6890,31,4,38
6891,31,5,36
6892,31,4,37
6893,31,5,37
6894,31,4,37
6895,31,4,37
6896,31,4,37
6897,31,3,37
6898,31,4,37
6899,31,4,37
6900,31,4,38
6901,31,4,37
6902,31,4,37
6903,31,4,37
6904,31,3,37
6905,31,4,37
6906,31,3,37
6907,31,3,36
6908,31,3,37
6909,31,3,36
6910,31,3,37
6911,31,3,36
6912,31,3,37
6913,31,4,37
6914,31,4,37
6915,31,3,37
6916,31,3,36
6917,31,3,37
6918,31,3,36
6919,31,3,36
6920,31,3,37
6921,31,3,36
6922,31,3,36
6923,31,3,36
6924,31,3,36
6925,31,3,36
6926,31,3,36
6927,31,3,36
6928,31,3,36
6929,31,3,36
6930,31,3,36
6931,31,3,36
6932,31,3,36
6933,31,3,36
6934,31,3,37
6935,31,3,36
6936,31,3,36
6937,31,3,36
6938,31,3,35
6939,31,3,35
6940,31,3,35
6941,31,3,36
6942,31,3,36
6943,31,2,35
6944,31,3,36
6945,31,3,35
6946,31,2,35
6947,31,3,36
6948,31,3,36
6949,31,3,36
6950,41,3,35
6951,41,5,35
6952,41,4,37
6953,41,4,36
6954,41,3,36
6955,41,4,35
6956,41,5,35
6957,31,4,37
6958,41,5,35
6959,41,4,35
6960,41,4,37
6961,41,4,35
6962,31,4,37
6963,31,4,36
6964,31,4,35
6965,31,4,37
6966,31,4,34
6967,31,4,34
6968,31,4,33
6969,31,4,34
6970,31,4,34
6971,31,4,33
6972,31,4,34
6973,31,4,34
6974,31,3,34
6975,31,4,34
6976,31,4,34
6977,31,4,34
6978,31,4,35
6979,31,4,34
6980,31,4,34
6981,31,4,33
6982,31,4,33
6983,31,4,34
6984,31,4,36
6985,31,4,36
6986,31,5,35
6987,31,4,34
6988,31,4,34
6989,31,4,34
6990,31,3,34
6991,31,3,33
6992,31,4,33
6993,31,3,34
6994,31,4,33
6995,31,4,35
6996,31,4,33
6997,31,4,34
6998,31,4,34
6999,31,4,33
7000,31,4,33
7001,31,4,33
7002,31,3,34
7003,31,4,34
7004,31,3,33
7005,31,4,34
7006,31,4,33
7007,31,3,33
7008,31,3,35
7009,31,3,33
7010,31,4,33
7011,31,3,33
7012,31,4,32
7013,31,3,33
7014,31,5,34
7015,31,4,34
7016,31,4,33
7017,31,4,33
7018,31,3,33
7019,31,3,34
7020,31,3,34
7021,31,3,33
7022,31,3,34
7023,31,3,33
7024,31,3,33
7025,31,3,34
7026,31,3,33
7027,31,3,33
7028,31,3,33
7029,31,3,33
7030,31,3,33
7031,31,3,33
7032,31,4,33
7033,31,4,34
7034,31,4,34
7035,31,4,34
7036,31,5,34
7037,31,4,34
7038,31,4,33
7039,31,4,34
7040,31,4,33
7041,31,4,34
7042,31,3,34
7043,31,3,34
7044,31,3,34
7045,31,3,34
7046,31,5,34
7047,31,4,33
7048,31,4,34
7049,31,3,33
7050,31,4,33
7051,31,4,35
7052,31,3,34
7053,31,4,33
7054,31,4,34
7055,31,4,35
7056,31,4,35
7057,41,4,37
7058,41,4,36
7059,41,4,34
7060,41,4,36
7061,41,5,35
7062,41,5,36
7063,41,5,35
7064,41,5,33
7065,31,3,34
7066,31,3,34
7067,31,4,34
7068,31,4,34
7069,31,3,33
7070,31,3,33
7071,31,4,36
7072,31,4,34
7073,31,3,34
7074,31,4,33
7075,31,4,34
7076,31,4,33
7077,31,3,34
7078,31,4,32
7079,31,4,34
7080,31,4,33
7081,31,4,33
7082,31,4,34
7083,31,4,33
7084,31,4,33
7085,31,4,34
7086,31,3,34
7087,31,4,33
7088,31,3,33
7089,31,4,34
7090,31,4,34
7091,31,4,34
7092,31,4,34
7093,31,4,34
7094,31,4,34
7095,31,4,33
7096,31,3,34
7097,31,4,33
7098,31,4,34
7099,31,3,33
7100,31,3,34
7101,31,3,33
7102,31,4,33
7103,31,3,34
7104,31,3,33
7105,31,3,33
7106,31,3,34
7107,31,4,36
7108,31,3,37
7109,31,4,37
7110,31,4,36
7111,31,4,37
7112,31,5,37
7113,31,5,37
7114,41,4,35
7115,41,4,36
7116,41,4,36
7117,41,5,35
7118,41,5,35
7119,41,4,35
7120,41,4,35
7121,41,5,35
7122,41,4,36
7123,31,4,37
7124,31,4,37
7125,31,4,36
7126,31,3,37
7127,41,4,34
7128,41,4,35
7129,31,4,35
7130,31,4,35
7131,31,3,34
7132,41,4,33
7133,41,4,33
7134,31,4,34
7135,41,4,35
7136,41,4,37
7137,41,4,37
7138,41,4,37
7139,41,4,37
7140,41,4,37
7141,41,4,37
7142,41,4,36
7143,31,4,36
7144,41,4,37
7145,31,4,37
7146,41,4,37
7147,31,4,36
7148,41,4,37
7149,41,4,37
7150,41,4,37
7151,41,4,37
7152,41,4,37
7153,43,3,37
7154,43,4,38
7155,41,4,37
7156,41,4,37
7157,41,4,37
7158,41,4,36
7159,41,4,37
7160,31,4,37
7161,31,4,37
7162,31,4,37
7163,41,4,36
7164,41,3,38
7165,31,4,38
7166,41,4,37
7167,41,4,37
7168,41,4,37
7169,41,4,36
7170,41,4,37
7171,41,4,36
7172,41,4,36
7173,41,4,37
7174,41,4,37
7175,41,4,37
7176,41,4,37
7177,41,4,36
7178,41,4,37
7179,41,4,36
7180,41,4,36
7181,41,4,37
7182,41,4,37
7183,41,4,36
7184,41,4,37
7185,41,4,36
7186,41,4,36
7187,31,4,36
7188,41,3,36
7189,41,4,35
7190,31,3,34
7191,41,3,35
7192,41,4,35
7193,41,4,35
7194,41,5,34
7195,41,4,35
7196,41,4,34
7197,41,4,34
7198,41,5,35
7199,31,4,35
7200,31,5,35
7201,31,5,35
7202,31,4,35
7203,31,4,35
7204,31,4,35
7205,31,4,36
7206,41,4,35
7207,31,4,36
7208,41,3,36
7209,41,4,35
7210,41,5,35
7211,41,5,35
7212,31,5,35
7213,31,4,34
7214,41,5,34
7215,31,5,35
7216,41,5,35
7217,41,4,35
7218,41,4,35
7219,41,4,36
7220,41,5,35
7221,41,4,35
7222,41,4,35
7223,41,5,36
7224,41,4,35
7225,41,4,35
7226,41,5,35
7227,41,5,36
7228,41,5,36
7229,41,5,35
7230,41,5,36
7231,41,4,35
7232,41,4,34
7233,41,4,34
7234,31,4,35
7235,41,4,34
7236,41,4,35
7237,31,4,35
7238,41,4,35
7239,31,4,36
7240,31,4,35
7241,41,4,35
7242,41,4,35
7243,41,4,34
7244,31,4,35
7245,31,4,36
7246,31,3,35
7247,41,4,37
7248,41,5,35
7249,41,5,36
7250,41,5,35
7251,41,5,35
7252,41,5,35
7253,41,5,36
7254,41,4,36
7255,41,4,35
7256,41,5,36
7257,41,4,36
7258,41,5,36
7259,41,5,36
7260,41,5,34
7261,41,5,35
7262,41,5,35
7263,41,6,36
7264,41,6,34
7265,41,5,35
7266,41,6,35
7267,41,5,35
7268,41,5,35
7269,41,5,35
7270,31,5,35
7271,41,5,35
7272,41,5,35
7273,41,4,36
7274,41,5,35
7275,41,5,35
7276,41,5,36
7277,41,5,35
7278,41,5,35
7279,41,4,35
7280,41,5,35
7281,41,4,34
7282,41,4,34
7283,41,4,34
7284,41,4,35
7285,41,3,35
7286,41,5,35
7287,41,4,35
7288,41,4,34
7289,41,5,35
7290,41,4,35
7291,41,4,35
7292,41,4,35
7293,41,4,35
7294,41,4,34
7295,31,4,35
7296,41,4,35
7297,31,4,35
7298,41,4,35
7299,31,4,35
7300,31,4,34
7301,41,4,35
7302,31,4,34
7303,31,5,35
7304,41,5,35
7305,31,4,34
7306,31,3,35
7307,31,3,36
7308,31,3,36
7309,31,3,37
7310,31,4,37
7311,31,3,36
7312,31,4,36
7313,41,4,36
7314,41,4,37
7315,41,4,36
7316,41,4,33
7317,41,4,33
7318,41,5,37
7319,31,4,37
7320,31,4,37
7321,31,4,37
7322,31,4,37
7323,41,3,37
7324,41,3,37
7325,41,3,37
7326,41,3,37
7327,41,3,37
7328,31,5,37
7329,41,3,37
7330,41,3,37
7331,41,3,37
7332,41,3,37
7333,41,3,37
7334,41,3,37
7335,41,3,37
7336,41,3,37
7337,41,3,37
7338,41,3,37
7339,41,3,37
7340,41,3,37
7341,41,3,37
7342,41,3,37
7343,41,3,37
7344,41,3,37
7345,41,3,37
7346,41,3,37
7347,41,3,37
7348,41,3,37
7349,41,3,37
7350,41,3,37
7351,31,4,35
7352,31,3,35
7353,31,4,35
7354,31,4,35
7355,31,4,35
7356,31,4,35
7357,31,4,35
7358,31,4,35
7359,31,4,35
7360,31,4,35
7361,31,4,35
7362,31,3,35
7363,31,3,35
7364,31,4,35
7365,31,3,35
7366,31,3,35
7367,31,3,35
7368,31,4,35
7369,31,4,35
7370,31,4,35
7371,31,4,35
7372,31,3,35
7373,31,3,35
7374,31,3,35
7375,31,3,35
7376,31,3,35
7377,31,3,35
7378,31,4,35
7379,21,3,35
7380,21,3,35
7381,31,3,35
7382,31,3,35
7383,31,3,35
7384,31,3,35
7385,31,3,35
7386,21,3,35
7387,21,2,35
7388,21,3,35
7389,21,3,35
7390,21,3,35
7391,21,3,35
7392,31,3,35
7393,31,3,35
7394,21,3,35
7395,31,4,35
7396,31,3,35
7397,31,3,35
7398,31,3,35
7399,31,3,35
7400,31,3,35
7401,31,4,35
7402,31,3,35
7403,31,4,35
7404,31,4,35
7405,31,4,35
7406,31,4,35
7407,31,4,35
7408,31,4,35
7409,31,4,35
7410,31,4,35
7411,31,3,35
7412,31,3,35
7413,31,4,35
7414,31,4,35
7415,31,4,35
7416,31,4,35
7417,31,4,35
7418,31,3,35
7419,31,4,35
7420,31,4,35
7421,31,4,35
7422,31,3,35
7423,31,4,35
7424,31,4,35
7425,31,5,35
7426,31,4,35
7427,31,4,35
7428,21,3,35
7429,31,3,35
7430,31,3,35
7431,31,2,35
7432,31,2,35
7433,31,3,35
7434,21,3,35
7435,21,3,35
7436,31,3,35
7437,31,3,35
7438,31,3,35
7439,21,3,35
7440,31,3,35
7441,21,3,35
7442,31,3,35
7443,21,3,35
7444,31,5,37
7445,31,5,37
7446,31,5,37
7447,31,5,37
7448,31,5,37
7449,41,5,37
7450,31,5,37
7451,31,5,37
7452,31,5,37
7453,41,3,37
7454,41,3,37
7455,41,3,37
7456,41,3,37
7457,41,3,37
7458,41,3,37
7459,41,3,37
7460,41,3,37
7461,41,3,37
7462,41,3,36
7463,41,3,37
7464,41,3,37
7465,41,3,37
7466,41,3,37
7467,41,3,37
7468,41,3,37
7469,41,3,37
7470,41,3,37
7471,41,3,37
7472,41,3,37
7473,41,3,37
7474,41,3,37
7475,41,3,37
7476,41,3,37
7477,41,3,37
7478,41,3,37
7479,41,3,37
7480,41,3,37
7481,31,4,37
7482,31,4,37
7483,31,4,37
7484,31,4,37
7485,31,4,37
7486,31,4,37
7487,31,4,37
7488,41,4,37
7489,31,4,37
7490,31,4,37
7491,31,4,37
7492,31,4,37
7493,31,4,37
7494,31,4,37
7495,31,4,37
7496,31,4,37
7497,31,4,37
7498,31,4,37
7499,31,4,37
7500,31,4,37
7501,31,4,37
7502,31,4,37
7503,31,4,37
7504,41,4,37
7505,41,4,37
7506,41,3,37
7507,31,4,37
7508,31,4,37
7509,41,3,37
7510,41,4,37
7511,41,3,37
7512,41,3,37
7513,41,3,37
7514,41,3,37
7515,41,3,37
7516,41,3,37
7517,41,3,37
7518,41,3,37
7519,41,3,37
7520,41,3,37
7521,41,3,37
7522,41,4,37
7523,41,3,37
7524,41,3,37
7525,41,3,37
7526,41,3,37
7527,41,3,37
7528,41,4,37
7529,41,3,37
7530,41,4,37
7531,41,3,37
7532,41,3,37
7533,41,3,37
7534,41,4,37
7535,41,3,37
7536,31,4,37
7537,31,4,37
7538,31,4,37
7539,31,4,37
7540,41,4,37
7541,31,5,37
7542,31,4,36
7543,41,4,37
7544,31,4,38
7545,41,3,38
7546,41,4,37
7547,41,4,37
7548,41,4,38
7549,41,4,38
7550,41,4,37
7551,41,4,37
7552,41,4,37
7553,31,4,37
7554,31,4,36
7555,31,4,35
7556,31,4,36
7557,31,4,37
7558,31,4,37
7559,31,4,37
7560,31,4,37
7561,31,4,37
7562,31,4,37
7563,31,4,36
7564,31,4,36
7565,31,4,36
7566,31,4,36
7567,31,4,36
7568,31,4,36
7569,31,4,36
7570,31,4,36
7571,31,4,36
7572,31,4,36
7573,31,4,37
7574,31,4,36
7575,31,4,36
7576,31,3,36
7577,31,3,36
7578,31,3,36
7579,31,3,36
7580,31,3,36
7581,31,2,36
7582,31,3,36
7583,31,3,36
7584,31,2,36
7585,31,2,36
7586,31,3,36
7587,31,3,36
7588,31,3,36
7589,31,4,36
7590,31,3,36
7591,31,3,36
7592,21,2,36
7593,21,2,36
7594,21,3,36
7595,21,3,36
7596,21,3,36
7597,21,3,36
7598,31,4,36
7599,31,4,36
7600,31,4,36
7601,31,3,36
7602,31,4,36
7603,31,3,36
7604,31,4,36
7605,31,3,36
7606,31,3,36
7607,31,3,36
7608,31,3,36
7609,31,3,36
7610,31,3,36
7611,31,4,36
7612,31,3,36
7613,31,3,36
7614,31,4,36
7615,31,4,36
7616,31,3,36
7617,31,4,36
7618,31,3,36
7619,31,3,36
7620,31,3,36
7621,21,3,36
7622,31,3,36
7623,31,3,36
7624,21,3,36
7625,31,3,36
7626,31,2,36
7627,21,2,36
7628,31,3,36
7629,31,3,36
7630,31,3,36
7631,21,2,36
7632,31,2,36
7633,31,3,36
7634,31,3,36
7635,31,3,36
7636,41,3,36
7637,41,4,36
7638,31,3,36
7639,31,4,35
7640,31,4,35
7641,31,4,35
7642,31,4,35
7643,31,4,35
7644,31,4,35
7645,31,4,35
7646,31,4,35
7647,31,4,35
7648,41,5,35
7649,41,5,35
7650,41,4,35
7651,41,4,35
7652,51,5,36
7653,51,5,35
7654,51,5,35
7655,41,4,34
7656,51,5,35
7657,51,5,35
7658,51,5,34
7659,51,5,35
7660,51,4,34
7661,51,5,34
7662,51,5,35
7663,51,4,34
7664,51,4,35
7665,51,4,35
7666,41,4,35
7667,51,4,35
7668,51,5,34
7669,41,4,35
7670,41,4,35
7671,41,6,35
7672,41,5,35
7673,41,4,36
7674,41,4,35
7675,41,5,35
7676,41,3,35
7677,41,4,35
7678,41,3,35
7679,41,3,35
7680,41,4,34
7681,41,4,35
7682,41,4,36
7683,41,3,35
7684,41,4,34
7685,41,4,34
7686,41,4,35
7687,31,4,35
7688,31,4,36
7689,41,4,35
7690,31,4,36
7691,31,3,36
7692,41,4,36
7693,41,4,35
7694,41,4,35
7695,31,3,36
7696,31,4,36
7697,31,4,36
7698,31,3,36
7699,41,4,36
7700,41,4,35
7701,31,4,35
7702,41,4,35
7703,41,4,35
7704,41,4,35
7705,41,4,36
7706,41,3,34
7707,41,3,35
7708,41,3,35
7709,41,3,35
7710,41,3,34
7711,41,4,34
7712,41,4,35
7713,41,4,35
7714,41,4,35
7715,41,4,36
7716,41,4,35
7717,41,4,35
7718,41,3,34
7719,41,4,36
7720,41,5,34
7721,41,4,35
7722,41,4,35
7723,41,4,35
7724,41,4,35
7725,41,4,34
7726,41,4,35
7727,41,4,35
7728,41,4,35
7729,31,3,37
7730,31,3,36
7731,31,3,36
7732,31,3,36
7733,31,3,37
7734,31,3,37
7735,31,3,37
7736,31,3,37
7737,31,3,37
7738,31,3,36
7739,31,3,36
7740,31,4,37
7741,31,3,37
7742,31,3,37
7743,31,3,36
7744,31,2,36
7745,31,3,36
7746,31,3,36
7747,31,3,36
7748,31,3,36
7749,31,3,36
7750,31,3,36
7751,31,3,36
7752,31,3,37
7753,31,4,35
7754,31,3,37
7755,31,3,37
7756,31,3,37
7757,31,3,37
7758,31,3,36
7759,31,3,37
7760,31,3,37
7761,31,3,37
7762,31,3,36
7763,31,4,37
7764,41,3,36
7765,41,3,36
7766,31,3,37
7767,31,3,37
7768,31,3,36
7769,31,3,36
7770,31,3,36
7771,31,4,35
7772,31,4,35
7773,31,4,35
7774,31,3,36
7775,31,3,36
7776,31,2,36
7777,31,3,36
7778,31,4,36
7779,31,3,36
7780,31,4,36
7781,31,3,36
7782,31,3,36
7783,31,3,36
7784,31,3,36
7785,31,3,36
7786,21,3,36
7787,31,3,36
7788,31,3,36
7789,31,3,36
7790,31,3,36
7791,31,3,36
7792,31,3,36
7793,31,3,36
7794,31,4,36
7795,31,4,36
7796,31,3,36
7797,31,3,36
7798,31,3,36
7799,31,4,36
7800,31,2,36
7801,31,3,36
7802,21,2,36
7803,31,3,36
7804,31,3,35
7805,31,4,35
7806,31,3,35
7807,31,3,37
7808,41,3,37
7809,31,3,35
7810,31,3,35
7811,31,2,36
7812,31,3,36
7813,31,3,36
7814,31,3,36
7815,31,3,37
7816,31,3,37
7817,31,3,35
7818,31,3,35
7819,31,3,36
7820,31,4,36
7821,31,3,36
7822,31,3,36
7823,31,3,36
7824,31,3,36
7825,31,3,36
7826,31,3,36
7827,31,3,37
7828,31,3,35
7829,31,3,37
7830,31,4,37
7831,31,4,37
7832,31,4,37
7833,31,4,37
7834,31,3,37
7835,31,3,37
7836,31,3,37
7837,31,3,37
7838,31,4,37
7839,41,3,37
7840,31,4,35
7841,31,4,35
7842,31,3,36
7843,31,3,37
7844,31,4,37
7845,31,3,37
7846,31,3,37
7847,31,3,37
7848,31,3,37
7849,31,3,37
7850,31,3,37
7851,41,4,37
7852,31,4,37
7853,41,4,36
7854,31,3,37
7855,31,4,37
7856,31,4,37
7857,31,4,37
7858,31,3,37
7859,41,4,36
7860,31,3,36
7861,31,3,36
7862,31,4,36
7863,31,4,36
7864,31,4,36
7865,31,2,36
7866,31,2,36
7867,31,2,36
7868,21,2,36
7869,31,3,36
7870,31,2,36
7871,31,3,36
7872,31,3,36
7873,31,4,36
7874,31,4,35
7875,31,4,35
7876,41,4,35
7877,41,4,34
7878,41,5,34
7879,41,4,34
7880,41,4,34
7881,41,4,35
7882,41,4,34
7883,41,4,35
7884,41,3,35
7885,41,3,35
7886,41,3,35
7887,41,3,35
7888,41,3,35
7889,41,3,34
7890,41,3,34
7891,41,3,35
7892,41,3,34
7893,41,3,35
7894,41,3,35
7895,41,3,34
7896,41,3,34
7897,41,3,35
7898,41,3,35
7899,41,3,34
7900,41,3,34
7901,41,3,35
7902,41,3,36
7903,41,3,34
7904,41,4,35
7905,41,3,35
7906,41,3,35
7907,41,4,35
7908,41,4,35
7909,41,3,35
7910,41,4,35
7911,41,3,35
7912,41,4,35
7913,41,4,35
7914,41,3,35
7915,41,4,36
7916,41,3,35
7917,41,3,36
7918,41,3,35
7919,41,4,36
7920,51,5,34
7921,51,6,34
7922,51,6,35
7923,51,6,35
7924,51,6,35
7925,51,6,34
7926,51,6,34
7927,51,6,34
7928,51,6,34
7929,51,6,36
7930,51,6,34
7931,51,5,34
7932,51,5,33
7933,51,4,34
7934,51,6,34
7935,51,5,34
7936,41,4,34
7937,41,3,34
7938,41,3,34
7939,41,2,35
7940,41,3,35
7941,41,2,34
7942,41,3,34
7943,41,3,35
7944,41,3,34
7945,41,3,35
7946,41,3,35
7947,41,2,34
7948,41,3,34
7949,41,3,34
7950,41,3,34
7951,41,3,34
7952,41,2,35
7953,41,5,34
7954,51,5,35
7955,41,6,35
7956,51,5,35
7957,51,5,36
7958,51,6,34
7959,51,5,34
7960,51,6,35
7961,51,5,35
7962,41,5,35
7963,41,5,35
7964,41,6,36
7965,41,5,35
7966,51,4,34
7967,41,4,35
7968,41,4,34
7969,51,4,35
7970,41,4,35
7971,41,4,34
7972,41,5,34
7973,41,4,35
7974,41,4,35
7975,41,4,34
7976,51,4,35
7977,41,4,34
7978,41,4,35
7979,41,4,35
7980,41,4,34
7981,41,4,34
7982,51,6,34
7983,51,7,35
7984,51,8,35
7985,51,7,35
7986,51,6,34
7987,51,7,34
7988,51,7,35
7989,51,7,34
7990,51,6,35
7991,51,6,34
7992,51,5,34
7993,41,4,35
7994,41,4,35
7995,41,3,35
7996,41,4,35
7997,41,4,35
7998,41,4,36
7999,41,4,36
8000,41,4,35
8001,41,3,35
8002,41,4,35
8003,41,4,35
8004,41,3,35
8005,41,4,35
8006,41,3,35
8007,41,3,36
8008,41,3,36
8009,41,3,36
8010,41,4,35
8011,41,3,35
8012,41,3,34
8013,41,3,35
8014,41,3,34
8015,41,3,33
8016,41,3,33
8017,41,3,33
8018,41,3,34
8019,41,3,34
8020,41,3,34
8021,41,3,34
8022,41,3,34
8023,41,3,36
8024,41,4,35
8025,51,4,34
8026,51,5,34
8027,51,5,35
8028,51,5,34
8029,51,5,34
8030,51,5,34
8031,51,5,35
8032,51,5,35
8033,51,5,34
8034,51,5,34
8035,51,5,34
8036,51,4,34
8037,51,5,33
8038,51,5,34
8039,51,5,34
8040,51,5,35
8041,51,5,34
8042,51,5,34
8043,51,5,34
8044,51,5,34
8045,51,5,35
8046,51,5,34
8047,51,6,33
8048,51,5,34
8049,51,5,34
8050,51,5,34
8051,51,5,35
8052,31,3,35
8053,31,3,34
8054,31,3,33
8055,31,3,35
8056,31,3,34
8057,31,3,35
8058,31,3,34
8059,31,3,35
8060,21,3,35
8061,31,3,34
8062,31,2,34
8063,21,2,34
8064,31,2,36
8065,31,2,34
8066,31,2,34
8067,21,2,35
8068,21,3,34
8069,31,3,35
8070,31,2,35
8071,31,2,35
8072,31,3,34
8073,31,3,34
8074,31,3,34
8075,31,3,35
8076,31,3,35
8077,31,3,35
8078,31,4,35
8079,31,3,35
8080,31,3,34
8081,31,3,35
8082,31,3,35
8083,31,3,34
8084,41,4,36
8085,41,3,36
8086,31,3,35
8087,31,3,35
8088,31,3,35
8089,31,3,36
8090,41,3,36
8091,41,3,36
8092,31,3,36
8093,31,3,36
8094,31,3,36
8095,31,2,36
8096,31,3,35
8097,31,3,36
8098,31,3,34
8099,31,3,36
8100,31,3,35
8101,31,3,35
8102,31,2,35
8103,31,3,34
8104,31,3,34
8105,31,3,35
8106,31,3,34
8107,31,2,35
8108,31,3,36
8109,31,3,35
8110,31,3,35
8111,31,3,35
8112,31,3,35
8113,31,3,34
8114,31,3,34
8115,31,3,34
8116,31,3,34
8117,31,3,34
8118,31,3,35
8119,31,2,35
8120,31,3,36
8121,31,3,36
8122,31,3,35
8123,31,3,35
8124,31,3,35
8125,31,3,34
8126,31,3,36
8127,31,3,35
8128,31,3,33
8129,31,4,35
8130,31,3,35
8131,31,3,35
8132,31,3,35
8133,31,3,34
8134,31,3,35
8135,31,3,34
8136,31,2,35
8137,31,3,35
8138,31,3,35
8139,31,3,35
8140,31,3,34
8141,31,3,35
8142,31,3,35
8143,31,3,35
8144,31,4,35
8145,31,4,34
8146,31,3,35
8147,31,3,35
8148,31,4,36
8149,31,3,35
8150,31,3,35
8151,31,4,36
8152,31,3,35
8153,31,4,34
8154,31,4,35
8155,31,4,35
8156,31,4,35
8157,31,3,35
8158,31,4,35
8159,31,3,35
8160,31,3,36
8161,31,3,36
8162,31,4,35
8163,31,3,35
8164,31,3,35
8165,31,3,36
8166,31,3,35
8167,31,3,36
8168,31,3,36
8169,31,3,35
8170,31,3,36
8171,31,3,34
8172,31,3,35
8173,31,3,34
8174,31,4,35
8175,31,3,35
8176,31,3,34
8177,31,3,35
8178,31,3,35
8179,31,3,35
8180,31,3,35
8181,31,3,35
8182,31,3,34
8183,31,3,34
8184,31,3,35
8185,31,3,35
8186,31,3,34
8187,31,3,35
8188,31,3,35
8189,31,3,34
8190,31,3,34
8191,31,3,34
8192,31,3,35
8193,31,3,35
8194,31,3,36
8195,31,3,35
8196,31,3,35
8197,21,4,35
8198,31,3,35
8199,31,3,35
8200,31,3,35
8201,31,3,35
8202,31,3,35
8203,31,3,35
8204,31,3,35
8205,31,4,34
8206,31,4,34
8207,31,4,34
8208,31,3,34
8209,31,3,36
8210,31,3,36
8211,31,3,35
8212,31,3,36
8213,31,3,36
8214,31,2,36
8215,31,2,35
8216,31,2,34
8217,31,3,36
8218,31,2,35
8219,31,2,35
8220,31,2,35
8221,31,2,36
8222,31,2,35
8223,31,2,35
8224,31,2,35
8225,31,2,35
8226,31,2,35
8227,31,2,35
8228,21,2,35
8229,31,2,35
8230,31,2,36
8231,31,3,36
8232,31,3,35
8233,31,3,36
8234,31,4,36
8235,31,3,36
8236,31,3,35
8237,31,3,36
8238,31,3,35
8239,31,3,37
8240,31,3,36
8241,31,2,36
8242,31,3,36
8243,31,3,36
8244,31,3,37
8245,31,2,36
8246,31,2,37
8247,31,3,36
8248,31,2,36
8249,31,2,35
8250,31,2,36
8251,31,2,36
8252,31,2,35
8253,31,2,37
8254,31,3,34
8255,31,2,35
8256,31,3,34
8257,31,3,35
8258,31,4,36
8259,31,3,34
8260,31,3,35
8261,31,3,34
8262,31,3,34
8263,31,3,35
8264,31,4,35
8265,31,3,35
8266,31,3,34
8267,31,3,36
8268,31,3,34
8269,31,3,35
8270,31,3,34
8271,31,4,36
8272,31,3,36
8273,31,3,36
8274,21,2,35
8275,31,3,35
8276,21,2,35
8277,31,2,35
8278,21,2,36
8279,21,2,35
8280,31,2,35
8281,31,2,34
8282,31,3,35
8283,31,2,35
8284,31,3,36
8285,31,3,34
8286,31,3,35
8287,31,3,35
8288,31,3,34
8289,31,3,34
8290,31,2,35
8291,31,2,36
8292,31,2,35
8293,31,2,35
8294,31,2,35
8295,31,3,36
8296,31,3,35
8297,31,3,36
8298,31,2,35
8299,31,2,35
8300,31,3,35
8301,31,2,35
8302,31,3,35
8303,31,2,36
8304,31,2,35
8305,31,2,34
8306,31,3,35
8307,31,2,35
8308,31,3,35
8309,31,2,35
8310,31,3,37
8311,21,3,36
8312,31,3,36
8313,31,3,37
8314,21,3,35
8315,31,3,36
8316,31,3,35
8317,31,3,35
8318,31,2,35
8319,31,2,35
8320,31,2,35
8321,31,2,35
8322,31,3,36
8323,31,2,35
8324,31,2,36
8325,31,2,37
8326,31,3,36
8327,31,2,35
8328,31,2,35
8329,31,2,35
8330,31,2,36
8331,31,3,35
8332,31,2,35
8333,21,3,35
8334,31,3,35
8335,21,2,35
8336,31,3,35
8337,31,3,35
8338,31,2,36
8339,31,3,34
8340,31,3,34
8341,31,3,35
8342,31,3,35
8343,31,3,35
8344,31,3,33
8345,31,3,35
8346,31,3,35
8347,31,3,34
8348,31,3,35
8349,31,3,34
8350,31,3,35
8351,31,3,35
8352,31,3,35
8353,31,2,35
8354,21,2,35
8355,31,3,36
8356,31,3,36
8357,31,2,36
8358,21,2,36
8359,31,2,35
8360,31,2,35
8361,31,3,36
8362,31,3,36
8363,31,3,36
8364,31,3,35
8365,31,3,35
8366,31,2,36
8367,31,3,36
8368,31,4,35
8369,31,4,37
8370,31,2,36
8371,21,2,36
8372,21,2,35
8373,31,2,35
8374,21,1,34
8375,21,2,35
8376,31,3,36
8377,21,2,35
8378,31,2,35
8379,31,2,36
8380,31,2,36
8381,21,2,35
8382,21,2,35
8383,31,2,35
8384,21,2,35
8385,31,3,36
8386,31,2,35
8387,31,1,35
8388,31,3,36
8389,31,2,36
8390,31,2,36
8391,31,3,35
8392,31,3,34
8393,31,2,35
8394,31,2,35
8395,31,2,35
8396,21,2,36
8397,21,2,35
8398,31,2,35
8399,21,2,34
8400,31,2,36
8401,31,3,35
8402,31,3,35
8403,31,3,35
8404,31,3,35
8405,31,2,35
8406,31,3,35
8407,31,3,35
8408,31,3,35
8409,31,3,35
8410,31,3,35
8411,31,3,35
8412,31,3,35
8413,31,3,35
8414,31,3,35
8415,31,3,35
8416,31,3,35
8417,31,3,35
8418,31,3,34
8419,31,3,35
8420,31,3,35
8421,31,3,36
8422,31,2,36
8423,31,2,36
8424,31,2,35
8425,31,2,35
8426,31,2,34
8427,31,2,34
8428,31,3,36
8429,31,2,36
8430,31,3,37
8431,31,3,34
8432,31,3,35
8433,31,2,35
8434,31,3,36
8435,31,3,35
8436,31,2,37
8437,31,2,34
8438,31,2,35
8439,31,2,35
8440,31,3,35
8441,31,2,35
8442,31,2,34
8443,31,3,36
8444,31,2,35
8445,31,2,35
8446,21,2,36
8447,31,3,35
8448,31,2,36
8449,31,2,35
8450,31,2,35
8451,31,2,35
8452,31,3,35
8453,41,4,33
8454,31,3,35
8455,31,3,35
8456,31,3,35
8457,31,3,34
8458,31,3,35
8459,31,3,35
8460,31,3,35
8461,31,3,35
8462,31,2,34
8463,31,3,35
8464,31,3,34
8465,31,3,35
8466,31,3,36
8467,31,3,36
8468,31,3,36
8469,31,3,34
8470,31,3,34
8471,31,3,34
8472,31,3,35
8473,31,3,34
8474,31,3,35
8475,31,3,35
8476,31,3,34
8477,31,3,36
8478,31,3,35
8479,31,3,36
8480,31,3,34
8481,31,3,35
8482,31,3,34
8483,31,3,35
8484,31,3,35
8485,31,3,34
8486,31,4,35
8487,31,3,35
8488,31,3,35
8489,31,3,35
8490,31,3,35
8491,31,3,35
8492,31,3,35
8493,31,3,34
8494,31,2,35
8495,31,3,37
8496,31,3,37
8497,31,3,35
8498,31,3,35
8499,31,3,35
8500,31,3,34
8501,31,3,34
8502,31,3,35
8503,31,3,34
8504,31,4,35
8505,31,4,36
8506,31,3,36
8507,31,3,37
8508,31,3,37
8509,31,3,36
8510,31,3,36
8511,21,3,37
8512,21,3,36
8513,31,3,37
8514,31,3,36
8515,31,2,36
8516,31,3,35
8517,31,3,36
8518,31,2,35
8519,31,3,34
8520,31,3,35
8521,31,3,34
8522,31,3,34
8523,31,3,35
8524,31,3,35
8525,31,3,35
8526,31,3,35
8527,31,3,34
8528,31,3,34
8529,31,2,34
8530,31,3,35
8531,41,3,36
8532,31,4,35
8533,41,4,35
8534,31,4,36
8535,41,4,35
8536,31,3,35
8537,41,3,36
8538,41,4,34
8539,41,4,36
8540,41,3,36
8541,31,4,35
8542,31,4,35
8543,31,4,35
8544,41,4,34
8545,31,4,34
8546,41,4,34
8547,41,3,33
8548,51,3,33
8549,41,4,35
8550,31,4,35
8551,41,4,37
8552,31,3,35
8553,31,4,35
8554,31,3,35
8555,31,3,34
8556,31,3,35
8557,31,3,35
8558,31,3,35
8559,31,4,35
8560,31,3,34
8561,31,3,35
8562,31,4,35
8563,31,3,36
8564,31,3,35
8565,31,3,35
8566,31,2,35
8567,31,2,34
8568,31,3,35
8569,31,2,34
8570,31,2,34
8571,31,3,34
8572,31,3,36
8573,31,2,35
8574,31,3,35
8575,31,3,35
8576,31,3,35
8577,31,3,34
8578,31,2,34
8579,31,3,35
8580,31,3,35
8581,31,3,34
8582,31,3,36
8583,31,3,36
8584,31,3,35
8585,31,2,34
8586,31,2,35
8587,31,2,34
8588,31,2,34
8589,31,3,34
8590,31,3,34
8591,31,3,35
8592,31,4,34
8593,31,3,36
8594,31,3,35
8595,31,3,35
8596,31,3,35
8597,31,3,35
8598,31,3,35
8599,31,3,35
8600,31,3,34
8601,31,3,35
8602,31,3,35
8603,31,3,35
8604,31,3,35
8605,31,3,35
8606,31,3,35
8607,31,3,35
8608,31,3,34
8609,31,2,35
8610,31,3,34
8611,31,3,35
8612,31,2,35
8613,31,2,35
8614,31,2,34
8615,31,3,35
8616,31,3,35
8617,31,3,34
8618,31,3,34
8619,31,3,35
8620,31,3,34
8621,31,2,35
8622,31,3,35
8623,31,3,35
8624,31,2,35
8625,31,3,35
8626,31,3,36
8627,31,3,34
8628,31,2,36
8629,31,3,35
8630,31,2,35
8631,31,3,35
8632,31,3,35
8633,31,2,34
8634,31,2,35
8635,31,3,35
8636,31,3,35
8637,31,4,35
8638,41,4,36
8639,41,4,35
8640,31,4,35
8641,41,4,36
8642,41,5,36
8643,31,5,36
8644,41,4,37
8645,41,4,37
8646,31,5,36
8647,31,5,36
8648,41,4,37
8649,41,4,37
8650,31,5,37
8651,31,5,38
8652,31,5,37
8653,41,4,37
8654,41,4,37
8655,31,5,36
8656,41,4,37
8657,41,4,36
8658,41,4,37
8659,41,4,37
8660,31,5,37
8661,41,4,37
8662,41,4,38
8663,41,4,37
8664,31,5,37
8665,31,5,37
8666,41,4,36
8667,41,5,34
8668,41,4,36
8669,41,4,36
8670,41,5,36
8671,31,4,36
8672,41,4,36
8673,41,3,36
8674,41,4,36
8675,31,5,36
8676,31,5,35
8677,31,4,35
8678,31,3,35
8679,31,4,35
8680,31,4,35
8681,31,3,36
8682,31,3,36
8683,31,4,34
8684,31,4,35
8685,31,3,37
8686,31,5,35
8687,31,4,35
8688,31,4,35
8689,31,4,36
8690,31,3,36
8691,31,3,36
8692,31,3,35
8693,31,3,36
8694,31,3,34
8695,31,3,35
8696,31,3,35
8697,31,3,35
8698,31,3,36
8699,31,3,36
8700,31,3,35
8701,31,3,36
8702,31,4,34
8703,43,4,36
8704,31,5,36
8705,41,4,36
8706,31,5,37
8707,31,4,35
8708,41,4,35
8709,31,3,34
8710,31,3,35
8711,31,4,35
8712,31,3,35
8713,41,4,36
8714,41,5,36
8715,41,5,35
8716,41,5,36
8717,41,5,36
8718,41,5,36
8719,31,5,36
8720,41,5,36
8721,41,4,35
8722,41,4,37
8723,41,4,37
8724,41,5,38
8725,41,6,36
8726,41,4,36
8727,31,5,37
8728,31,5,37
8729,41,4,37
8730,41,6,36
8731,41,4,37
8732,41,5,36
8733,41,4,37
8734,41,5,35
8735,41,4,37
8736,41,3,36
8737,41,4,37
8738,31,5,37
8739,31,5,38
8740,31,5,37
8741,31,5,37
8742,31,5,38
8743,31,5,37
8744,31,5,36
8745,41,6,38
8746,41,5,36
8747,31,4,35
8748,31,4,35
8749,41,3,36
8750,31,3,35
8751,31,3,35
8752,31,4,35
8753,31,3,35
8754,31,3,35
8755,31,3,35
8756,31,4,34
8757,31,4,35
8758,31,4,35
8759,31,4,35
8760,41,4,35
8761,41,3,36
8762,31,4,35
8763,31,5,36
8764,31,5,36
8765,31,3,35
8766,31,3,34
8767,31,3,35
8768,31,3,35
8769,31,3,35
8770,31,3,35
8771,31,3,34
8772,31,2,36
8773,31,3,36
8774,31,3,35
8775,31,3,36
8776,31,3,36
8777,31,4,35
8778,31,3,36
8779,31,4,36
8780,31,3,35
8781,31,3,35
8782,31,4,35
8783,31,4,35
8784,31,4,35
8785,31,4,35
8786,31,4,35
8787,31,4,35
8788,31,3,34
8789,31,3,34
8790,31,3,35
8791,31,3,35
8792,31,3,35
8793,31,3,34
8794,31,3,35
8795,31,3,35
8796,31,3,35
8797,31,4,35
8798,31,4,35
8799,31,4,35
8800,31,2,35
8801,31,3,35
8802,31,3,35
8803,31,2,35
8804,31,3,35
8805,31,3,36
8806,31,3,36
8807,31,3,35
8808,21,3,36
8809,31,3,36
8810,31,2,36
8811,21,3,36
8812,31,3,36
8813,31,3,35
8814,31,3,35
8815,31,3,36
8816,21,3,36
8817,31,3,36
8818,31,3,36
8819,31,3,35
8820,31,2,36
8821,31,2,36
8822,31,3,35
8823,31,3,35
8824,31,2,35
8825,31,3,36
8826,31,5,36
8827,31,3,35
8828,31,3,36
8829,31,3,36
8830,41,4,37
8831,41,4,36
8832,41,4,36
8833,41,5,36
8834,41,6,37
8835,41,4,35
8836,41,4,36
8837,31,4,36
8838,41,4,36
8839,41,5,36
8840,41,5,36
8841,41,5,36
8842,41,4,37
8843,41,6,37
8844,41,6,37
8845,41,6,38
8846,41,5,36
8847,41,6,37
8848,41,5,36
8849,41,6,37
8850,41,5,35
8851,31,2,35
8852,31,3,35
8853,31,3,35
8854,31,3,35
8855,31,3,35
8856,31,3,35
8857,31,3,34
8858,31,3,35
8859,31,3,35
8860,31,3,35
8861,31,3,35
8862,31,3,35
8863,31,3,35
8864,31,3,35
8865,21,3,36
8866,31,3,35
8867,31,3,35
8868,31,3,35
8869,31,4,36
8870,31,3,35
8871,31,3,35
8872,31,2,36
8873,31,3,35
8874,31,3,35
8875,41,4,35
8876,31,3,35
8877,31,3,34
8878,31,3,35
8879,31,3,35
8880,31,3,35
8881,21,3,35
8882,31,3,35
8883,41,6,36
8884,41,6,36
8885,41,6,36
8886,41,6,35
8887,41,5,35
8888,41,4,35
8889,41,4,37
8890,41,4,37
8891,41,5,36
8892,41,5,36
8893,41,5,35
8894,41,6,36
8895,41,5,36
8896,41,4,36
8897,41,6,34
8898,31,3,35
8899,31,3,35
8900,31,3,35
8901,31,3,35
8902,21,3,35
8903,31,3,35
8904,31,3,35
8905,31,3,35
8906,43,3,36
8907,43,5,37
8908,43,4,37
8909,31,5,35
8910,31,5,35
8911,41,5,34
8912,31,3,35
8913,31,5,36
8914,41,4,36
8915,41,3,36
8916,41,4,36
8917,41,4,36
8918,41,5,36
8919,41,5,35
8920,41,4,36
8921,41,5,36
8922,41,5,36
8923,41,5,36
8924,41,4,36
8925,41,4,36
8926,41,6,35
8927,31,5,35
8928,41,4,37
8929,41,4,36
8930,41,4,36
8931,41,4,36
8932,41,3,36
8933,31,3,36
8934,31,5,37
8935,31,3,35
8936,31,3,35
8937,31,3,35
8938,31,3,35
8939,31,3,34
8940,31,3,35
8941,31,3,35
8942,31,3,35
8943,31,2,35
8944,31,3,35
8945,31,3,35
8946,31,3,35
8947,31,3,35
8948,31,3,35
8949,31,3,35
8950,31,3,35
8951,21,3,35
8952,31,3,35
8953,31,3,35
8954,41,5,35
8955,31,4,35
8956,31,5,35
8957,41,5,36
8958,41,5,36
8959,31,2,35
8960,31,3,35
8961,31,3,35
8962,31,3,35
8963,31,2,36
8964,31,3,35
8965,31,3,35
8966,31,3,36
8967,31,2,36
8968,31,3,34
8969,31,3,36
8970,31,3,35
8971,41,4,35
8972,31,5,36
8973,31,4,35
8974,41,6,38
8975,41,6,37
8976,41,7,36
8977,41,6,36
8978,41,6,37
8979,41,6,38
8980,41,6,38
8981,41,6,38
8982,41,6,36
8983,41,6,37
8984,41,5,36
8985,41,6,36
8986,41,6,36
8987,41,6,38
8988,41,4,37
8989,41,4,37
8990,41,4,37
8991,31,5,37
8992,31,5,37
8993,31,5,37
8994,31,5,37
8995,31,5,37
8996,41,6,37
8997,41,6,36
8998,41,5,36
8999,41,6,36
9000,41,5,36
9001,41,6,37
9002,41,6,36
9003,41,7,37
9004,41,6,38
9005,41,6,36
9006,41,6,38
9007,41,6,37
9008,41,6,36
9009,41,7,38
9010,41,6,36
9011,31,5,37
9012,31,5,37
9013,31,5,36
9014,31,5,37
9015,31,5,37
9016,31,5,37
9017,31,4,35
9018,31,4,34
9019,31,4,34
9020,31,4,35
9021,31,4,35
9022,31,4,35
9023,31,4,35
9024,31,4,35
9025,31,4,34
9026,31,4,34
9027,31,5,36
9028,31,5,37
9029,31,5,37
9030,31,5,37
9031,31,5,37
9032,31,5,36
9033,31,5,37
9034,41,6,37
9035,41,6,37
9036,31,5,36
9037,31,5,37
9038,41,6,36
9039,41,4,36
9040,31,4,35
9041,41,4,37
9042,31,5,36
9043,31,5,36
9044,41,6,36
9045,31,6,37
9046,31,5,37
9047,31,5,37
9048,31,5,37
9049,31,6,37
9050,31,5,36
9051,31,5,37
9052,31,6,37
9053,31,5,37
9054,31,5,37
9055,41,4,36
9056,41,3,34
9057,31,3,35
9058,31,2,37
9059,31,3,37
9060,31,3,35
9061,31,3,36
9062,31,3,36
9063,31,3,36
9064,31,2,36
9065,31,3,35
9066,31,3,36
9067,31,2,36
9068,31,4,37
9069,41,4,37
9070,31,3,36
9071,31,3,37
9072,31,3,36
9073,31,4,35
9074,31,5,36
9075,31,3,36
9076,41,7,37
9077,41,6,37
9078,41,6,37
9079,41,6,36
9080,41,6,37
9081,41,6,37
9082,41,6,38
9083,41,6,37
9084,31,6,37
9085,31,6,37
9086,31,6,37
9087,31,5,37
9088,41,6,38
9089,41,7,37
9090,41,6,37
9091,41,6,37
9092,41,6,37
9093,41,8,37
9094,31,3,36
9095,31,3,36
9096,31,3,35
9097,31,2,36
9098,31,3,36
9099,31,3,37
9100,31,3,36
9101,31,3,36
9102,31,3,37
9103,31,3,37
9104,31,3,37
9105,31,3,36
9106,31,3,37
9107,31,3,35
9108,31,3,36
9109,31,3,36
9110,31,3,36
9111,31,3,36
9112,31,3,35
9113,31,3,36
9114,31,3,36
9115,31,3,37
9116,31,2,35
9117,31,3,37
9118,31,2,36
9119,31,3,35
9120,31,3,36
9121,31,3,35
9122,31,3,35
9123,31,3,35
9124,31,3,35
9125,31,3,35
9126,31,3,35
9127,31,3,36
9128,31,3,37
9129,31,3,36
9130,21,3,36
9131,21,3,36
9132,21,3,37
9133,31,3,36
9134,31,3,36
9135,31,3,36
9136,31,3,36
9137,31,3,36
9138,31,3,37
9139,31,3,35
9140,21,3,35
9141,31,2,36
9142,31,3,36
9143,31,2,37
9144,31,3,36
9145,31,2,36
9146,21,3,35
9147,31,3,34
9148,31,3,35
9149,31,3,35
9150,41,4,36
9151,41,4,36
9152,41,4,35
9153,41,4,36
9154,41,4,34
9155,41,4,34
9156,41,4,34
9157,41,4,36
9158,41,4,36
9159,41,4,36
9160,41,4,36
9161,41,4,36
9162,41,4,36
9163,41,4,36
9164,41,4,36
9165,41,4,36
9166,41,4,36
9167,31,3,35
9168,41,4,34
9169,41,4,36
9170,41,4,36
9171,41,3,37
9172,41,4,36
9173,41,4,36
9174,31,3,35
9175,31,3,35
9176,31,4,35
9177,41,4,34
9178,41,4,34
9179,41,4,37
9180,41,4,37
9181,31,5,37
9182,31,3,35
9183,31,3,35
9184,21,3,35
9185,31,3,35
9186,21,3,35
9187,31,3,35
9188,31,3,36
9189,31,4,35
9190,31,3,35
9191,31,3,35
9192,31,3,35
9193,31,4,35
9194,31,3,36
9195,31,3,37
9196,31,2,36
9197,31,2,35
9198,31,3,35
9199,31,2,35
9200,41,3,36
9201,41,3,37
9202,41,2,36
9203,41,3,37
9204,31,2,36
9205,41,3,36
9206,41,4,37
9207,31,4,35
9208,31,4,35
9209,31,4,34
9210,31,3,36
9211,31,3,35
9212,31,3,36
9213,31,3,35
9214,31,3,36
9215,31,2,35
9216,31,2,35
9217,31,2,36
9218,31,2,35
9219,31,2,35
9220,31,3,35
9221,31,3,36
9222,31,2,36
9223,31,2,36
9224,31,3,35
9225,31,3,34
9226,31,2,35
9227,31,2,35
9228,31,2,35
9229,21,2,35
9230,31,2,34
9231,31,3,35
9232,31,3,35
9233,31,3,35
9234,31,3,35
9235,31,3,35
9236,31,3,35
9237,31,3,35
9238,31,3,35
9239,31,3,35
9240,31,3,36
9241,31,3,35
9242,31,3,34
9243,31,3,35
9244,31,3,35
9245,41,3,36
9246,31,3,36
9247,31,3,35
9248,31,3,35
9249,31,3,34
9250,41,3,36
9251,31,3,35
9252,31,3,36
9253,31,3,34
9254,31,3,36
9255,31,4,35
9256,31,3,35
9257,31,3,35
9258,31,3,35
9259,31,3,35
9260,31,4,34
9261,31,3,34
9262,41,3,36
9263,31,3,35
9264,41,3,36
9265,31,3,35
9266,31,3,35
9267,31,3,35
9268,31,4,35
9269,31,3,35
9270,41,3,36
9271,31,3,35
9272,31,3,35
9273,31,4,35
9274,31,4,34
9275,41,3,36
9276,31,3,36
9277,31,3,35
9278,31,3,35
9279,31,3,36
9280,31,3,36
9281,31,3,36
9282,31,3,36
9283,31,3,36
9284,31,4,35
9285,31,3,36
9286,31,3,36
9287,31,5,37
9288,31,3,36
9289,31,3,37
9290,31,4,35
9291,31,3,36
9292,31,3,36
9293,31,3,36
9294,31,3,37
9295,31,3,36
9296,31,3,36
9297,31,3,36
9298,31,3,35
9299,31,3,35
9300,31,3,35
9301,31,3,35
9302,31,3,35
9303,31,3,36
9304,31,4,35
9305,31,4,35
9306,31,3,35
9307,31,3,36
9308,31,4,35
9309,31,4,35
9310,31,4,35
9311,31,4,36
9312,31,3,36
9313,31,3,35
9314,31,3,36
9315,31,3,36
9316,31,3,35
9317,31,3,36
9318,31,3,35
9319,31,3,36
9320,31,3,36
9321,31,3,35
9322,31,3,38
9323,31,3,35
9324,31,3,36
9325,31,3,36
9326,31,3,36
9327,31,3,37
9328,31,3,36
9329,31,3,37
9330,31,3,36
9331,31,3,37
9332,31,3,36
9333,31,3,36
9334,31,3,36
9335,31,3,37
9336,41,3,37
9337,31,3,35
9338,31,3,35
9339,31,3,36
9340,31,3,35
9341,31,3,36
9342,31,3,35
9343,31,3,36
9344,31,3,36
9345,31,3,36
9346,31,3,36
9347,31,3,36
9348,31,3,37
9349,31,3,36
9350,31,3,35
9351,31,3,36
9352,31,3,36
9353,31,3,35
9354,31,3,36
9355,31,3,36
9356,31,3,36
9357,31,3,37
9358,31,3,36
9359,31,3,35
9360,31,4,36
9361,31,4,35
9362,31,4,34
9363,31,3,35
9364,31,3,35
9365,31,3,35
9366,31,3,36
9367,31,3,35
9368,31,3,35
9369,31,3,35
9370,41,3,36
9371,31,3,35
9372,31,3,36
9373,31,3,36
9374,31,3,36
9375,31,3,36
9376,31,3,37
9377,31,3,35
9378,31,4,36
9379,31,3,35
9380,31,3,36
9381,31,3,36
9382,31,3,36
9383,31,3,36
9384,31,3,36
9385,31,3,36
9386,31,3,36
9387,31,3,37
9388,31,4,35
9389,41,4,37
9390,31,3,35
9391,31,3,36
9392,31,3,36
9393,31,3,36
9394,31,2,33
9395,31,3,35
9396,31,3,35
9397,31,2,34
9398,31,3,35
9399,31,3,35
9400,31,3,35
9401,31,3,35
9402,31,2,35
9403,31,3,35
9404,31,4,35
9405,31,4,35
9406,31,3,35
9407,31,3,35
9408,31,3,34
9409,31,3,34
9410,31,3,35
9411,31,3,35
9412,31,3,34
9413,31,3,35
9414,41,4,36
9415,41,4,36
9416,41,4,37
9417,31,2,37
9418,31,3,35
9419,31,3,39
9420,41,4,37
9421,31,5,37
9422,31,5,37
9423,41,4,37
9424,41,5,37
9425,41,4,37
9426,41,4,37
9427,41,3,37
9428,41,4,37
9429,31,5,37
9430,31,5,37
9431,31,5,37
9432,31,5,36
9433,31,5,37
9434,31,5,38
9435,31,5,38
9436,31,5,38
9437,41,6,36
9438,41,4,37
9439,31,5,37
9440,41,4,36
9441,41,5,36
9442,41,4,36
9443,31,5,37
9444,31,5,36
9445,41,4,37
9446,41,4,37
9447,31,5,37
9448,41,6,37
9449,41,4,37
9450,41,4,38
9451,41,4,38
9452,31,3,35
9453,31,3,35
9454,41,4,35
9455,31,3,36
9456,31,3,36
9457,31,3,35
9458,31,3,36
9459,31,3,36
9460,31,3,35
9461,41,3,37
9462,41,3,36
9463,41,3,37
9464,41,3,36
9465,31,3,36
9466,41,3,37
9467,31,3,36
9468,31,3,36
9469,31,3,36
9470,31,3,36
9471,41,3,36
9472,31,3,36
9473,41,3,36
9474,31,3,36
9475,31,4,35
9476,31,3,36
9477,41,3,36
9478,31,3,36
9479,31,3,37
9480,31,3,36
9481,31,3,36
9482,31,3,37
9483,31,3,37
9484,31,3,37
9485,41,3,36
9486,31,3,35
9487,31,3,35
9488,41,3,36
9489,31,3,37
9490,31,3,36
9491,31,3,36
9492,31,3,35
9493,41,3,36
9494,31,3,35
9495,31,3,36
9496,31,3,36
9497,31,3,36
9498,41,3,36
9499,41,3,37
9500,31,3,35
9501,31,4,35
9502,31,3,35
9503,31,3,35
9504,41,4,36
9505,41,3,36
9506,31,3,36
9507,31,3,36
9508,31,3,36
9509,31,3,34
9510,31,3,35
9511,41,4,36
9512,41,4,36
9513,31,5,35
9514,41,4,36
9515,31,4,35
9516,41,4,36
9517,41,4,36
9518,41,4,36
9519,31,4,35
9520,31,4,35
9521,31,4,35
9522,31,4,35
9523,41,4,36
9524,41,4,36
9525,41,4,36
9526,41,5,34
9527,41,4,36
9528,41,4,36
9529,31,4,35
9530,31,3,35
9531,41,3,37
9532,41,3,37
9533,41,4,36
9534,41,4,36
9535,41,4,35
9536,41,4,36
9537,31,3,35
9538,31,3,36
9539,31,3,35
9540,31,3,35
9541,31,4,35
9542,31,4,35
9543,41,3,36
9544,31,4,35
9545,31,3,36
9546,31,3,38
9547,41,4,37
9548,31,3,35
9549,31,3,35
9550,31,3,35
9551,31,3,37
9552,41,4,37
9553,31,3,37
9554,41,4,37
9555,31,3,37
9556,31,3,37
9557,31,3,36
9558,41,4,35
9559,41,4,37
9560,31,3,37
9561,41,4,37
9562,41,3,37
9563,41,4,37
9564,41,6,38
9565,41,4,37
9566,41,4,37
9567,41,4,37
9568,31,5,36
9569,31,3,37
9570,41,4,37
9571,41,6,38
9572,31,4,35
9573,31,4,35
9574,41,4,37
9575,31,3,39
9576,31,5,35
9577,41,6,37
9578,41,4,37
9579,31,5,37
9580,41,4,37
9581,41,4,36
9582,41,4,37
9583,41,4,38
9584,41,4,37
9585,41,4,37
9586,31,3,37
9587,31,3,36
9588,31,3,36
9589,31,3,36
9590,31,3,36
9591,31,3,35
9592,31,3,36
9593,31,3,35
9594,31,3,36
9595,31,3,35
9596,31,3,36
9597,31,3,36
9598,31,3,35
9599,31,3,35
9600,31,3,35
9601,31,3,37
9602,41,4,37
9603,31,3,36
9604,31,3,37
9605,31,3,35
9606,31,3,38
9607,31,3,37
9608,31,3,36
9609,31,2,37
9610,31,3,36
9611,31,4,35
9612,31,3,36
9613,31,5,37
9614,41,6,37
9615,31,3,36
9616,31,3,34
9617,31,3,35
9618,31,4,35
9619,31,3,36
9620,31,4,35
9621,31,4,36
9622,31,3,35
9623,31,3,35
9624,31,3,37
9625,31,3,36
9626,31,4,35
9627,31,3,35
9628,31,3,36
9629,31,3,36
9630,31,3,35
9631,31,3,36
9632,31,3,36
9633,41,4,35
9634,41,4,34
9635,41,4,36
9636,41,4,34
9637,41,5,36
9638,41,4,36
9639,41,4,36
9640,41,4,36
9641,41,4,37
9642,41,4,34
9643,41,4,37
9644,41,4,36
9645,41,4,37
9646,41,3,36
9647,41,4,36
9648,41,3,36
9649,31,4,35
9650,31,4,35
9651,31,4,34
9652,31,4,35
9653,31,4,35
9654,31,4,35
9655,31,4,34
9656,41,4,35
9657,41,5,34
9658,41,4,36
9659,41,4,36
9660,41,3,36
9661,41,4,36
9662,41,4,36
9663,41,3,36
9664,41,4,37
9665,41,4,37
9666,41,4,37
9667,41,4,37
9668,41,4,38
9669,41,4,37
9670,31,5,37
9671,41,4,37
9672,31,5,37
9673,41,4,36
9674,41,4,37
9675,31,3,37
9676,41,3,36
9677,41,3,36
9678,41,3,36
9679,41,3,36
9680,31,3,35
9681,31,3,35
9682,41,3,36
9683,41,3,36
9684,31,3,36
9685,31,3,35
9686,31,3,35
9687,31,3,34
9688,31,3,35
9689,31,3,34
9690,31,3,35
9691,31,3,35
9692,31,3,34
9693,31,3,35
9694,31,3,35
9695,41,3,36
9696,41,3,36
9697,41,3,36
9698,41,3,36
9699,31,3,36
9700,31,3,35
9701,31,3,35
9702,31,3,36
9703,41,3,35
9704,31,3,36
9705,41,3,36
9706,41,4,37
9707,41,4,37
9708,41,3,36
9709,31,3,35
9710,41,3,36
9711,31,3,36
9712,41,4,37
9713,41,3,36
9714,41,4,37
9715,41,3,36
9716,41,3,36
9717,41,4,38
9718,31,3,35
9719,31,3,34
9720,31,3,35
9721,31,3,35
9722,31,3,35
9723,31,3,36
9724,31,3,35
9725,31,3,35
9726,31,3,34
9727,31,3,34
9728,31,3,33
9729,31,2,35
9730,31,3,35
9731,31,3,36
9732,31,3,35
9733,31,3,34
9734,31,3,35
9735,31,3,36
9736,31,3,36
9737,31,3,35
9738,31,3,35
9739,31,2,35
9740,31,2,35
9741,31,3,36
9742,31,2,35
9743,31,3,36
9744,31,2,35
9745,31,2,35
9746,31,3,35
9747,31,3,35
9748,31,2,35
9749,31,3,35
9750,31,2,36
9751,31,3,35
9752,31,3,34
9753,31,3,35
9754,31,3,35
9755,31,3,35
9756,31,3,35
9757,31,2,35
9758,31,3,34
9759,31,2,35
9760,31,3,34
9761,31,3,35
9762,31,3,34
9763,31,3,35
9764,31,3,35
9765,41,4,36
9766,41,4,36
9767,41,4,36
9768,41,4,36
9769,41,4,36
9770,41,4,36
9771,41,4,36
9772,41,4,36
9773,41,4,36
9774,41,4,36
9775,41,4,37
9776,41,5,36
9777,41,4,36
9778,41,4,36
9779,41,4,36
9780,31,2,34
9781,31,2,33
9782,31,2,34
9783,31,3,34
9784,31,3,35
9785,31,3,35
9786,31,2,35
9787,31,2,35
9788,31,2,35
9789,31,3,34
9790,31,3,35
9791,31,3,35
9792,31,3,34
9793,31,3,35
9794,31,2,34
9795,31,3,34
9796,31,3,35
9797,31,3,35
9798,31,2,35
9799,31,3,34
9800,31,3,35
9801,31,2,35
9802,31,3,34
9803,31,3,35
9804,31,2,34
9805,31,2,35
9806,31,3,36
9807,41,3,36
9808,31,3,35
9809,31,3,35
9810,31,3,35
9811,31,3,35
9812,31,3,35
9813,31,3,35
9814,31,3,36
9815,31,3,35
9816,31,3,35
9817,31,3,36
9818,31,3,34
9819,31,3,34
9820,31,3,35
9821,31,3,34
9822,31,3,34
9823,31,3,33
9824,31,3,34
9825,31,3,34
9826,31,3,35
9827,31,3,37
9828,31,3,35
9829,31,2,35
9830,31,2,35
9831,31,3,35
9832,31,2,34
9833,31,3,34
9834,31,3,35
9835,31,3,34
9836,31,3,34
9837,31,3,34
9838,31,2,34
9839,31,3,34
9840,31,3,35
9841,31,2,36
9842,31,3,35
9843,31,3,34
9844,31,2,35
9845,31,2,35
9846,31,3,36
9847,31,3,35
9848,31,3,35
9849,41,4,36
9850,41,4,38
9851,41,4,37
9852,31,5,36
9853,31,5,36
9854,31,4,35
9855,41,4,37
9856,41,4,38
9857,41,4,36
9858,41,4,37
9859,41,4,36
9860,41,4,37
9861,41,4,37
9862,41,4,37
9863,31,5,36
9864,31,5,36
9865,41,4,37
9866,31,5,36
9867,31,4,35
9868,41,4,36
9869,41,4,37
9870,31,5,35
9871,31,5,36
9872,31,5,36
9873,31,5,36
9874,41,4,37
9875,41,4,37
9876,41,4,37
9877,31,5,36
9878,41,4,35
9879,31,5,36
9880,31,4,37
9881,41,5,35
9882,41,5,35
9883,31,4,35
9884,31,5,35
9885,31,5,35
9886,31,5,35
9887,31,5,35
9888,41,4,35
9889,31,5,35
9890,31,5,35
9891,41,4,37
9892,41,4,37
9893,41,4,36
9894,41,4,36
9895,41,4,37
9896,31,5,37
9897,41,4,37
9898,31,5,37
9899,41,3,36
9900,41,4,37
9901,31,5,37
9902,31,5,37
9903,41,4,36
9904,41,4,36
9905,41,3,37
9906,41,4,37
9907,31,3,36
9908,31,3,35
9909,31,3,38
9910,31,3,37
9911,31,3,36
9912,31,4,36
9913,31,3,35
9914,41,3,35
9915,41,3,36
9916,31,3,35
9917,31,3,37
9918,41,3,36
9919,41,3,36
9920,41,3,36
9921,31,3,34
9922,31,3,34
9923,31,3,35
9924,31,2,35
9925,31,3,33
9926,31,2,35
9927,31,2,34
9928,31,3,36
9929,41,4,36
9930,41,3,36
9931,43,5,36
9932,43,5,35
9933,43,4,37
9934,43,4,36
9935,43,4,36
9936,43,4,36
9937,43,5,37
9938,43,5,37
9939,41,4,37
9940,41,4,37
9941,41,4,37
9942,41,4,38
9943,41,4,37
9944,41,3,37
9945,41,4,36
9946,41,4,37
9947,41,4,37
9948,41,4,37
9949,41,4,37
9950,41,4,38
9951,41,4,38
9952,41,4,37
9953,41,4,37
9954,41,4,37
9955,41,4,37
9956,41,4,37
9957,41,4,38
9958,41,4,37
9959,41,4,37
9960,41,4,37
9961,41,4,37
9962,41,4,37
9963,41,4,37
9964,41,4,37
9965,41,4,38
9966,41,4,37
9967,41,4,37
9968,41,3,38
9969,41,4,37
9970,41,4,37
9971,41,4,38
9972,41,4,38
9973,41,4,38
9974,41,4,37
9975,41,4,37
9976,41,3,37
9977,41,3,37
9978,41,3,37
9979,41,4,37
9980,41,3,38
9981,41,4,37
9982,41,3,37
9983,41,4,37
9984,41,5,35
9985,41,4,37
9986,41,5,35
9987,31,4,35
9988,31,5,35
9989,51,5,38
9990,41,4,37
9991,41,4,37
9992,41,4,37
9993,41,4,37
9994,41,4,37
9995,41,3,38
9996,41,3,37
9997,41,4,37
9998,41,4,37
9999,41,4,38
10000,41,4,38
10001,41,4,37
10002,41,4,37
10003,41,4,37
10004,41,4,37
10005,51,5,38
10006,51,5,38
10007,41,4,38
10008,41,4,38
10009,41,4,37
10010,41,4,37
10011,41,4,37
10012,41,4,38
10013,41,4,37
10014,41,4,37
10015,41,4,38
10016,31,4,35
10017,31,4,35
10018,31,4,35
10019,31,4,35
10020,31,5,36
10021,31,4,36
10022,41,4,37
10023,31,5,36
10024,41,4,37
10025,31,5,36
10026,31,5,37
10027,41,4,37
10028,31,4,36
10029,31,4,36
10030,31,5,34
10031,31,4,34
10032,41,4,35
10033,31,5,36
10034,41,4,35
10035,41,5,36
10036,31,4,35
10037,31,5,37
10038,31,4,35
10039,31,5,35
10040,31,4,34
10041,41,6,36
10042,41,4,35
10043,41,4,35
10044,31,4,35
10045,31,4,35
10046,31,4,35
10047,31,5,35
10048,41,5,35
10049,41,5,35
10050,41,4,37
10051,41,4,37
10052,41,4,37
10053,31,4,35
10054,31,4,35
10055,31,4,34
10056,31,4,34
10057,31,4,34
10058,31,2,34
10059,31,3,34
10060,31,3,35
10061,31,2,34
10062,31,2,35
10063,31,2,34
10064,31,2,34
10065,31,3,35
10066,31,2,34
10067,31,2,34
10068,31,2,35
10069,31,3,34
10070,31,2,35
10071,31,3,35
10072,31,2,35
10073,31,3,35
10074,31,3,36
10075,31,3,36
10076,31,3,35
10077,31,3,37
10078,31,4,35
10079,31,3,35
10080,31,3,34
10081,31,2,35
10082,31,2,35
10083,31,2,35
10084,31,3,35
10085,31,3,35
10086,31,3,35
10087,31,3,36
10088,31,3,37
10089,31,3,35
10090,31,3,36
10091,31,4,36
10092,31,3,36
10093,31,3,37
10094,31,3,36
10095,31,3,36
10096,31,3,35
10097,31,3,35
10098,31,4,35
10099,31,4,36
10100,31,3,36
10101,31,3,36
10102,31,3,36
10103,31,3,36
10104,31,3,36
10105,31,3,36
10106,31,3,36
10107,31,3,36
10108,31,4,36
10109,31,3,35
10110,31,3,35
10111,31,3,35
10112,31,3,35
10113,31,3,36
10114,31,3,37
10115,31,4,36
10116,31,3,36
10117,31,3,35
10118,31,3,36
10119,31,3,36
10120,31,3,36
10121,31,3,35
10122,31,3,36
10123,31,3,35
10124,31,3,35
10125,31,3,36
10126,31,4,35
10127,31,3,36
10128,41,4,37
10129,41,5,35
10130,31,4,35
10131,41,3,37
10132,41,4,37
10133,41,5,34
10134,41,4,37
10135,41,5,35
10136,41,5,35
10137,41,4,36
10138,41,4,36
10139,41,5,35
10140,41,4,36
10141,41,4,37
10142,41,4,37
10143,41,5,35
10144,41,5,35
10145,41,5,35
10146,41,5,35
10147,41,4,35
10148,41,6,36
10149,41,6,36
10150,41,5,35
10151,41,6,36
10152,41,4,36
10153,41,4,35
10154,41,4,35
10155,41,4,36
10156,31,4,34
10157,41,3,37
10158,41,5,35
10159,41,5,35
10160,41,4,36
10161,41,4,36
10162,41,4,36
10163,41,4,34
10164,31,5,35
10165,41,4,36
10166,41,4,37
10167,31,4,35
10168,31,4,35
10169,41,5,35
10170,41,5,35
10171,31,5,36
10172,41,5,37
10173,41,5,37
10174,41,4,36
10175,41,5,37
10176,31,5,36
10177,41,4,37
10178,41,4,37
10179,41,5,37
10180,41,5,36
10181,41,4,37
10182,41,5,37
10183,41,5,37
10184,41,5,36
10185,41,4,37
10186,41,4,37
10187,41,4,36
10188,41,4,37
10189,41,4,37
10190,41,4,36
10191,41,4,36
10192,41,3,36
10193,41,4,35
10194,31,4,36
10195,41,4,36
10196,41,4,36
10197,41,5,36
10198,41,4,37
10199,41,5,37
10200,41,5,37
10201,41,4,37
10202,41,4,36
10203,41,4,37
10204,41,4,37
10205,41,4,36
10206,31,4,37
10207,41,5,37
10208,41,4,37
10209,31,4,37
10210,31,4,35
10211,31,4,37
10212,41,4,37
10213,41,4,37
10214,41,4,37
10215,41,4,36
10216,41,4,36
10217,41,4,36
10218,41,5,36
10219,41,4,36
10220,41,4,37
10221,41,5,37
10222,41,4,36
10223,41,5,37
10224,41,4,37
10225,41,4,37
10226,41,4,37
10227,31,3,34
10228,41,3,36
10229,41,3,36
10230,31,4,35
10231,41,4,36
10232,31,4,37
10233,31,4,35
10234,31,4,34
10235,31,4,33
10236,31,5,35
10237,31,4,35
10238,31,4,35
10239,41,4,36
10240,41,4,37
10241,41,4,37
10242,41,4,37
10243,41,4,35
10244,31,4,35
10245,31,5,36
10246,31,4,35
10247,31,5,35
10248,41,5,35
10249,31,5,36
10250,31,4,35
10251,41,4,37
10252,41,4,36
10253,41,4,34
10254,41,4,34
10255,31,4,35
10256,31,4,35
10257,31,4,34
10258,31,4,35
10259,41,4,36
10260,31,4,35
10261,31,5,35
10262,31,4,35
10263,31,4,35
10264,31,4,34
10265,41,5,35
10266,41,4,36
10267,41,4,37
10268,41,4,37
10269,41,4,37
10270,41,5,35
10271,41,4,37
10272,41,4,34
10273,31,5,35
10274,31,6,35
10275,31,5,37
10276,31,5,36
10277,31,5,36
10278,31,5,37
10279,31,5,37
10280,31,5,37
10281,41,4,37
10282,41,4,36
10283,41,4,36
10284,41,4,36
10285,41,4,37
10286,41,3,36
10287,41,5,35
10288,41,4,36
10289,41,4,36
10290,41,4,36
10291,41,4,36
10292,41,5,35
10293,41,5,35
10294,31,4,35
10295,31,4,35
10296,41,3,36
10297,31,4,35
10298,31,3,35
10299,41,3,35
10300,31,4,35
10301,31,4,35
10302,41,4,35
10303,41,3,34
10304,31,3,34
10305,31,4,35
10306,41,5,35
10307,41,4,36
10308,41,4,35
10309,41,4,36
10310,31,3,35
10311,31,3,34
10312,41,3,35
10313,41,4,35
10314,41,4,36
10315,41,4,36
10316,41,3,35
10317,41,5,36
10318,31,5,35
10319,31,4,35
10320,41,4,35
10321,41,4,35
10322,41,3,36
10323,41,4,35
10324,31,3,35
10325,41,4,36
10326,31,4,36
10327,31,4,36
10328,31,4,37
10329,31,5,37
10330,31,4,36
10331,31,5,35
10332,31,4,36
10333,41,4,37
10334,41,4,36
10335,41,4,36
10336,41,4,36
10337,41,4,36
10338,41,4,35
10339,41,4,36
10340,41,4,36
10341,41,4,37
10342,41,4,36
10343,41,4,37
10344,41,4,37
10345,41,4,37
10346,41,4,37
10347,41,4,37
10348,41,4,36
10349,41,4,38
10350,41,4,37
10351,41,4,37
10352,41,4,37
10353,31,4,37
10354,41,4,37
10355,41,4,37
10356,41,4,37
10357,41,5,37
10358,41,4,36
10359,41,5,37
10360,31,4,36
10361,41,4,36
10362,41,4,37
10363,41,4,36
10364,41,5,37
10365,41,4,37
10366,41,4,38
10367,41,4,37
10368,41,4,37
10369,41,4,37
10370,31,4,37
10371,41,5,37
10372,41,4,37
10373,41,4,37
10374,41,4,37
10375,31,4,37
10376,41,4,36
10377,31,4,37
10378,31,4,37
10379,31,4,37
10380,31,4,36
10381,41,5,37
10382,31,4,37
10383,41,5,37
10384,41,4,36
10385,41,5,38
10386,41,4,38
10387,31,4,37
10388,31,4,37
10389,41,4,36
10390,31,4,37
10391,41,4,37
10392,41,5,37
10393,41,4,37
10394,41,4,38
10395,41,4,36
10396,41,5,36
10397,41,5,36
10398,41,5,36
10399,41,5,37
10400,31,4,38
10401,41,4,37
10402,41,4,36
10403,41,4,36
10404,41,5,37
10405,41,5,37
10406,41,4,37
10407,41,4,37
10408,41,5,37
10409,41,4,37
10410,31,4,37
10411,41,5,37
10412,41,5,37
10413,41,5,37
10414,41,5,37
10415,31,4,34
10416,41,4,37
10417,41,5,37
10418,41,4,37
10419,41,4,36
10420,41,4,37
10421,41,3,34
10422,41,4,36
10423,41,4,38
10424,41,4,37
10425,41,4,37
10426,41,4,37
10427,41,4,36
10428,31,4,36
10429,41,3,36
10430,41,4,36
10431,41,4,37
10432,41,4,35
10433,41,4,37
10434,41,3,37
10435,41,4,37
10436,31,4,35
10437,31,3,35
10438,31,3,34
10439,31,3,34
10440,31,4,36
10441,31,4,35
10442,31,4,35
10443,31,3,35
10444,41,2,37
10445,41,3,35
10446,41,3,37
10447,41,3,34
10448,41,3,36
10449,41,3,35
10450,41,3,36
10451,41,3,36
10452,41,3,35
10453,41,3,36
10454,41,3,36
10455,31,3,36
10456,31,3,34
10457,31,3,35
10458,31,3,34
10459,31,4,34
10460,31,3,35
10461,31,2,36
10462,31,3,35
10463,31,3,36
10464,31,3,35
10465,31,3,35
10466,31,2,35
10467,31,3,33
10468,31,3,35
10469,31,3,35
10470,31,3,35
10471,31,3,36
10472,31,3,35
10473,31,3,36
10474,31,3,35
10475,31,3,34
10476,31,3,34
10477,41,4,36
10478,31,2,35
10479,41,5,37
10480,31,3,34
10481,31,3,34
10482,31,3,35
10483,31,3,35
10484,31,3,35
10485,31,3,35
10486,31,3,33
10487,31,3,34
10488,31,3,33
10489,41,4,37
10490,41,4,37
10491,41,4,36
10492,41,4,36
10493,31,3,34
10494,31,3,34
10495,31,3,33
10496,31,2,33
10497,31,2,34
10498,31,2,33
10499,31,3,34
10500,41,3,37
10501,41,4,37
10502,41,4,36
10503,41,4,37
10504,41,3,37
10505,41,3,36
10506,51,4,35
10507,41,4,36
10508,41,3,37
10509,51,4,37
10510,41,4,37
10511,41,3,36
10512,41,4,37
10513,41,3,36
10514,41,3,36
10515,31,3,35
10516,31,3,34
10517,31,3,34
10518,31,3,34
10519,31,3,34
10520,31,3,35
10521,31,3,34
10522,31,3,34
10523,31,3,34
10524,31,3,33
10525,41,3,34
10526,41,3,36
10527,41,3,36
10528,41,2,36
10529,41,3,36
10530,41,3,36
10531,41,3,36
10532,41,3,36
10533,41,3,36
10534,41,3,36
10535,31,2,34
10536,31,2,34
10537,31,3,34
10538,31,3,34
10539,41,3,36
10540,41,4,36
10541,51,4,36
10542,41,4,37
10543,41,3,37
10544,41,3,36
10545,41,3,36
10546,41,3,36
10547,41,2,36
10548,41,3,36
10549,41,2,36
10550,41,2,36
10551,41,4,36
10552,41,4,37
10553,41,4,36
10554,41,4,37
10555,41,5,36
10556,41,3,37
10557,41,4,36
10558,41,4,37
10559,41,4,36
10560,31,4,37
10561,31,4,35
10562,41,4,36
10563,31,3,36
10564,41,5,36
10565,31,4,36
10566,31,4,36
10567,31,4,36
10568,31,5,37
10569,41,4,37
10570,41,5,37
10571,41,5,37
10572,41,5,37
10573,41,4,36
10574,41,5,37
10575,31,5,36
10576,41,4,35
10577,41,4,36
10578,41,5,36
10579,41,5,37
10580,41,4,36
10581,41,4,36
10582,41,4,35
10583,41,4,36
10584,41,4,36
10585,41,4,36
10586,41,4,35
10587,41,5,36
10588,41,5,36
10589,41,4,36
10590,41,4,35
10591,41,4,36
10592,41,5,37
10593,41,4,36
10594,41,4,36
10595,41,4,36
10596,41,4,36
10597,41,5,36
10598,41,4,36
10599,41,4,36
10600,41,4,36
10601,41,4,35
10602,41,4,36
10603,41,5,35
10604,41,4,36
10605,41,4,36
10606,41,4,36
10607,41,5,36
10608,41,4,37
10609,41,4,36
10610,41,4,36
10611,41,4,34
10612,41,5,37
10613,41,5,37
10614,41,4,37
10615,41,5,36
10616,41,4,36
10617,31,5,36
10618,41,4,37
10619,41,4,36
10620,41,4,36
10621,41,4,37
10622,41,4,37
10623,41,4,37
10624,41,5,37
10625,41,5,35
10626,41,4,37
10627,41,5,37
10628,41,4,36
10629,41,4,36
10630,41,5,36
10631,41,5,36
10632,41,4,37
10633,41,5,37
10634,41,4,37
10635,41,4,36
10636,41,4,36
10637,41,4,37
10638,41,5,37
10639,41,5,37
10640,41,4,37
10641,41,4,37
10642,41,4,37
10643,31,3,37
10644,31,3,35
10645,41,3,36
10646,41,4,37
10647,31,5,37
10648,31,4,37
10649,31,3,35
10650,31,3,35
10651,31,4,35
10652,31,3,36
10653,31,3,35
10654,31,3,35
10655,31,3,35
10656,31,4,36
10657,31,3,36
10658,41,5,36
10659,41,4,37
10660,41,4,37
10661,41,4,37
10662,31,3,36
10663,41,4,37
10664,31,5,37
10665,41,4,37
10666,31,5,37
10667,41,4,36
10668,41,4,37
10669,41,5,37
10670,41,4,37
10671,41,5,36
10672,41,5,37
10673,41,4,35
10674,41,5,38
10675,31,4,36
10676,31,4,36
10677,31,4,36
10678,41,5,38
10679,31,4,36
10680,41,5,37
10681,41,4,37
10682,41,5,37
10683,41,4,37
10684,41,4,36
10685,41,4,37
10686,31,4,36
10687,31,4,37
10688,41,4,37
10689,31,4,37
10690,31,4,37
10691,31,4,37
10692,31,4,37
10693,31,4,36
10694,41,5,36
10695,41,4,36
10696,31,4,37
10697,41,4,37
10698,41,4,37
10699,31,4,37
10700,31,4,37
10701,41,4,37
10702,41,4,36
10703,41,4,37
10704,41,4,37
10705,41,5,37
10706,41,5,37
10707,41,5,37
10708,41,4,37
10709,41,5,36
10710,31,4,37
10711,31,5,37
10712,31,4,36
10713,41,5,37
10714,41,4,37
10715,41,4,36
10716,41,4,36
10717,41,5,36
10718,41,4,36
10719,41,4,36
10720,31,4,36
10721,31,3,36
10722,31,3,37
10723,31,4,35
10724,31,4,37
10725,41,4,36
10726,41,5,37
10727,41,5,37
10728,31,5,37
10729,31,4,36
10730,31,4,38
10731,41,4,37
10732,41,3,36
10733,31,4,37
10734,41,5,36
10735,31,5,36
10736,31,4,35
10737,31,3,35
10738,31,4,35
10739,31,4,35
10740,31,4,35
10741,31,4,35
10742,31,4,34
10743,31,4,36
10744,31,4,35
10745,31,3,36
10746,31,4,35
10747,31,4,35
10748,31,4,35
10749,31,3,35
10750,31,3,36
10751,31,4,35
10752,31,3,37
10753,31,3,35
10754,31,3,36
10755,31,3,35
10756,31,4,36
10757,31,3,35
10758,31,3,35
10759,31,3,35
10760,31,3,36
10761,31,3,35
10762,31,3,35
10763,31,3,36
10764,41,4,37
10765,41,4,37
10766,31,3,36
10767,31,3,36
10768,31,3,36
10769,41,3,37
10770,41,3,37
10771,41,3,37
10772,41,3,37
10773,41,3,38
10774,41,4,37
10775,41,4,37
10776,31,3,35
10777,31,4,35
10778,31,3,35
10779,31,3,37
10780,31,3,35
10781,31,3,35
10782,31,4,35
10783,31,4,35
10784,31,3,37
10785,31,3,37
10786,41,4,37
10787,41,4,37
10788,41,3,36
10789,31,3,35
10790,31,3,36
10791,31,3,35
10792,41,4,37
10793,41,3,37
10794,41,4,37
10795,41,4,36
10796,41,4,36
10797,41,4,35
10798,31,5,36
10799,31,3,35
10800,31,3,34
10801,31,3,36
10802,31,2,36
10803,31,3,35
10804,41,4,37
10805,41,4,37
10806,31,3,34
10807,31,3,36
10808,31,3,35
10809,31,2,35
10810,31,3,36
10811,31,2,35
10812,31,2,36
10813,31,2,34
10814,31,3,35
10815,31,3,36
10816,31,3,35
10817,31,3,35
10818,31,3,36
10819,31,4,35
10820,31,4,35
10821,31,3,36
10822,31,3,35
10823,31,3,36
10824,31,2,34
10825,31,3,35
10826,31,3,35
10827,31,3,36
10828,31,3,35
10829,31,3,35
10830,31,3,35
10831,31,3,35
10832,31,3,35
10833,31,3,35
10834,31,3,34
10835,31,3,35
10836,31,3,35
10837,31,2,35
10838,31,3,35
10839,31,4,36
10840,31,3,35
10841,31,4,35
10842,31,3,35
10843,31,3,37
10844,31,3,35
10845,31,3,36
10846,31,3,36
10847,31,4,36
10848,31,4,36
10849,31,4,35
10850,31,3,35
10851,31,4,37
10852,31,4,35
10853,31,3,35
10854,31,3,35
10855,31,3,35
10856,31,3,36
10857,31,3,35
10858,31,3,36
10859,31,3,35
10860,31,4,35
10861,31,2,35
10862,31,2,34
10863,31,3,35
10864,31,3,34
10865,31,3,36
10866,31,3,35
10867,31,3,36
10868,31,3,36
10869,31,3,35
10870,31,2,36
10871,31,3,35
10872,31,3,36
10873,31,2,35
10874,31,3,35
10875,31,2,35
10876,31,3,36
10877,31,3,35
10878,31,3,35
10879,31,3,35
10880,31,4,35
10881,31,3,36
10882,31,3,35
10883,31,3,36
10884,31,3,35
10885,31,4,36
10886,41,4,35
10887,31,3,36
10888,31,3,35
10889,31,3,35
10890,31,3,34
10891,31,3,35
10892,31,2,36
10893,31,2,36
10894,31,3,36
10895,31,3,36
10896,31,3,36
10897,31,3,36
10898,31,3,35
10899,31,3,36
10900,31,3,35
10901,31,3,36
10902,31,3,35
10903,31,3,35
10904,31,2,35
10905,31,2,36
10906,31,3,35
10907,31,3,35
10908,31,2,35
10909,31,3,35
10910,21,2,35
10911,31,3,35
10912,31,3,36
10913,31,3,35
10914,21,2,36
10915,31,2,35
10916,31,3,36
10917,31,3,36
10918,31,3,36
10919,31,3,35
10920,31,3,36
10921,31,3,35
10922,31,3,35
10923,31,3,37
10924,31,2,35
10925,31,3,35
10926,31,3,36
10927,31,3,35
10928,31,3,36
10929,31,3,35
10930,31,3,36
10931,31,3,36
10932,31,3,36
10933,31,3,35
10934,31,2,35
10935,31,3,35
10936,31,3,37
10937,31,3,36
10938,31,3,36
10939,31,3,36
10940,31,3,36
10941,31,3,35
10942,31,3,36
10943,31,2,35
10944,31,3,35
10945,31,2,36
10946,31,2,36
10947,31,3,35
10948,31,4,35
10949,31,3,35
10950,31,2,34
10951,31,3,35
10952,31,3,35
10953,31,3,35
10954,31,3,36
10955,31,3,35
10956,31,3,36
10957,31,3,34
10958,31,3,35
10959,31,3,35
10960,31,3,36
10961,31,3,36
10962,31,3,35
10963,31,3,36
10964,31,3,35
10965,31,3,36
10966,31,3,35
10967,31,3,35
10968,31,3,35
10969,31,4,35
10970,31,3,36
10971,31,2,34
10972,31,3,36
10973,31,3,37
10974,31,3,35
10975,31,3,35
10976,31,3,35
10977,31,2,35
10978,41,4,37
10979,41,4,37
10980,31,3,36
10981,41,4,36
10982,41,4,36
10983,41,4,37
10984,41,4,37
10985,41,4,37
10986,41,4,37
10987,41,4,38
10988,41,4,38
10989,41,4,37
10990,41,4,37
10991,41,4,37
10992,41,4,37
10993,41,4,37
10994,41,4,37
10995,41,4,37
10996,41,4,37
10997,41,4,37
10998,41,4,37
10999,41,4,37
11000,31,3,36
11001,31,4,35
11002,31,3,37
11003,41,4,37
11004,31,5,37
11005,31,4,34
11006,31,3,36
11007,31,3,36
11008,41,4,37
11009,41,5,35
11010,31,4,37
11011,31,4,35
11012,31,4,35
11013,41,4,34
11014,41,4,35
11015,31,4,35
11016,41,4,35
11017,41,5,34
11018,41,5,35
11019,31,4,35
11020,41,5,33
11021,41,3,36
11022,31,4,34
11023,41,4,33
11024,41,4,35
11025,31,4,34
11026,31,4,35
11027,31,4,34
11028,41,6,35
11029,31,5,35
11030,31,4,34
11031,31,5,36
11032,31,3,35
11033,41,4,36
11034,31,3,38
11035,31,3,37
11036,31,3,37
11037,31,5,38
11038,41,3,36
11039,41,3,35
11040,41,3,36
11041,41,3,36
11042,31,4,35
11043,31,4,35
11044,31,3,35
11045,31,3,35
11046,31,2,36
11047,31,3,35
11048,31,3,35
11049,31,2,35
11050,31,3,36
11051,31,3,35
11052,21,3,37
11053,31,3,34
11054,31,3,36
11055,31,2,35
11056,31,3,36
11057,31,2,34
11058,31,3,35
11059,31,2,36
11060,21,3,35
11061,21,3,36
11062,31,3,36
11063,31,3,36
11064,31,3,36
11065,31,3,36
11066,31,3,36
11067,31,3,35
11068,21,3,35
11069,31,3,35
11070,31,3,35
11071,31,3,36
11072,31,3,35
11073,31,3,36
11074,31,3,35
11075,31,3,36
11076,21,3,35
11077,31,3,36
11078,31,3,35
11079,31,3,35
11080,31,3,36
11081,31,3,35
11082,31,3,36
11083,31,3,36
11084,31,4,35
11085,31,3,36
11086,31,3,36
11087,31,2,36
11088,31,3,35
11089,31,3,35
11090,31,2,36
11091,31,3,36
11092,31,3,36
11093,31,3,36
11094,31,2,36
11095,31,3,37
11096,31,3,36
11097,31,3,36
11098,31,3,36
11099,31,3,36
11100,31,3,36
11101,31,3,36
11102,31,3,37
11103,41,4,34
11104,31,3,34
11105,43,5,34
11106,43,4,34
11107,31,4,34
11108,31,3,34
11109,31,3,34
11110,41,4,34
11111,31,3,34
11112,31,3,34
11113,31,3,37
11114,31,3,38
11115,31,3,37
11116,31,3,37
11117,31,3,36
11118,31,3,38
11119,31,3,37
11120,31,3,37
11121,31,3,38
11122,31,3,38
11123,31,3,38
11124,31,3,37
11125,31,3,38
11126,31,3,39
11127,31,3,36
11128,31,3,38
11129,31,3,37
11130,31,3,37
11131,31,3,37
11132,31,3,37
11133,31,3,37
11134,31,3,38
11135,31,3,37
11136,31,3,36
11137,31,3,37
11138,31,3,37
11139,31,3,36
11140,31,5,36
11141,31,5,37
11142,31,5,37
11143,41,4,37
11144,41,4,37
11145,31,4,38
11146,41,5,37
11147,31,5,37
11148,41,4,37
11149,41,4,37
11150,41,4,37
11151,41,4,38
11152,41,4,33
11153,31,5,35
11154,31,4,35
11155,31,5,34
11156,31,4,34
11157,31,5,35
11158,31,5,35
11159,41,4,37
11160,41,4,37
11161,41,4,37
11162,41,4,37
11163,41,5,36
11164,41,4,37
11165,41,4,35
11166,31,4,35
11167,31,5,35
11168,31,5,35
11169,31,4,35
11170,31,5,36
11171,31,5,35
11172,31,4,35
11173,41,4,35
11174,31,4,35
11175,31,4,35
11176,31,4,35
11177,31,4,35
11178,41,4,37
11179,31,5,35
11180,31,5,36
11181,31,4,35
11182,31,5,35
11183,31,4,35
11184,31,3,36
11185,41,4,35
11186,31,4,35
11187,41,5,37
11188,41,5,36
11189,31,5,37
11190,31,5,37
11191,41,5,37
11192,41,5,36
11193,41,6,37
11194,41,5,37
11195,31,5,37
11196,31,5,38
11197,31,5,37
11198,31,5,38
11199,31,4,38
11200,31,5,37
11201,31,4,37
11202,31,4,36
11203,31,4,37
11204,31,4,37
11205,31,4,37
11206,41,5,37
11207,31,5,37
11208,31,5,36
11209,31,5,36
11210,31,4,37
11211,31,5,36
11212,31,4,37
11213,31,4,37
11214,31,5,38
11215,31,4,37
11216,31,4,36
11217,31,4,37
11218,41,5,37
11219,41,5,37
11220,41,6,37
11221,41,5,36
11222,41,5,37
11223,41,6,37
11224,41,6,37
11225,41,6,37
11226,41,5,37
11227,41,6,37
11228,41,6,37
11229,41,5,37
11230,41,6,37
11231,41,6,37
11232,31,6,37
11233,31,4,36
11234,41,3,35
11235,31,4,36
11236,31,4,35
11237,31,4,35
11238,41,4,35
11239,31,4,36
11240,31,3,35
11241,31,3,35
11242,31,3,36
11243,31,3,35
11244,31,2,35
11245,31,3,34
11246,31,3,35
11247,31,3,34
11248,31,3,36
11249,41,4,34
11250,31,3,35
11251,31,3,35
11252,31,3,35
11253,31,3,36
11254,31,3,36
11255,31,3,36
11256,31,3,36
11257,41,3,35
11258,31,3,35
11259,31,3,35
11260,41,4,35
11261,31,4,35
11262,31,3,36
11263,41,4,35
11264,41,4,36
11265,41,5,35
11266,41,3,35
11267,31,3,36
11268,41,3,35
11269,41,4,35
11270,41,4,36
11271,41,3,36
11272,41,5,35
11273,31,4,36
11274,31,4,36
11275,31,4,36
11276,41,5,35
11277,41,4,36
11278,31,5,35
11279,41,4,36
11280,41,4,35
11281,31,3,35
11282,41,4,36
11283,41,4,35
11284,41,5,35
11285,41,4,36
11286,41,4,35
11287,41,4,36
11288,41,4,36
11289,41,4,35
11290,41,4,35
11291,41,4,36
11292,41,4,35
11293,41,4,36
11294,41,4,36
11295,41,3,37
11296,31,4,35
11297,41,4,36
11298,41,3,36
11299,31,4,36
11300,41,4,36
11301,41,5,37
11302,41,4,36
11303,31,4,35
11304,41,5,36
11305,41,5,35
11306,41,4,35
11307,41,4,36
11308,41,4,36
11309,41,5,35
11310,41,4,35
11311,41,4,35
11312,41,4,36
11313,41,4,35
11314,41,4,36
11315,41,4,36
11316,41,4,36
11317,41,4,36
11318,41,4,35
11319,41,4,35
11320,41,4,35
11321,41,4,35
11322,41,4,36
11323,41,4,35
11324,31,4,35
11325,41,4,36
11326,41,4,35
11327,41,4,36
11328,41,4,36
11329,31,4,35
11330,31,4,34
11331,41,4,36
11332,41,4,36
11333,41,5,35
11334,41,4,35
11335,41,4,35
11336,41,4,35
11337,41,4,35
11338,41,4,36
11339,41,4,35
11340,41,4,36
11341,41,3,36
11342,31,4,35
11343,31,4,35
11344,41,4,35
11345,31,4,36
11346,31,4,36
11347,31,4,36
11348,41,4,36
11349,41,4,35
11350,41,4,37
11351,41,4,36
11352,41,4,36
11353,41,4,36
11354,31,4,35
11355,41,4,36
11356,41,4,36
11357,31,4,35
11358,41,4,36
11359,41,5,36
11360,31,4,36
11361,41,4,36
11362,41,4,36
11363,41,4,36
11364,41,4,36
11365,41,4,36
11366,41,4,37
11367,41,4,36
11368,41,4,36
11369,41,4,35
11370,41,3,36
11371,41,4,35
11372,41,4,36
11373,31,4,35
11374,41,4,35
11375,41,4,35
11376,31,4,36
11377,41,4,35
11378,31,3,35
11379,31,3,36
11380,31,4,35
11381,31,4,35
11382,41,4,36
11383,41,4,35
11384,41,4,36
11385,41,4,36
11386,41,3,36
11387,41,4,36
11388,41,4,34
11389,41,3,36
11390,41,4,36
11391,41,4,36
11392,41,4,36
11393,41,3,36
11394,41,3,35
11395,41,4,36
11396,41,3,36
11397,41,3,36
11398,31,4,35
11399,31,4,36
11400,41,3,36
11401,31,4,36
11402,41,4,35
11403,31,5,39
11404,31,5,38
11405,31,5,37
11406,31,5,38
11407,31,5,38
11408,31,5,37
11409,31,4,38
11410,31,4,36
11411,31,3,35
11412,31,4,36
11413,31,3,36
11414,41,4,35
11415,41,4,36
11416,41,4,36
11417,31,3,36
11418,41,4,37
11419,41,5,37
11420,41,5,37
11421,41,5,37
11422,41,5,36
11423,41,5,38
11424,41,6,38
11425,41,5,37
11426,41,5,37
11427,41,5,37
11428,31,4,37
11429,41,5,36
11430,41,4,37
11431,41,5,37
11432,41,5,37
11433,41,5,35
11434,31,5,36
11435,41,4,37
11436,41,5,37
11437,41,5,37
11438,41,5,36
11439,31,4,35
11440,41,4,36
11441,31,5,37
11442,31,4,35
11443,31,3,38
11444,31,3,37
11445,31,5,37
11446,31,5,36
11447,31,3,38
11448,31,5,37
11449,31,4,38
11450,31,4,39
11451,31,5,37
11452,41,3,37
11453,31,5,37
11454,41,4,37
11455,31,5,39
11456,31,5,37
11457,31,5,37
11458,31,3,39
11459,31,5,37
11460,41,4,38
11461,41,4,38
11462,41,4,37
11463,41,4,37
11464,31,3,38
11465,31,3,37
11466,41,3,37
11467,41,3,38
11468,31,3,37
11469,31,3,38
11470,41,5,37
11471,41,5,37
11472,31,5,37
11473,41,5,37
11474,41,4,37
11475,31,5,37
11476,41,5,37
11477,41,4,38
11478,41,5,37
11479,31,4,37
11480,41,4,37
11481,41,5,37
11482,31,5,36
11483,31,3,37
11484,31,3,37
11485,31,4,38
11486,31,3,37
11487,41,4,36
11488,31,3,37
11489,31,3,37
11490,41,4,37
11491,41,4,37
11492,41,3,37
11493,31,3,39
11494,41,4,38
11495,31,5,37
11496,31,4,37
11497,41,4,36
11498,41,4,36
11499,41,4,37
11500,41,5,37
11501,31,5,37
11502,41,5,37
11503,41,4,37
11504,41,3,37
11505,41,3,37
11506,31,3,38
11507,31,3,38
11508,41,4,37
11509,31,4,38
11510,41,5,37
11511,41,5,38
11512,41,5,37
11513,31,4,37
11514,41,5,37
11515,41,5,37
11516,41,4,37
11517,41,4,36
11518,41,4,36
11519,41,5,37
11520,41,5,37
11521,41,4,37
11522,41,4,36
11523,41,4,37
11524,41,4,36
11525,41,3,36
11526,41,4,36
11527,31,4,36
11528,41,4,36
11529,41,4,36
11530,41,3,36
11531,41,4,37
11532,31,4,36
11533,31,4,35
11534,31,4,35
11535,41,4,35
11536,41,4,35
11537,41,4,36
11538,41,4,36
11539,41,4,37
11540,41,4,36
11541,41,4,35
11542,41,4,36
11543,41,4,37
11544,41,4,36
11545,41,4,36
11546,41,4,35
11547,31,4,35
11548,31,3,36
11549,41,4,35
11550,41,4,36
11551,31,4,35
11552,41,4,35
11553,41,3,36
11554,41,4,36
11555,41,4,36
11556,31,4,36
11557,31,3,38
11558,41,3,37
11559,41,4,37
11560,41,3,37
11561,41,4,36
11562,31,4,36
11563,41,3,37
11564,41,3,38
11565,31,3,37
11566,31,3,37
11567,31,3,37
11568,41,4,39
11569,41,4,37
11570,41,4,36
11571,41,4,37
11572,41,4,37
11573,31,5,36
11574,41,4,36
11575,43,5,37
11576,43,5,37
11577,43,5,37
11578,41,3,37
11579,31,3,38
11580,31,3,37
11581,31,3,37
11582,31,3,36
11583,31,3,37
11584,31,3,38
11585,31,3,36
11586,31,3,37
11587,41,3,37
11588,41,4,36
11589,41,4,36
11590,41,4,36
11591,41,4,36
11592,31,3,35
11593,41,4,36
11594,41,4,36
11595,41,3,36
11596,41,4,35
11597,41,4,36
11598,41,4,36
11599,41,4,35
11600,41,4,36
11601,41,4,36
11602,41,4,36
11603,41,4,37
11604,41,4,36
11605,41,4,35
11606,31,3,36
11607,41,3,35
11608,31,4,36
11609,41,4,35
11610,41,4,36
11611,41,5,38
11612,41,5,39
11613,41,3,36
11614,41,4,36
11615,41,4,36
11616,31,4,37
11617,41,5,37
11618,41,5,37
11619,41,5,38
11620,41,5,37
11621,41,4,36
11622,41,4,37
11623,41,4,36
11624,41,4,36
11625,41,4,35
11626,41,4,35
11627,41,4,35
11628,41,4,35
11629,31,3,36
11630,41,4,36
11631,41,4,37
11632,41,5,37
11633,31,4,37
11634,41,4,36
11635,41,3,36
11636,41,3,37
11637,41,4,37
11638,41,5,37
11639,31,4,36
11640,41,5,37
11641,41,5,37
11642,41,5,37
11643,41,4,37
11644,41,4,36
11645,41,4,36
11646,41,4,37
11647,41,5,37
11648,41,4,37
11649,41,5,37
11650,41,5,37
11651,41,5,37
11652,43,5,36
11653,41,5,36
11654,41,5,37
11655,41,4,37
11656,41,4,37
11657,41,4,37
11658,41,3,37
11659,41,4,36
11660,41,4,37
11661,41,4,37
11662,41,5,36
11663,41,4,37
11664,31,4,36
11665,31,4,35
11666,31,4,36
11667,31,4,37
11668,31,3,35
11669,41,4,37
11670,31,4,37
11671,31,3,37
11672,41,3,36
11673,31,4,36
11674,31,4,36
11675,41,4,37
11676,31,4,36
11677,31,3,37
11678,31,3,36
11679,31,3,37
11680,31,4,36
11681,31,4,36
11682,31,4,37
11683,31,4,37
11684,31,4,37
11685,31,4,37
11686,41,4,37
11687,31,3,37
11688,31,4,37
11689,31,3,37
11690,31,4,36
11691,31,3,35
11692,31,4,36
11693,31,4,36
11694,31,4,37
11695,31,4,37
11696,31,4,37
11697,31,4,36
11698,31,4,36
11699,31,4,36
11700,31,4,36
11701,31,4,36
11702,31,4,36
11703,31,4,36
11704,31,4,37
11705,31,3,35
11706,31,3,37
11707,31,4,37
11708,31,4,37
11709,31,4,37
11710,31,4,36
11711,31,4,36
11712,31,4,36
11713,31,4,37
11714,31,4,36
11715,31,4,37
11716,31,4,36
11717,31,4,36
11718,31,4,36
11719,41,4,37
11720,41,4,37
11721,31,4,37
11722,31,4,37
11723,31,4,36
11724,31,4,36
11725,31,4,36
11726,31,3,37
11727,31,4,37
11728,31,4,36
11729,31,4,36
11730,31,4,36
11731,31,4,36
11732,31,4,36
11733,31,4,36
11734,31,4,36
11735,31,4,36
11736,31,4,37
11737,31,4,36
11738,31,4,36
11739,31,4,36
11740,31,4,36
11741,31,4,36
11742,31,4,36
11743,31,4,36
11744,31,4,36
11745,41,4,36
11746,41,4,36
11747,31,4,36
11748,41,4,36
11749,31,4,36
11750,41,4,36
11751,41,4,35
11752,41,4,35
11753,31,4,36
11754,31,4,37
11755,31,4,36
11756,31,4,36
11757,31,4,36
11758,31,4,36
11759,31,3,35
11760,31,4,35
11761,41,4,37
11762,41,4,36
11763,41,4,36
11764,31,4,36
11765,31,4,36
11766,41,4,35
11767,41,4,35
11768,41,4,36
11769,41,4,36
11770,41,4,35
11771,31,4,36
11772,31,4,37
11773,41,3,35
11774,31,3,36
11775,31,3,35
11776,31,3,35
11777,31,3,36
11778,31,3,36
11779,31,3,36
11780,31,3,35
11781,41,4,35
11782,31,3,35
11783,31,3,35
11784,31,4,36
11785,31,4,36
11786,41,4,36
11787,31,4,36
11788,31,4,36
11789,31,3,36
11790,31,3,35
11791,31,3,35
11792,31,3,35
11793,31,3,35
11794,31,3,35
11795,31,3,35
11796,41,4,37
11797,41,4,36
11798,41,4,36
11799,41,4,36
11800,41,3,36
11801,41,4,36
11802,41,4,36
11803,41,5,35
11804,41,4,36
11805,41,4,36
11806,41,5,36
11807,41,5,36
11808,41,4,36
11809,41,4,36
11810,41,5,37
11811,41,5,36
11812,41,4,36
11813,41,4,36
11814,41,4,37
11815,41,4,37
11816,41,4,37
11817,41,4,36
11818,41,5,35
11819,41,4,34
11820,41,5,36
11821,41,5,36
11822,41,4,37
11823,43,4,37
11824,43,5,36
11825,41,4,36
11826,41,4,37
11827,41,4,37
11828,41,4,37
11829,41,3,35
11830,41,4,37
11831,41,5,36
11832,41,5,36
11833,41,4,36
11834,31,3,35
11835,31,4,37
11836,31,3,36
11837,31,3,35
11838,31,3,35
11839,31,4,36
11840,41,4,35
11841,41,5,35
11842,41,3,35
11843,41,4,35
11844,31,4,36
11845,41,4,37
11846,31,4,35
11847,41,4,35
11848,41,4,34
11849,41,4,34
11850,41,5,34
11851,31,4,36
11852,41,4,35
11853,41,4,35
11854,41,4,35
11855,31,4,36
11856,31,3,35
11857,31,4,36
11858,31,4,36
11859,41,5,34
11860,41,4,35
11861,41,4,34
11862,41,6,36
11863,41,6,36
11864,41,6,37
11865,41,5,37
11866,41,6,37
11867,41,6,36
11868,41,6,37
11869,41,5,37
11870,41,5,38
11871,41,6,37
11872,41,6,37
11873,31,6,35
11874,41,6,37
11875,41,6,37
11876,41,4,38
11877,41,6,38
11878,41,5,37
11879,41,6,37
11880,41,5,38
11881,41,5,38
11882,41,5,37
11883,41,5,38
11884,41,6,39
11885,41,5,38
11886,41,6,37
11887,41,6,39
11888,41,5,39
11889,41,5,38
11890,41,5,38
11891,41,5,37
11892,41,5,37
11893,41,4,38
11894,41,6,37
11895,41,5,37
11896,41,5,38
11897,41,5,37
11898,41,5,36
11899,41,5,37
11900,41,4,39
11901,41,5,37
11902,41,5,38
11903,41,5,37
11904,41,5,39
11905,41,5,38
11906,41,5,37
11907,41,5,37
11908,31,4,37
11909,41,5,37
11910,41,5,37
11911,41,5,38
11912,41,4,37
11913,41,5,37
11914,41,5,38
11915,41,5,38
11916,31,4,37
11917,41,4,37
11918,41,4,38
11919,41,4,38
11920,41,4,37
11921,41,4,38
11922,41,4,37
11923,41,4,37
11924,41,5,37
11925,41,6,37
11926,41,5,38
11927,41,5,37
11928,41,5,37
11929,41,4,37
11930,41,5,37
11931,41,5,37
11932,41,5,37
11933,41,5,37
11934,41,6,37
11935,41,5,37
11936,41,4,36
11937,41,4,37
11938,41,5,37
11939,41,4,37
11940,41,4,37
11941,31,4,37
11942,41,4,37
11943,31,4,37
11944,41,4,37
11945,41,4,37
11946,41,4,37
11947,41,4,35
11948,41,4,37
11949,41,4,36
11950,41,4,37
11951,41,4,37
11952,41,4,37
11953,41,5,37
11954,41,4,37
11955,41,4,37
11956,41,4,35
11957,41,4,37
11958,41,5,37
11959,41,4,37
11960,41,4,35
11961,41,5,37
11962,41,4,37
11963,41,4,37
11964,41,3,37
11965,41,4,36
11966,41,4,37
11967,41,4,37
11968,41,4,36
11969,41,4,37
11970,41,3,38
11971,41,4,37
11972,41,4,37
11973,41,3,37
11974,41,4,37
11975,41,3,36
11976,41,4,37
11977,41,3,36
11978,41,4,36
11979,41,4,37
11980,41,4,37
11981,41,4,36
11982,41,3,36
11983,41,4,36
11984,41,4,38
11985,41,5,38
11986,41,4,37
11987,41,4,37
11988,41,4,37
11989,41,4,37
11990,41,4,38
11991,41,4,37
11992,41,4,36
11993,41,4,36
11994,41,4,37
11995,41,4,37
11996,41,4,36
11997,31,4,37
11998,41,4,37
11999,41,4,37
12000,41,4,37
12001,41,4,37
12002,41,5,38
12003,31,4,37
12004,41,4,37
12005,41,5,39
12006,41,3,38
12007,41,4,36
12008,41,4,37
12009,41,4,37
12010,41,4,36
12011,41,4,37
12012,41,5,37
12013,41,5,37
12014,41,5,37
12015,41,4,37
12016,41,5,37
12017,41,5,36
12018,41,5,37
12019,41,5,37
12020,41,5,37
12021,41,4,37
12022,41,5,35
12023,41,3,37
12024,41,4,37
12025,41,4,37
12026,41,4,36
12027,41,4,35
12028,41,4,36
12029,41,3,36
12030,41,4,37
12031,41,4,36
12032,41,4,37
12033,41,4,36
12034,41,3,36
12035,41,3,36
12036,41,4,36
12037,41,4,36
12038,41,5,35
12039,41,4,36
12040,41,4,36
12041,41,4,36
12042,41,3,36
12043,41,4,36
12044,41,4,37
12045,41,4,38
12046,41,3,37
12047,41,4,36
12048,41,4,37
12049,41,4,38
12050,41,4,36
12051,41,4,37
12052,41,4,36
12053,41,4,37
12054,41,4,37
12055,41,4,37
12056,41,4,35
12057,41,4,37
12058,41,4,37
12059,41,4,37
12060,41,4,37
12061,41,4,37
12062,41,4,37
12063,41,4,37
12064,41,4,37
12065,41,5,36
12066,41,4,37
12067,41,4,37
12068,41,5,36
12069,41,4,37
12070,41,4,37
12071,41,4,36
12072,41,4,36
12073,41,4,37
12074,41,4,36
12075,41,3,36
12076,41,5,36
12077,41,4,36
12078,41,4,37
12079,41,4,36
12080,41,4,35
12081,41,4,37
12082,41,4,37
12083,41,4,36
12084,41,4,37
12085,41,4,37
12086,41,4,37
12087,41,4,37
12088,31,3,35
12089,31,3,35
12090,31,3,35
12091,31,3,35
12092,31,3,35
12093,31,3,35
12094,31,3,35
12095,31,3,34
12096,31,3,35
12097,31,3,34
12098,31,3,35
12099,31,3,35
12100,21,3,36
12101,21,2,35
12102,31,3,35
12103,21,2,36
12104,31,2,35
12105,21,3,36
12106,21,2,35
12107,31,2,35
12108,21,2,35
12109,21,2,36
12110,31,3,35
12111,31,3,35
12112,31,3,35
12113,41,2,36
12114,31,4,37
12115,31,4,37
12116,31,3,35
12117,41,4,37
12118,41,4,37
12119,31,3,35
12120,31,3,34
12121,31,3,34
12122,31,3,35
12123,31,3,35
12124,31,3,34
12125,31,3,35
12126,31,3,35
12127,31,3,35
12128,31,3,35
12129,31,3,35
12130,31,3,35
12131,31,3,35
12132,41,3,36
12133,41,3,37
12134,31,3,35
12135,31,4,36
12136,31,4,36
12137,31,4,36
12138,31,4,36
12139,31,4,36
12140,31,4,36
12141,31,4,36
12142,31,4,36
12143,31,4,37
12144,31,3,35
12145,31,4,35
12146,41,4,36
12147,41,4,36
12148,31,4,36
12149,31,3,34
12150,31,4,35
12151,31,3,35
12152,31,3,35
12153,31,3,34
12154,31,3,35
12155,31,3,35
12156,31,4,36
12157,31,3,35
12158,31,4,36
12159,31,3,35
12160,31,3,35
12161,31,4,36
12162,31,4,36
12163,31,3,35
12164,31,3,34
12165,31,4,36
12166,31,4,36
12167,31,4,36
12168,41,4,37
12169,31,3,35
12170,31,3,35
12171,31,3,35
12172,31,4,36
12173,21,2,34
12174,21,3,33
12175,21,3,33
12176,21,3,34
12177,41,3,37
12178,41,3,37
12179,41,3,37
12180,21,4,36
12181,31,4,36
12182,21,5,36
12183,31,5,36
12184,31,4,38
12185,11,2,34
12186,31,3,34
12187,21,3,34
12188,31,2,34
12189,21,2,34
12190,21,2,34
12191,21,2,34
12192,21,2,34
12193,31,3,34
12194,31,5,36
12195,21,2,34
12196,11,4,34
12197,31,5,35
12198,31,5,36
12199,31,5,36
12200,31,5,36
12201,31,5,37
12202,21,5,37
12203,31,5,36
12204,31,5,36
12205,31,5,36
12206,31,5,36
12207,31,5,36
12208,31,5,37
12209,31,5,35
12210,21,5,35
12211,31,5,36
12212,21,5,35
12213,21,5,36
12214,21,5,36
12215,31,5,36
12216,31,5,35
12217,31,5,37
12218,31,5,35
12219,31,5,36
12220,31,5,36
12221,21,5,35
12222,21,5,35
12223,31,5,37
12224,31,5,36
12225,31,5,36
12226,21,5,35
12227,31,5,35
12228,31,5,36
12229,21,5,35
12230,31,5,35
12231,31,5,36
12232,31,5,37
12233,41,4,34
12234,41,5,35
12235,41,4,35
12236,41,4,34
12237,41,4,35
12238,41,4,36
12239,41,5,36
12240,41,5,35
12241,41,5,35
12242,41,5,35
12243,41,5,35
12244,41,5,35
12245,41,5,35
12246,41,4,35
12247,41,4,36
12248,41,4,35
12249,41,4,35
12250,41,4,36
12251,41,4,35
12252,41,4,35
12253,41,4,35
12254,41,4,34
12255,41,4,35
12256,41,4,35
12257,41,4,35
12258,41,5,35
12259,41,5,36
12260,41,4,35
12261,41,4,36
12262,41,5,35
12263,41,5,34
12264,41,5,35
12265,41,5,34
12266,41,5,34
12267,41,4,35
12268,41,5,36
12269,41,5,35
12270,41,4,33
12271,41,4,34
12272,41,4,35
12273,41,4,35
12274,41,4,35
12275,41,4,36
12276,41,4,36
12277,41,4,35
12278,41,4,35
12279,41,4,34
12280,41,5,35
12281,41,4,34
12282,41,4,34
12283,41,3,35
12284,41,5,35
12285,41,4,35
12286,41,5,35
12287,41,4,35
12288,41,4,35
12289,41,4,36
12290,41,5,36
12291,41,5,35
12292,41,5,34
12293,41,5,35
12294,41,4,36
12295,41,4,36
12296,41,5,37
12297,41,4,36
12298,41,5,36
12299,41,5,36
12300,41,5,36
12301,41,4,37
12302,41,4,36
12303,41,5,36
12304,41,4,35
12305,41,5,37
12306,41,5,36
12307,41,5,35
12308,41,5,35
12309,41,5,35
12310,41,4,34
12311,41,4,36
12312,41,4,35
12313,41,5,36
12314,41,5,35
12315,41,5,36
12316,41,4,36
12317,41,5,36
12318,41,5,35
12319,41,5,35
12320,41,5,35
12321,41,5,36
12322,41,5,36
12323,41,5,34
12324,41,5,35
12325,41,4,35
12326,41,4,36
12327,41,5,35
12328,41,4,35
12329,41,4,36
12330,41,4,35
12331,41,4,35
12332,41,4,34
12333,41,5,35
12334,41,4,35
12335,41,4,36
12336,41,4,35
12337,41,5,35
12338,41,4,35
12339,41,4,36
12340,41,4,36
12341,41,4,37
12342,41,3,36
12343,41,3,36
12344,41,3,36
12345,31,2,35
12346,31,2,35
12347,31,2,35
12348,31,3,35
12349,31,3,35
12350,31,2,35
12351,31,2,35
12352,31,3,35
12353,31,2,35
12354,31,2,35
12355,31,2,35
12356,31,3,35
12357,31,2,35
12358,31,3,35
12359,31,3,35
12360,31,3,35
12361,31,2,35
12362,31,3,35
12363,31,3,35
12364,31,3,35
12365,31,3,35
12366,31,2,35
12367,31,2,35
12368,31,2,35
12369,31,2,35
12370,31,2,35
12371,31,2,35
12372,31,2,35
12373,31,2,35
12374,31,2,35
12375,31,2,35
12376,31,2,35
12377,31,2,35
12378,31,2,35
12379,31,2,35
12380,31,2,35
12381,31,2,35
12382,31,2,35
12383,31,2,35
12384,31,2,35
12385,31,2,35
12386,31,2,35
12387,31,2,35
12388,31,2,35
12389,31,2,35
12390,31,2,35
12391,31,2,35
12392,31,2,35
12393,31,2,35
12394,31,3,35
12395,31,3,35
12396,31,3,35
12397,31,2,35
12398,31,3,35
12399,31,2,35
12400,31,3,36
12401,41,2,35
12402,41,2,35
12403,31,2,35
12404,41,2,35
12405,41,2,35
12406,31,2,35
12407,41,3,35
12408,41,2,35
12409,41,3,35
12410,31,2,35
12411,31,2,35
12412,31,2,35
12413,31,2,35
12414,31,2,35
12415,31,2,35
12416,31,2,35
12417,31,2,35
12418,31,2,35
12419,31,2,35
12420,31,2,35
12421,31,2,35
12422,31,2,35
12423,31,2,35
12424,31,3,35
12425,41,2,35
12426,31,2,35
12427,31,2,35
12428,31,2,35
12429,31,2,35
12430,31,2,35
12431,31,2,35
12432,31,2,35
12433,31,2,35
12434,31,2,35
12435,31,2,35
12436,41,2,35
12437,31,2,35
12438,31,2,35
12439,31,2,35
12440,31,2,35
12441,31,2,35
12442,31,2,35
12443,31,2,35
12444,31,2,35
12445,31,2,35
12446,31,2,35
12447,31,3,35
12448,31,3,35
12449,31,2,35
12450,31,2,35
12451,31,3,35
12452,31,2,35
12453,31,3,35
12454,31,2,35
12455,41,2,35
12456,31,2,35
12457,31,2,35
12458,31,3,35
12459,31,3,35
12460,41,3,35
12461,41,3,35
12462,31,3,35
12463,31,3,35
12464,31,3,35
12465,31,3,35
12466,41,4,35
12467,41,3,35
12468,41,3,35
12469,31,2,35
12470,31,3,35
12471,41,2,35
12472,31,2,35
12473,31,3,35
12474,31,2,35
12475,31,3,35
12476,31,2,35
12477,31,2,35
12478,41,3,35
12479,31,3,35
12480,31,3,35
12481,61,4,35
12482,61,4,36
12483,43,5,37
12484,43,5,37
12485,21,2,34
12486,53,4,35
12487,53,3,36
12488,53,3,37
12489,21,3,37
12490,21,3,37
12491,21,3,37
12492,21,3,37
12493,21,3,37
12494,21,3,37
12495,21,3,37
12496,21,3,37
12497,21,3,37
12498,21,3,37
12499,21,3,37
12500,21,3,37
12501,21,3,37
12502,21,3,38
12503,21,3,38
12504,21,3,38
12505,21,3,37
12506,21,3,37
12507,21,3,37
12508,21,3,37
12509,21,3,37
12510,21,3,37
12511,21,3,37
12512,21,3,37
12513,21,3,37
12514,21,3,36
12515,21,3,36
12516,21,3,36
12517,21,3,36
12518,21,3,37
12519,21,3,37
12520,21,3,37
12521,21,3,37
12522,21,3,37
12523,21,3,37
12524,21,3,37
12525,21,3,37
12526,21,3,36
12527,21,3,37
12528,21,3,37
12529,21,3,37
12530,21,3,37
12531,21,3,36
12532,21,3,36
12533,21,3,36
12534,21,3,36
12535,21,3,36
12536,21,3,36
12537,21,3,36
12538,21,3,36
12539,21,3,36
12540,21,3,36
12541,21,3,36
12542,21,3,36
12543,21,3,36
12544,21,3,36
12545,21,3,36
12546,21,3,36
12547,31,3,37
12548,31,3,37
12549,31,3,37
12550,31,3,37
12551,31,3,37
12552,31,3,37
12553,31,3,37
12554,31,3,37
12555,31,3,37
12556,31,3,37
12557,31,3,37
12558,21,3,37
12559,21,3,36
12560,21,3,37
12561,21,3,37
12562,21,3,37
12563,21,3,37
12564,21,3,37
12565,21,3,37
12566,21,3,37
12567,21,3,37
12568,21,3,37
12569,21,3,37
12570,21,3,37
12571,21,3,37
12572,21,3,36
12573,21,3,36
12574,21,3,36
12575,21,3,36
12576,21,3,37
12577,21,3,37
12578,21,3,37
12579,21,3,37
12580,21,3,37
12581,21,3,36
12582,21,3,36
12583,21,3,36
12584,21,3,36
12585,21,3,36
12586,21,3,37
12587,21,3,37
12588,21,3,37
12589,21,3,37
12590,21,3,37
12591,21,3,37
12592,21,3,37
12593,21,3,37
12594,21,3,37
12595,21,3,37
12596,21,3,36
12597,21,3,36
12598,21,3,36
12599,21,3,36
12600,21,3,36
12601,21,3,37
12602,21,3,37
12603,21,3,37
12604,21,3,37
12605,21,3,37
12606,21,3,37
12607,21,3,36
12608,31,3,37
12609,31,3,37
12610,31,3,38
12611,31,3,38
12612,31,3,38
12613,31,3,38
12614,31,3,38
12615,31,3,38
12616,31,3,38
12617,31,3,37
12618,31,3,37
12619,31,3,37
12620,31,3,37
12621,31,3,37
12622,31,3,37
12623,31,3,37
12624,31,3,37
12625,31,3,37
12626,31,3,37
12627,31,3,37
12628,31,3,37
12629,31,3,37
12630,31,3,37
12631,31,3,37
12632,31,3,37
12633,21,3,37
12634,21,3,37
12635,21,3,37
12636,21,3,37
12637,21,3,37
12638,21,3,37
12639,21,3,37
12640,21,3,37
12641,21,3,37
12642,21,3,37
12643,21,3,37
12644,21,3,37
12645,21,3,37
12646,21,3,37
12647,21,3,37
12648,21,3,37
12649,21,3,37
12650,21,3,37
12651,21,3,37
12652,21,3,37
12653,21,3,37
12654,21,3,37
12655,21,3,36
12656,21,3,37
12657,21,3,37
12658,31,3,37
12659,31,3,37
12660,31,3,37
12661,31,3,37
12662,31,3,37
12663,31,3,37
12664,31,3,37
12665,31,3,37
12666,31,3,37
12667,31,3,37
12668,31,3,37
12669,31,3,37
12670,31,3,37
12671,31,3,37
12672,31,3,37
12673,31,3,37
12674,31,3,37
12675,31,3,37
12676,31,3,37
12677,31,3,37
12678,31,3,37
12679,31,3,37
12680,31,3,37
12681,31,3,37
12682,31,3,37
12683,31,3,37
12684,31,3,37
12685,31,3,37
12686,31,3,37
12687,31,3,37
12688,31,3,37
12689,31,3,37
12690,31,3,37
12691,31,3,37
12692,31,3,37
12693,31,3,37
12694,31,3,37
12695,21,3,37
12696,21,3,37
12697,21,3,37
12698,21,3,37
12699,21,3,37
12700,21,3,37
12701,21,3,37
12702,21,3,37
12703,21,3,37
12704,21,3,37
12705,21,3,37
12706,21,3,37
12707,21,3,38
12708,21,3,38
12709,21,3,38
12710,21,3,38
12711,21,3,37
12712,21,3,37
12713,21,3,37
12714,21,3,37
12715,21,3,38
12716,21,3,38
12717,21,3,38
12718,21,3,38
12719,21,3,37
12720,21,3,37
12721,21,3,37
12722,21,3,37
12723,21,3,38
12724,21,3,38
12725,31,3,38
12726,31,3,38
12727,31,3,38
12728,31,3,38
12729,31,3,38
12730,31,3,38
12731,31,3,37
12732,31,3,37
12733,31,3,37
12734,31,3,37
12735,31,3,38
12736,31,3,38
12737,31,3,38
12738,31,3,38
12739,31,3,38
12740,31,3,38
12741,31,3,38
12742,31,3,38
12743,31,3,37
12744,31,3,37
12745,31,3,37
12746,31,3,37
12747,31,3,38
12748,31,3,38
12749,31,3,38
12750,21,3,38
12751,21,3,37
12752,21,3,37
12753,21,3,37
12754,21,3,37
12755,21,3,38
12756,21,3,38
12757,21,3,38
12758,21,3,38
12759,21,3,38
12760,21,3,38
12761,21,3,38
12762,21,3,38
12763,21,3,38
12764,21,3,38
12765,21,3,38
12766,21,3,38
12767,21,3,38
12768,21,3,38
12769,21,3,38
12770,21,3,38
12771,21,3,37
12772,21,3,37
12773,21,3,37
12774,21,3,37
12775,21,3,37
12776,21,3,37
12777,21,3,37
12778,21,3,37
12779,21,3,37
12780,21,3,37
12781,21,3,37
12782,21,3,37
12783,21,3,37
12784,21,3,37
12785,21,3,37
12786,21,3,37
12787,21,3,37
12788,21,3,37
12789,21,3,37
12790,21,3,37
12791,21,3,37
12792,21,3,37
12793,21,3,37
12794,21,3,37
12795,21,3,37
12796,21,3,37
12797,21,3,37
12798,21,3,37
12799,21,3,37
12800,21,3,37
12801,21,3,37
12802,21,3,37
12803,21,3,37
12804,21,3,37
12805,21,3,37
12806,21,3,38
12807,21,3,38
12808,21,3,38
12809,21,3,38
12810,21,3,37
12811,21,3,37
12812,21,3,37
12813,21,3,37
12814,21,3,38
12815,21,3,38
12816,21,3,38
12817,21,3,37
12818,31,3,38
12819,31,3,37
12820,31,3,37
12821,31,3,37
12822,11,2,37
12823,11,2,37
12824,11,2,37
12825,11,2,37
12826,11,2,37
12827,31,3,37
12828,31,3,37
12829,31,3,37
12830,31,3,37
12831,31,3,37
12832,31,3,37
12833,31,3,37
12834,31,3,37
12835,31,3,37
12836,31,3,37
12837,31,3,37
12838,31,3,37
12839,31,3,37
12840,31,3,37
12841,21,3,37
12842,21,3,37
12843,21,3,37
12844,21,3,37
12845,21,3,37
12846,31,3,37
12847,31,3,37
12848,31,3,37
12849,31,3,37
12850,31,3,37
12851,31,3,37
12852,31,3,37
12853,31,3,37
12854,31,3,37
12855,31,3,37
12856,31,3,37
12857,31,3,37
12858,31,3,37
12859,31,3,37
12860,31,3,37
12861,31,3,37
12862,31,3,37
12863,31,3,37
12864,31,3,37
12865,31,3,37
12866,31,3,37
12867,31,3,37
12868,31,3,37
12869,31,3,37
12870,31,3,37
12871,31,3,37
12872,31,2,37
12873,31,3,37
12874,31,3,37
12875,31,3,37
12876,31,3,37
12877,31,3,37
12878,31,3,37
12879,31,3,37
12880,31,3,37
12881,31,3,37
12882,31,3,38
12883,31,3,37
12884,31,3,37
12885,31,3,37
12886,31,3,37
12887,31,3,37
12888,31,3,37
12889,31,3,37
12890,31,3,37
12891,31,3,37
12892,31,3,37
12893,31,3,37
12894,31,3,37
12895,31,3,37
12896,31,3,37
12897,31,2,38
12898,31,3,38
12899,31,3,37
12900,31,3,38
12901,31,3,37
12902,31,3,37
12903,31,3,37
12904,31,3,37
12905,31,3,37
12906,31,3,37
12907,31,3,37
12908,31,3,37
12909,31,3,37
12910,31,3,37
12911,31,3,38
12912,31,3,37
12913,31,3,37
12914,31,3,37
12915,31,3,37
12916,31,3,37
12917,31,3,37
12918,31,3,37
12919,31,3,37
12920,31,3,37
12921,31,3,37
12922,31,3,37
12923,31,3,37
12924,31,3,37
12925,31,3,37
12926,31,3,38
12927,31,3,38
12928,31,3,38
12929,31,3,37
12930,31,3,37
12931,31,3,37
12932,31,3,38
12933,31,3,38
12934,31,3,37
12935,31,3,38
12936,31,3,37
12937,21,3,37
12938,31,3,37
12939,31,3,37
12940,31,3,37
12941,31,3,37
12942,31,3,37
12943,31,3,38
12944,31,3,37
12945,31,3,37
12946,31,3,38
12947,31,3,37
12948,31,3,37
12949,31,3,37
12950,31,3,37
12951,31,3,38
12952,31,3,37
12953,31,3,37
12954,31,3,37
12955,31,3,37
12956,31,3,37
12957,31,3,37
12958,31,3,37
12959,31,3,37
12960,31,3,37
12961,31,3,37
12962,31,3,38
12963,31,3,37
12964,31,3,38
12965,31,3,38
12966,31,3,38
12967,31,3,37
12968,31,3,37
12969,31,3,37
12970,31,2,37
12971,31,3,37
12972,31,3,37
12973,31,3,37
12974,31,3,37
12975,31,3,37
12976,31,3,37
12977,31,3,37
12978,31,3,37
12979,31,3,37
12980,31,3,37
12981,31,3,37
12982,31,3,37
12983,31,3,37
12984,31,3,37
12985,21,3,37
12986,31,3,37
12987,31,3,37
12988,31,3,37
12989,31,3,37
12990,31,3,37
12991,31,3,37
12992,31,3,37
12993,31,3,37
12994,31,3,37
12995,31,3,37
12996,31,3,38
12997,31,3,38
12998,31,3,38
12999,31,3,37
13000,31,3,37
13001,31,3,37
13002,31,3,38
13003,31,3,37
13004,31,3,39
13005,31,3,38
13006,31,3,37
13007,31,3,38
13008,31,3,37
13009,31,3,37
13010,31,3,37
13011,31,3,37
13012,31,3,37
13013,31,3,37
13014,31,3,37
13015,31,3,37
13016,31,3,37
13017,31,3,37
13018,31,3,37
13019,31,3,37
13020,31,3,37
13021,31,3,37
13022,31,3,37
13023,31,3,37
13024,31,3,37
13025,31,3,37
13026,31,3,37
13027,31,3,37
13028,31,3,37
13029,31,3,37
13030,31,3,37
13031,31,3,37
13032,31,3,37
13033,31,3,37
13034,31,3,37
13035,31,3,37
13036,31,3,38
13037,31,3,37
13038,31,3,37
13039,31,3,38
13040,31,3,37
13041,31,3,37
13042,31,3,37
13043,31,3,37
13044,31,3,38
13045,31,3,37
13046,31,3,38
13047,31,3,38
13048,31,3,38
13049,31,3,38
13050,31,3,37
13051,31,3,38
13052,31,3,37
13053,31,3,38
13054,31,3,38
13055,31,3,37
13056,31,3,37
13057,31,3,37
13058,31,3,37
13059,31,3,37
13060,31,3,37
13061,31,3,37
13062,31,3,37
13063,31,3,37
13064,31,3,37
13065,31,3,37
13066,31,3,37
13067,31,3,37
13068,31,3,37
13069,31,3,38
13070,31,3,37
13071,31,3,37
13072,31,3,37
13073,31,3,37
13074,31,3,37
13075,31,3,37
13076,31,3,37
13077,31,3,37
13078,31,3,37
13079,31,2,37
13080,31,3,37
13081,31,3,37
13082,31,2,37
13083,31,3,37
13084,31,3,37
13085,31,3,37
13086,31,3,37
13087,31,3,38
13088,31,3,37
13089,31,3,37
13090,31,3,38
13091,31,3,37
13092,31,3,37
13093,31,2,37
13094,31,2,37
13095,31,2,37
13096,31,2,37
13097,31,3,37
13098,31,3,38
13099,31,3,37
13100,31,3,37
13101,31,3,37
13102,31,3,37
13103,31,3,37
13104,31,3,37
13105,31,3,37
13106,31,3,37
13107,31,3,37
13108,31,3,37
13109,31,3,37
13110,31,3,37
13111,31,2,37
13112,31,3,37
13113,31,3,37
13114,31,2,38
13115,31,3,37
13116,31,3,37
13117,31,3,37
13118,31,3,37
13119,31,2,37
13120,31,3,37
13121,31,2,37
13122,31,3,37
13123,31,2,37
13124,31,2,37
13125,31,3,37
13126,31,3,37
13127,31,3,37
13128,31,3,37
13129,31,3,37
13130,31,3,37
13131,31,3,37
13132,31,3,37
13133,31,3,37
13134,31,3,37
13135,31,3,37
13136,31,3,37
13137,31,3,37
13138,31,3,37
13139,31,3,37
13140,31,3,37
13141,31,3,37
13142,31,3,37
13143,31,3,37
13144,31,3,37
13145,31,3,37
13146,31,3,37
13147,31,3,37
13148,31,3,37
13149,31,3,37
13150,31,3,37
13151,31,3,37
13152,31,3,37
13153,31,3,37
13154,31,3,37
13155,31,3,37
13156,31,3,37
13157,31,3,37
13158,31,3,38
13159,31,3,37
13160,31,3,38
13161,31,3,37
13162,31,3,37
13163,31,3,37
13164,31,3,37
13165,31,3,38
13166,31,3,38
13167,31,3,37
13168,31,2,37
13169,31,3,37
13170,31,3,37
13171,31,3,37
13172,31,2,37
13173,31,3,37
13174,31,3,37
13175,31,3,37
13176,31,3,37
13177,31,3,37
13178,31,3,37
13179,31,3,37
13180,31,3,38
13181,31,3,38
13182,31,3,37
13183,31,3,38
13184,31,3,37
13185,31,3,38
13186,31,3,38
13187,31,3,38
13188,31,3,37
13189,31,3,37
13190,31,3,38
13191,31,3,37
13192,31,3,38
13193,31,3,38
13194,31,3,38
13195,31,3,39
13196,31,3,39
13197,21,3,37
13198,31,3,38
13199,21,3,38
13200,31,3,38
13201,31,3,38
13202,31,3,37
13203,31,3,37
13204,31,3,37
13205,31,3,38
13206,31,3,37
13207,31,3,38
13208,31,3,39
13209,31,3,38
13210,31,2,37
13211,31,3,38
13212,21,3,37
13213,31,3,37
13214,21,3,37
13215,31,3,37
13216,21,3,37
13217,21,3,38
13218,31,3,37
13219,31,3,37
13220,31,2,37
13221,31,3,37
13222,31,3,38
13223,31,3,38
13224,31,2,37
13225,31,3,38
13226,31,3,38
13227,31,3,37
13228,31,3,39
13229,31,3,38
13230,31,2,37
13231,31,3,37
13232,21,3,37
13233,21,3,38
13234,31,3,37
13235,31,3,39
13236,31,3,37
13237,31,3,37
13238,31,2,37
13239,31,3,38
13240,31,3,39
13241,31,3,37
13242,31,3,38
13243,31,3,38
13244,31,3,37
13245,21,3,37
13246,31,3,38
13247,31,3,38
13248,31,3,37
13249,31,3,37
13250,31,3,38
13251,31,3,37
13252,31,3,37
13253,31,3,37
13254,31,3,37
13255,31,3,39
13256,31,3,37
13257,31,3,39
13258,31,3,38
13259,31,3,37
13260,21,3,37
13261,31,3,37
13262,31,3,37
13263,31,3,37
13264,31,3,37
13265,31,2,37
13266,31,3,37
13267,31,3,37
13268,31,3,37
13269,31,3,37
13270,31,3,37
13271,21,3,37
13272,21,3,37
13273,31,3,37
13274,31,3,37
13275,31,3,37
13276,31,3,37
13277,31,3,37
13278,31,3,37
13279,31,3,37
13280,31,3,37
13281,31,3,37
13282,31,3,37
13283,31,3,37
13284,31,3,37
13285,31,3,37
13286,31,3,37
13287,31,3,37
13288,31,3,37
13289,31,3,37
13290,31,3,37
13291,31,3,37
13292,31,3,37
13293,31,3,37
13294,31,3,37
13295,31,3,37
13296,31,3,37
13297,31,3,37
13298,31,3,37
13299,31,3,37
13300,31,3,37
13301,31,3,37
13302,31,3,37
13303,31,3,37
13304,31,3,37
13305,31,3,37
13306,31,3,37
13307,31,3,37
13308,31,3,37
13309,31,3,37
13310,31,3,37
13311,31,3,38
13312,31,3,38
13313,31,3,39
13314,31,3,38
13315,31,3,39
13316,31,3,39
13317,31,3,38
13318,31,3,37
13319,31,3,37
13320,31,3,38
13321,31,3,37
13322,31,3,37
13323,31,3,38
13324,31,3,38
13325,31,3,39
13326,31,3,39
13327,31,3,38
13328,31,3,38
13329,31,3,37
13330,31,3,38
13331,31,3,39
13332,31,3,38
13333,31,3,37
13334,31,3,38
13335,31,3,37
13336,31,3,38
13337,31,3,37
13338,31,3,37
13339,31,3,37
13340,31,3,37
13341,31,3,37
13342,31,3,37
13343,31,3,37
13344,31,3,37
13345,31,3,37
13346,31,3,37
13347,31,3,37
13348,31,3,37
13349,31,3,37
13350,31,3,37
13351,31,3,37
13352,31,3,37
13353,31,3,37
13354,31,3,37
13355,31,3,37
13356,31,3,37
13357,31,3,38
13358,31,3,37
13359,31,3,37
13360,31,2,38
13361,31,3,38
13362,31,3,37
13363,31,3,37
13364,31,3,38
13365,31,3,37
13366,31,3,37
13367,31,3,37
13368,31,3,37
13369,31,3,37
13370,31,3,37
13371,31,3,37
13372,31,3,37
13373,31,3,37
13374,31,3,37
13375,31,3,37
13376,31,3,37
13377,41,4,35
13378,41,4,35
13379,31,3,35
13380,41,4,36
13381,41,4,36
13382,41,4,35
13383,41,4,36
13384,41,4,36
13385,41,4,35
13386,41,4,36
13387,41,4,35
13388,31,3,35
13389,31,3,35
13390,31,3,34
13391,41,4,35
13392,41,4,35
13393,41,4,35
13394,41,4,35
13395,41,3,35
13396,41,4,35
13397,41,3,35
13398,41,3,35
13399,41,4,35
13400,41,4,35
13401,31,3,35
13402,31,3,34
13403,41,4,35
13404,41,4,35
13405,41,4,34
13406,31,4,35
13407,41,4,35
13408,31,3,35
13409,31,3,35
13410,41,4,35
13411,31,3,35
13412,31,3,35
13413,31,3,34
13414,41,4,35
13415,31,4,35
13416,41,3,35
13417,31,3,35
13418,41,4,35
13419,41,4,35
13420,31,3,35
13421,41,3,35
13422,31,3,35
13423,31,3,35
13424,31,3,35
13425,41,4,35
13426,31,3,35
13427,31,3,35
13428,41,4,35
13429,31,4,35
13430,31,4,35
13431,41,4,34
13432,41,4,35
13433,41,4,34
13434,41,4,37
13435,41,4,35
13436,41,3,35
13437,41,4,35
13438,41,4,34
13439,41,3,35
13440,41,4,35
13441,41,4,35
13442,41,3,35
13443,41,3,34
13444,31,3,35
13445,31,4,38
13446,41,3,37
13447,41,4,35
13448,31,2,35
13449,31,3,35
13450,31,2,35
13451,31,3,35
13452,31,5,38
13453,41,3,35
13454,31,3,35
13455,31,3,35
13456,31,3,35
13457,31,2,35
13458,31,3,35
13459,31,3,35
13460,41,3,35
13461,41,3,35
13462,41,4,35
13463,31,4,35
13464,31,4,35
13465,41,4,35
13466,41,4,35
13467,31,4,35
13468,31,4,35
13469,41,4,35
13470,31,3,35
13471,31,3,35
13472,31,4,35
13473,31,3,35
13474,31,4,35
13475,31,3,35
13476,31,3,35
13477,31,4,35
13478,31,4,35
13479,31,4,35
13480,41,5,37
13481,41,4,35
13482,41,4,37
13483,41,3,35
13484,31,4,35
13485,31,4,35
13486,31,4,35
13487,41,4,35
13488,31,3,35
13489,31,4,35
13490,41,5,37
13491,41,3,37
13492,41,4,35
13493,31,4,35
13494,31,4,35
13495,41,4,35
13496,41,4,35
13497,41,4,35
13498,41,4,35
13499,41,4,35
13500,31,4,35
13501,31,4,35
13502,41,4,34
13503,41,4,35
13504,41,4,37
13505,31,4,39
13506,41,4,39
13507,41,4,38
13508,41,4,38
13509,41,4,37
13510,41,5,37
13511,41,5,37
13512,41,4,37
13513,41,4,37
13514,31,4,37
13515,41,5,37
13516,41,5,37
13517,41,4,37
13518,41,5,37
13519,31,3,35
13520,31,3,35
13521,31,3,35
13522,31,2,35
13523,31,2,34
13524,31,2,35
13525,31,2,34
13526,31,2,34
13527,31,2,34
13528,31,2,35
13529,31,3,35
13530,31,2,35
13531,31,3,35
13532,31,3,35
13533,31,3,35
13534,31,3,35
13535,31,3,35
13536,31,3,35
13537,31,3,35
13538,31,2,35
13539,31,2,35
13540,31,2,35
13541,31,3,35
13542,31,2,35
13543,31,3,35
13544,31,2,35
13545,31,3,35
13546,31,3,35
13547,31,3,35
13548,31,3,35
13549,31,3,35
13550,31,3,35
13551,31,3,35
13552,31,4,38
13553,31,4,37
13554,31,4,38
13555,41,4,38
13556,31,3,38
13557,41,5,37
13558,41,4,37
13559,41,4,37
13560,41,4,37
13561,41,4,37
13562,41,4,37
13563,41,4,37
13564,31,3,34
13565,31,3,34
13566,31,3,35
13567,31,2,35
13568,31,2,35
13569,31,3,35
13570,31,3,35
13571,31,3,35
13572,31,3,34
13573,31,2,35
13574,31,2,35
13575,31,2,35
13576,31,3,35
13577,31,2,35
13578,31,2,35
13579,31,2,35
13580,31,2,35
13581,31,3,35
13582,31,2,35
13583,31,3,35
13584,31,3,35
13585,31,3,35
13586,31,3,35
13587,31,3,35
13588,31,3,35
13589,31,3,35
13590,31,3,35
13591,31,3,35
13592,31,3,35
13593,31,3,35
13594,31,3,35
13595,31,3,35
13596,31,3,35
13597,31,3,35
13598,31,2,35
13599,31,3,35
13600,31,3,35
13601,31,3,35
13602,31,2,35
13603,31,3,35
13604,31,3,35
13605,31,2,35
13606,31,2,35
13607,31,1,34
13608,31,2,35
13609,31,3,35
13610,31,3,35
13611,31,3,35
13612,31,2,35
13613,31,2,35
13614,31,2,35
13615,31,2,35
13616,31,2,35
13617,31,3,35
13618,31,2,35
13619,31,2,35
13620,31,3,35
13621,31,3,35
13622,31,3,35
13623,31,3,35
13624,31,3,35
13625,31,3,35
13626,31,3,35
13627,31,3,35
13628,31,3,35
13629,31,3,35
13630,31,3,35
13631,31,3,35
13632,31,2,35
13633,31,3,35
13634,31,3,35
13635,31,3,35
13636,31,3,35
13637,31,3,35
13638,31,3,34
13639,31,3,35
13640,31,3,34
13641,41,4,35
13642,41,4,35
13643,41,4,35
13644,41,4,35
13645,31,3,35
13646,41,3,35
13647,41,4,35
13648,41,3,35
13649,41,4,35
13650,41,3,35
13651,41,3,35
13652,31,3,35
13653,31,3,35
13654,31,3,35
13655,31,3,34
13656,41,4,35
13657,41,4,35
13658,41,3,34
13659,41,4,34
13660,41,3,34
13661,41,4,34
13662,41,4,34
13663,41,4,34
13664,41,3,34
13665,41,4,35
13666,41,3,34
13667,41,4,34
13668,41,3,34
13669,31,4,34
13670,41,4,34
13671,41,4,34
13672,41,4,34
13673,31,4,34
13674,41,4,34
13675,41,4,35
13676,41,4,34
13677,41,4,34
13678,41,4,34
13679,31,4,34
13680,31,4,34
13681,31,4,34
13682,41,4,35
13683,41,4,35
13684,41,4,35
13685,41,4,35
13686,41,4,34
13687,41,4,34
13688,31,4,34
13689,41,4,33
13690,41,4,34
13691,31,4,34
13692,31,4,34
13693,41,4,35
13694,41,4,34
13695,41,4,34
13696,41,4,34
13697,41,4,35
13698,41,4,34
13699,41,3,35
13700,41,4,35
13701,41,3,35
13702,41,4,34
13703,41,4,34
13704,41,4,35
13705,41,4,35
13706,41,3,35
13707,31,4,35
13708,31,4,34
13709,41,4,34
13710,31,3,33
13711,31,4,33
13712,31,3,33
13713,31,4,33
13714,31,4,34
13715,31,4,34
13716,31,4,34
13717,31,4,34
13718,31,3,35
13719,31,4,34
13720,31,4,35
13721,31,4,37
13722,31,4,34
13723,41,4,34
13724,31,4,34
13725,31,4,35
13726,41,4,35
13727,41,3,35
13728,41,4,37
13729,41,4,38
13730,41,3,39
13731,41,5,39
13732,41,5,38
13733,41,3,37
13734,31,4,36
13735,41,4,38
13736,31,4,37
13737,41,3,39
13738,31,4,37
13739,31,2,35
13740,31,3,35
13741,31,2,35
13742,31,3,35
13743,21,2,35
13744,31,3,35
13745,31,2,35
13746,31,2,35
13747,41,5,37
13748,41,4,35
13749,41,4,35
13750,41,4,37
13751,31,3,37
13752,31,4,37
13753,41,4,35
13754,41,4,35
13755,41,3,35
13756,41,5,37
13757,41,4,35
13758,41,4,37
13759,31,4,35
13760,31,4,35
13761,31,3,35
13762,31,3,35
13763,31,3,35
13764,31,3,35
13765,31,3,35
13766,21,3,35
13767,31,3,35
13768,31,3,35
13769,31,3,35
13770,31,4,36
13771,41,4,37
13772,41,4,37
13773,41,4,34
13774,41,4,34
13775,41,5,37
13776,41,3,34
13777,31,4,35
13778,31,3,35
13779,41,4,35
13780,41,4,35
13781,41,5,36
13782,41,5,36
13783,41,5,36
13784,41,4,37
13785,41,5,37
13786,41,4,36
13787,41,3,36
13788,31,4,36
13789,31,4,37
13790,41,4,37
13791,41,4,36
13792,41,5,36
13793,31,3,34
13794,31,3,34
13795,31,3,34
13796,31,3,35
13797,41,4,35
13798,31,3,35
13799,31,3,35
13800,41,3,35
13801,31,3,35
13802,31,3,35
13803,31,2,35
13804,41,4,35
13805,41,4,35
13806,41,4,35
13807,41,4,35
13808,41,4,35
13809,41,4,35
13810,41,4,35
13811,31,3,35
13812,41,4,35
13813,31,3,35
13814,31,3,35
13815,31,2,34
13816,31,3,35
13817,31,2,35
13818,31,2,34
13819,31,2,35
13820,31,2,35
13821,31,2,34
13822,31,2,34
13823,31,2,34
13824,31,2,35
13825,31,2,35
13826,31,2,34
13827,31,2,35
13828,31,2,34
13829,31,2,35
13830,31,2,34
13831,31,2,35
13832,31,2,34
13833,31,3,35
13834,31,2,35
13835,31,2,35
13836,31,3,34
13837,31,2,34
13838,31,3,35
13839,31,3,35
13840,31,3,35
13841,31,3,35
13842,31,2,35
13843,31,2,35
13844,31,3,34
13845,31,3,35
13846,31,2,35
13847,31,3,35
13848,31,3,35
13849,31,3,35
13850,31,3,35
13851,31,2,34
13852,31,3,35
13853,31,2,35
13854,31,2,35
13855,31,3,34
13856,31,3,36
13857,31,3,35
13858,31,3,34
13859,31,3,34
13860,31,4,35
13861,31,4,37
13862,41,4,37
13863,41,5,37
13864,41,4,37
13865,41,5,38
13866,31,3,34
13867,31,3,34
13868,31,2,34
13869,31,2,34
13870,31,3,34
13871,31,2,35
13872,31,3,35
13873,31,3,35
13874,31,3,35
13875,31,3,34
13876,31,3,34
13877,31,3,34
13878,31,3,34
13879,31,4,33
13880,31,3,34
13881,31,3,34
13882,31,4,34
13883,31,3,34
13884,31,3,35
13885,31,3,35
13886,31,3,34
13887,31,3,34
13888,31,3,35
13889,31,2,35
13890,31,2,35
13891,31,3,34
13892,31,3,35
13893,31,2,35
13894,31,3,35
13895,31,2,35
13896,41,2,35
13897,31,2,35
13898,31,2,35
13899,31,2,35
13900,31,2,35
13901,31,3,34
13902,31,3,34
13903,31,3,34
13904,31,3,34
13905,31,3,35
13906,41,3,34
13907,41,4,36
13908,31,3,34
13909,31,3,34
13910,41,4,36
13911,31,4,34
13912,31,4,35
13913,31,4,35
13914,31,4,35
13915,31,4,34
13916,31,4,35
13917,41,4,35
13918,31,4,35
13919,41,4,35
13920,31,4,35
13921,41,4,34
13922,41,4,35
13923,31,4,35
13924,41,4,35
13925,31,3,34
13926,41,4,35
13927,41,4,35
13928,41,4,35
13929,41,4,34
13930,31,3,35
13931,31,4,35
13932,41,4,35
13933,41,4,36
13934,41,4,35
13935,41,4,35
13936,31,4,35
13937,41,5,36
13938,41,4,35
13939,41,4,34
13940,41,5,37
13941,31,4,37
13942,31,4,37
13943,31,4,38
13944,31,4,37
13945,31,4,37
13946,31,2,35
13947,41,3,35
13948,41,4,35
13949,41,4,34
13950,41,4,35
13951,31,3,34
13952,41,4,36
13953,41,4,35
13954,41,3,35
13955,41,4,35
13956,41,4,35
13957,41,4,35
13958,41,4,35
13959,41,3,34
13960,41,3,34
13961,41,4,35
13962,41,4,35
13963,41,4,35
13964,41,3,34
13965,41,4,34
13966,41,4,35
13967,41,4,34
13968,41,4,35
13969,41,4,34
13970,41,4,35
13971,41,4,34
13972,41,3,35
13973,31,3,34
13974,31,4,34
13975,31,4,35
13976,41,4,35
13977,31,4,35
13978,41,4,35
13979,31,3,35
13980,31,4,35
13981,31,3,35
13982,31,3,35
13983,31,3,34
13984,31,3,34
13985,31,4,34
13986,31,4,34
13987,31,4,34
13988,31,4,35
13989,31,4,35
13990,31,3,35
13991,31,4,35
13992,31,3,34
13993,31,3,35
13994,31,3,34
13995,31,3,35
13996,31,3,34
13997,31,4,34
13998,31,3,35
13999,31,3,34
14000,31,3,34
14001,31,3,34
14002,31,3,34
14003,31,3,34
14004,31,3,35
14005,31,3,34
14006,31,3,35
14007,31,3,35
14008,31,3,34
14009,31,3,34
14010,31,3,34
14011,31,3,34
14012,41,3,35
14013,41,3,35
14014,41,4,35
14015,41,4,35
14016,41,4,34
14017,41,4,34
14018,41,3,35
14019,41,3,35
14020,41,4,35
14021,41,4,35
14022,41,3,35
14023,41,3,35
14024,41,4,35
14025,41,3,35
14026,41,3,35
14027,41,3,35
14028,41,3,35
14029,41,3,35
14030,31,3,34
14031,41,3,35
14032,31,3,35
14033,31,3,35
14034,31,2,35
14035,31,3,35
14036,31,3,35
14037,31,2,34
14038,31,2,35
14039,31,3,35
14040,41,3,35
14041,41,3,35
14042,41,3,35
14043,31,3,35
14044,31,3,35
14045,41,3,35
14046,41,3,35
14047,41,4,35
14048,31,3,35
14049,31,3,35
14050,31,2,35
14051,31,3,35
14052,31,2,35
14053,31,3,35
14054,31,3,35
14055,31,3,35
14056,31,3,35
14057,31,3,35
14058,41,3,35
14059,31,3,35
14060,41,4,35
14061,31,3,35
14062,31,3,35
14063,31,3,35
14064,31,3,35
14065,31,2,35
14066,31,3,35
14067,31,2,35
14068,31,3,35
14069,31,3,35
14070,31,3,35
14071,31,3,35
14072,31,3,35
14073,31,2,35
14074,41,4,35
14075,31,3,34
14076,31,3,34
14077,31,3,34
14078,31,2,35
14079,31,2,35
14080,31,3,34
14081,31,2,35
14082,31,3,34
14083,41,4,35
14084,41,4,35
14085,41,3,35
14086,41,4,35
14087,31,3,35
14088,31,3,35
14089,31,2,34
14090,31,3,34
14091,31,3,34
14092,31,2,34
14093,31,2,34
14094,41,3,35
14095,41,4,35
14096,41,5,35
14097,41,4,36
14098,41,5,37
14099,41,5,36
14100,41,5,36
14101,41,5,38
14102,41,5,36
14103,41,5,36
14104,41,4,37
14105,41,4,36
14106,31,4,36
14107,31,4,38
14108,31,3,36
14109,41,5,36
14110,31,4,36
14111,31,3,35
14112,31,2,35
14113,31,2,34
14114,31,3,35
14115,31,3,35
14116,31,2,34
14117,31,2,34
14118,31,2,35
14119,31,3,35
14120,31,3,35
14121,31,3,35
14122,31,2,35
14123,41,4,37
14124,41,4,35
14125,41,4,36
14126,41,4,36
14127,41,4,36
14128,41,4,37
14129,41,4,37
14130,41,4,36
14131,41,4,36
14132,41,4,36
14133,41,4,36
14134,41,3,35
14135,31,3,34
14136,31,3,35
14137,41,4,36
14138,41,4,36
14139,41,4,35
14140,41,4,35
14141,41,4,35
14142,41,4,35
14143,41,3,35
14144,41,3,35
14145,41,5,36
14146,41,5,35
14147,41,5,37
14148,41,5,36
14149,41,5,36
14150,41,5,36
14151,41,4,36
14152,41,5,35
14153,41,5,36
14154,41,5,36
14155,41,5,37
14156,41,5,36
14157,41,5,36
14158,41,5,37
14159,41,5,36
14160,41,5,37
14161,41,5,36
14162,41,5,37
14163,41,5,36
14164,41,5,36
14165,41,5,36
14166,41,5,35
14167,41,5,35
14168,41,5,37
14169,41,5,36
14170,41,5,36
14171,41,5,37
14172,41,5,36
14173,41,5,37
14174,41,5,37
14175,41,5,36
14176,41,5,36
14177,41,5,36
14178,41,5,37
14179,41,5,37
14180,41,5,36
14181,41,3,35
14182,41,5,37
14183,41,5,37
14184,41,5,36
14185,41,5,36
14186,41,3,36
14187,41,3,35
14188,41,5,36
14189,41,5,37
14190,41,5,36
14191,41,5,36
14192,41,3,36
14193,41,4,36
14194,41,5,36
14195,41,5,37
14196,41,5,36
14197,41,5,36
14198,41,5,36
14199,41,5,37
14200,41,5,37
14201,41,4,36
14202,41,4,37
14203,41,4,37
14204,41,5,36
14205,41,4,37
14206,41,4,35
14207,41,4,37
14208,41,4,37
14209,41,4,36
14210,41,4,37
14211,41,5,37
14212,41,4,37
14213,41,4,37
14214,41,4,37
14215,41,5,37
14216,41,4,37
14217,41,4,37
14218,41,4,37
14219,41,5,36
14220,41,5,37
14221,41,5,37
14222,41,5,37
14223,41,5,37
14224,41,5,37
14225,41,5,37
14226,41,4,37
14227,41,5,37
14228,41,4,36
14229,41,5,37
14230,41,5,36
14231,41,5,36
14232,41,5,36
14233,41,5,35
14234,41,5,35
14235,41,5,36
14236,41,5,37
14237,41,5,37
14238,41,4,37
14239,41,5,36
14240,41,5,37
14241,41,5,37
14242,41,5,36
14243,41,5,36
14244,41,6,37
14245,41,5,36
14246,41,5,36
14247,31,3,35
14248,41,6,37
14249,41,5,37
14250,41,6,37
14251,41,6,37
14252,41,6,37
14253,41,6,36
14254,41,6,38
14255,41,6,36
14256,41,5,36
14257,41,5,37
14258,41,6,36
14259,41,6,36
14260,41,6,36
14261,41,6,37
14262,41,5,36
14263,41,6,36
14264,41,6,36
14265,41,5,36
14266,41,5,36
14267,41,5,36
14268,41,5,36
14269,41,5,36
14270,41,5,36
14271,41,5,36
14272,41,6,36
14273,41,6,36
14274,41,6,36
14275,41,7,36
14276,41,6,36
14277,41,6,36
14278,41,7,35
14279,41,6,37
14280,41,6,37
14281,41,6,37
14282,41,6,36
14283,41,5,37
14284,41,6,36
14285,41,6,37
14286,41,5,36
14287,41,5,36
14288,41,5,37
14289,41,6,36
14290,41,5,36
14291,41,5,35
14292,41,6,36
14293,41,5,36
14294,41,5,37
14295,41,5,36
14296,41,5,36
14297,41,5,36
14298,41,5,36
14299,41,5,36
14300,41,6,36
14301,41,5,36
14302,41,6,36
14303,41,6,36
14304,41,6,36
14305,41,6,36
14306,41,5,37
14307,41,5,36
14308,41,6,35
14309,41,6,36
14310,41,5,37
14311,41,5,36
14312,41,5,36
14313,41,3,35
14314,41,3,35
14315,41,4,35
14316,41,5,36
14317,41,5,35
14318,41,5,35
14319,41,4,36
14320,41,4,35
14321,31,3,35
14322,31,3,34
14323,31,2,35
14324,41,5,37
14325,41,5,36
14326,41,5,36
14327,41,5,36
14328,41,5,36
14329,31,3,35
14330,31,2,35
14331,41,5,36
14332,41,5,35
14333,41,4,35
14334,41,4,34
14335,41,5,36
14336,41,5,36
14337,31,3,34
14338,41,5,35
14339,31,3,34
14340,31,3,36
14341,31,2,34
14342,21,2,36
14343,21,3,34
14344,21,3,35
14345,31,2,35
14346,31,3,34
14347,31,3,34
14348,31,3,35
14349,41,3,35
14350,31,3,34
14351,31,3,35
14352,31,3,35
14353,31,3,35
14354,31,2,35
14355,31,2,35
14356,31,3,35
14357,31,3,35
14358,31,3,35
14359,31,3,35
14360,31,2,35
14361,31,2,34
14362,31,2,34
14363,31,2,34
14364,31,2,35
14365,31,2,35
14366,31,2,35
14367,31,3,35
14368,31,3,35
14369,31,3,35
14370,31,3,35
14371,31,3,35
14372,31,2,35
14373,31,3,36
14374,31,3,35
14375,31,2,36
14376,31,2,35
14377,31,3,35
14378,21,2,34
14379,21,2,35
14380,21,2,34
14381,21,2,36
14382,21,3,35
14383,31,3,34
14384,21,3,35
14385,31,3,34
14386,31,3,35
14387,31,3,36
14388,31,3,35
14389,31,3,35
14390,31,3,34
14391,31,3,35
14392,31,3,35
14393,31,2,34
14394,31,2,34
14395,31,2,34
14396,31,2,34
14397,31,3,35
14398,31,2,34
14399,31,3,36
14400,31,3,36
14401,31,3,35
14402,21,2,35
14403,31,3,34
14404,21,2,35
14405,31,3,35
14406,31,2,35
14407,31,2,35
14408,31,3,34
14409,31,3,34
14410,31,3,34
14411,31,3,35
14412,31,2,34
14413,31,2,34
14414,31,2,34
14415,31,3,35
14416,31,3,36
14417,31,3,34
14418,31,3,35
14419,21,3,35
14420,31,2,35
14421,31,3,35
14422,31,3,34
14423,31,2,34
14424,31,2,35
14425,31,3,34
14426,31,3,35
14427,31,2,34
14428,31,3,34
14429,31,3,35
14430,31,3,35
14431,31,3,34
14432,31,2,34
14433,41,2,35
14434,31,3,35
14435,31,3,35
14436,31,3,35
14437,31,3,35
14438,31,3,36
14439,31,3,35
14440,31,3,35
14441,31,3,34
14442,31,3,35
14443,41,3,35
14444,31,3,35
14445,31,3,35
14446,31,3,35
14447,31,3,35
14448,31,2,36
14449,31,2,35
14450,31,3,34
14451,31,3,35
14452,21,3,34
14453,31,2,35
14454,21,2,35
14455,31,3,36
14456,31,3,35
14457,31,3,34
14458,31,3,35
14459,31,2,34
14460,31,2,35
14461,31,3,34
14462,31,3,34
14463,31,3,35
14464,31,3,35
14465,31,3,34
14466,31,3,35
14467,31,3,35
14468,31,2,35
14469,31,3,35
14470,31,3,34
14471,31,2,35
14472,31,3,34
14473,31,2,36
14474,31,3,34
14475,31,3,35
14476,31,3,35
14477,31,2,37
14478,31,2,35
14479,31,3,35
14480,31,3,35
14481,41,4,34
14482,41,4,34
14483,41,4,34
14484,41,4,37
14485,41,3,36
14486,41,5,36
14487,41,4,35
14488,41,5,35
14489,41,5,35
14490,41,4,35
14491,41,3,35
14492,31,3,35
14493,31,2,34
14494,31,2,35
14495,41,4,35
14496,41,4,36
14497,41,4,35
14498,41,3,35
14499,31,3,34
14500,31,3,34
14501,31,3,34
14502,31,3,34
14503,31,3,34
14504,31,2,36
14505,31,3,35
14506,41,3,36
14507,31,2,34
14508,31,2,35
14509,31,3,34
14510,31,3,34
14511,21,2,34
14512,31,2,34
14513,31,2,35
14514,31,2,35
14515,31,2,34
14516,31,2,35
14517,31,2,34
14518,21,3,34
14519,31,3,35
14520,31,3,34
14521,31,3,35
14522,31,3,35
14523,31,2,34
14524,31,3,35
14525,31,2,34
14526,31,2,34
14527,31,2,35
14528,21,2,35
14529,21,2,34
14530,21,3,35
14531,31,2,36
14532,21,2,36
14533,21,2,34
14534,31,3,35
14535,31,2,35
14536,31,2,35
14537,31,2,35
14538,31,2,35
14539,31,2,35
14540,31,3,35
14541,31,3,35
14542,31,2,34
14543,31,3,35
14544,31,2,35
14545,31,2,34
14546,31,3,35
14547,31,2,35
14548,31,2,35
14549,31,2,34
14550,21,2,36
14551,31,2,36
14552,31,2,35
14553,31,2,35
14554,31,3,35
14555,31,2,35
14556,31,3,35
14557,31,3,35
14558,41,3,35
14559,41,3,35
14560,41,3,34
14561,41,3,36
14562,41,3,35
14563,41,3,35
14564,31,3,35
14565,41,3,35
14566,41,3,35
14567,41,3,34
14568,31,4,36
14569,41,3,35
14570,31,3,34
14571,31,3,34
14572,31,3,34
14573,31,3,35
14574,41,3,36
14575,41,4,35
14576,31,3,34
14577,31,3,34
14578,31,3,34
14579,31,3,34
14580,41,3,35
14581,31,3,34
14582,31,3,34
14583,31,3,34
14584,31,3,34
14585,41,5,36
14586,31,3,34
14587,31,3,34
14588,31,3,34
14589,31,3,34
14590,31,3,34
14591,31,3,34
14592,31,3,34
14593,41,3,35
14594,31,3,34
14595,21,2,35
14596,31,2,35
14597,21,2,35
14598,21,3,34
14599,31,2,35
14600,31,2,35
14601,31,2,35
14602,21,2,35
14603,31,2,35
14604,31,2,34
14605,31,2,35
14606,31,2,35
14607,31,2,35
14608,31,2,36
14609,31,2,35
14610,31,2,35
14611,31,2,34
14612,31,2,34
14613,31,2,35
14614,31,3,34
14615,31,3,35
14616,31,3,35
14617,31,2,34
14618,31,3,35
14619,31,3,34
14620,31,3,34
14621,31,3,34
14622,31,3,34
14623,31,3,34
14624,31,3,34
14625,31,3,35
14626,31,2,34
14627,21,3,35
14628,21,3,35
14629,31,3,35
14630,31,3,34
14631,31,3,36
14632,31,3,35
14633,31,3,34
14634,31,2,35
14635,31,2,35
14636,31,3,34
14637,31,3,35
14638,31,3,34
14639,31,3,35
14640,31,3,36
14641,31,3,35
14642,31,3,35
14643,31,3,35
14644,31,3,35
14645,31,3,35
14646,31,4,35
14647,31,4,34
14648,31,3,34
14649,31,3,35
14650,31,4,36
14651,31,3,35
14652,31,3,34
14653,21,3,35
14654,31,3,35
14655,31,3,34
14656,31,3,36
14657,31,3,34
14658,21,2,35
14659,31,2,35
14660,31,2,35
14661,21,3,35
14662,31,2,34
14663,31,2,35
14664,31,2,35
14665,31,2,37
14666,41,4,35
14667,41,5,36
14668,41,3,34
14669,31,3,36
14670,31,3,35
14671,31,2,35
14672,41,5,35
14673,41,5,34
14674,41,4,34
14675,41,4,35
14676,41,4,34
14677,41,4,34
14678,41,5,36
14679,41,5,34
14680,41,5,36
14681,41,5,36
14682,41,5,35
14683,41,5,35
14684,41,5,35
14685,41,5,35
14686,41,4,37
14687,41,5,36
14688,41,4,35
14689,41,3,34
14690,41,3,34
14691,41,3,33
14692,41,3,34
14693,41,3,33
14694,31,3,34
14695,41,4,34
14696,41,4,34
14697,41,5,35
14698,41,5,34
14699,41,4,34
14700,41,4,34
14701,41,5,34
14702,41,5,34
14703,41,5,33
14704,41,4,35
14705,41,4,35
14706,41,5,36
14707,41,4,35
14708,41,5,35
14709,41,4,36
14710,41,5,36
14711,41,5,36
14712,41,5,36
14713,41,5,36
14714,41,4,35
14715,41,5,36
14716,41,5,37
14717,41,5,36
14718,51,4,37
14719,41,3,37
14720,41,4,36
14721,41,4,36
14722,41,4,37
14723,51,4,37
14724,41,4,37
14725,51,4,37
14726,51,4,37
14727,41,4,37
14728,41,3,36
14729,41,3,36
14730,51,3,37
14731,51,4,37
14732,51,4,37
14733,51,3,37
14734,41,5,35
14735,41,4,34
14736,41,5,36
14737,41,5,35
14738,41,5,36
14739,41,5,36
14740,41,5,36
14741,41,5,34
14742,41,4,35
14743,31,3,35
14744,31,3,36
14745,31,3,35
14746,31,3,35
14747,31,3,35
14748,31,3,35
14749,31,2,35
14750,31,2,35
14751,31,3,35
14752,31,3,35
14753,31,3,35
14754,31,3,34
14755,31,3,34
14756,31,3,34
14757,31,3,34
14758,31,3,35
14759,31,3,34
14760,31,2,36
14761,31,3,34
14762,31,2,35
14763,31,2,35
14764,31,2,34
14765,31,2,35
14766,31,2,34
14767,31,3,34
14768,31,2,34
14769,31,3,34
14770,31,3,34
14771,31,3,35
14772,31,3,35
14773,31,3,35
14774,31,3,35
14775,31,3,35
14776,31,3,35
14777,41,4,34
14778,31,2,34
14779,31,3,35
14780,31,3,34
14781,31,3,34
14782,31,3,34
14783,31,2,34
14784,31,3,34
14785,31,2,34
14786,31,3,34
14787,31,3,34
14788,31,3,35
14789,31,2,35
14790,31,3,35
14791,31,2,34
14792,31,3,34
14793,31,3,34
14794,31,2,35
14795,31,2,34
14796,31,3,35
14797,31,3,35
14798,31,2,34
14799,31,3,35
14800,31,3,35
14801,31,3,35
14802,31,3,35
14803,31,3,35
14804,31,4,35
14805,31,3,35
14806,31,3,35
14807,31,3,35
14808,31,3,36
14809,31,3,35
14810,31,3,35
14811,31,3,35
14812,31,3,36
14813,31,3,34
14814,31,3,36
14815,31,2,35
14816,31,4,34
14817,31,4,35
14818,41,4,35
14819,41,5,38
14820,41,5,37
14821,41,5,37
14822,31,3,35
14823,31,2,34
14824,31,3,34
14825,31,2,34
14826,31,2,34
14827,31,3,34
14828,31,3,35
14829,31,2,36
14830,31,2,35
14831,31,3,35
14832,31,3,35
14833,31,3,35
14834,31,3,35
14835,31,3,34
14836,31,2,35
14837,31,3,35
14838,31,3,35
14839,31,3,35
14840,31,3,35
14841,31,2,35
14842,31,3,34
14843,31,3,35
14844,31,3,34
14845,31,2,35
14846,31,2,35
14847,31,3,35
14848,31,2,34
14849,31,2,34
14850,31,2,35
14851,31,3,34
14852,31,3,34
14853,31,3,35
14854,31,3,34
14855,31,3,35
14856,31,3,35
14857,31,3,35
14858,31,3,35
14859,31,3,34
14860,31,2,35
14861,31,2,34
14862,31,3,35
14863,31,3,35
14864,31,3,35
14865,21,3,35
14866,31,2,36
14867,31,2,36
14868,31,3,34
14869,31,2,35
14870,31,2,34
14871,31,2,35
14872,31,3,35
14873,41,3,35
14874,31,3,35
14875,31,4,35
14876,31,3,34
14877,31,3,35
14878,31,3,34
14879,31,3,35
14880,31,3,35
14881,31,3,35
14882,31,3,35
14883,31,3,36
14884,31,3,35
14885,31,2,37
14886,31,2,35
14887,31,2,34
14888,31,2,35
14889,31,2,35
14890,31,2,35
14891,31,2,35
14892,31,2,36
14893,31,2,35
14894,31,2,34
14895,21,2,35
14896,31,3,35
14897,31,3,34
14898,21,3,35
14899,21,2,36
14900,21,2,35
14901,31,3,34
14902,31,3,35
14903,31,3,35
14904,31,2,34
14905,31,3,34
14906,31,3,35
14907,21,2,34
14908,21,3,34
14909,31,2,35
14910,21,2,34
14911,21,3,35
14912,31,2,35
14913,31,2,35
14914,21,2,35
14915,31,2,35
14916,31,3,35
14917,31,3,35
14918,31,3,34
14919,31,3,34
14920,31,3,34
14921,31,3,35
14922,31,3,35
14923,31,3,34
14924,31,2,35
14925,31,2,35
14926,31,2,35
14927,21,2,34
14928,21,2,35
14929,31,2,34
14930,31,2,34
14931,31,2,34
14932,21,2,35
14933,31,3,35
14934,31,2,35
14935,31,2,34
14936,31,2,33
14937,31,2,35
14938,31,2,35
14939,31,2,34
14940,31,2,34
14941,31,2,35
14942,31,2,34
14943,31,3,35
14944,31,2,34
14945,31,2,35
14946,31,3,35
14947,41,4,35
14948,41,4,35
14949,41,4,35
14950,41,4,35
14951,41,3,35
14952,31,3,34
14953,41,3,34
14954,31,3,34
14955,31,3,35
14956,31,3,35
14957,31,3,35
14958,31,3,35
14959,31,3,34
14960,31,2,35
14961,31,3,35
14962,31,3,34
14963,31,2,35
14964,31,2,34
14965,31,2,34
14966,31,2,35
14967,31,3,34
14968,31,2,35
14969,31,2,35
14970,31,2,34
14971,31,2,35
14972,31,2,35
14973,31,2,35
14974,31,3,34
14975,31,2,34
14976,31,2,35
14977,31,2,35
14978,31,3,35
14979,31,3,34
14980,31,3,34
14981,31,3,35
14982,31,3,34
14983,31,3,35
14984,31,3,35
14985,31,2,35
14986,31,2,34
14987,31,3,35
14988,31,3,34
14989,31,2,34
14990,31,3,35
14991,41,4,35
14992,41,4,34
14993,41,4,33
14994,41,4,34
14995,41,4,34
14996,41,4,33
14997,41,5,37
14998,41,6,35
14999,41,5,37
15000,41,5,35
15001,41,5,36
15002,41,6,36
15003,41,6,36
15004,41,4,34
15005,41,4,33
15006,41,4,32
15007,41,4,34
15008,41,4,33
15009,41,4,33
15010,31,4,33
15011,41,6,37
15012,41,5,37
15013,41,6,37
15014,41,5,36
15015,41,5,37
15016,41,6,36
15017,41,5,36
15018,41,6,37
15019,41,5,36
15020,41,6,36
15021,41,6,36
15022,41,5,37
15023,41,6,36
15024,41,5,36
15025,41,5,35
15026,41,4,36
15027,41,5,35
15028,41,4,36
15029,31,2,34
15030,41,5,36
15031,31,2,35
15032,41,3,34
15033,31,2,35
15034,31,3,35
15035,31,3,35
15036,31,2,35
15037,31,2,34
15038,31,2,35
15039,31,2,34
15040,31,2,35
15041,31,3,35
15042,31,2,34
15043,31,2,35
15044,31,2,35
15045,31,2,34
15046,31,2,35
15047,31,2,34
15048,31,2,35
15049,31,2,34
15050,31,2,34
15051,31,2,34
15052,31,2,35
15053,31,2,34
15054,31,2,35
15055,31,3,35
15056,31,2,35
15057,21,2,34
15058,21,2,35
15059,21,2,35
15060,21,1,36
15061,21,2,35
15062,21,2,35
15063,31,2,35
15064,21,2,34
15065,21,2,34
15066,31,3,35
15067,31,2,35
15068,31,2,35
15069,31,2,35
15070,31,2,35
15071,31,3,35
15072,31,3,35
15073,31,3,35
15074,31,2,34
15075,31,3,34
15076,31,2,34
15077,31,3,35
15078,31,2,34
15079,31,3,35
15080,31,3,34
15081,31,3,35
15082,31,2,35
15083,31,2,35
15084,31,2,35
15085,31,2,35
15086,31,3,35
15087,31,3,35
15088,31,3,35
15089,21,3,35
15090,31,3,35
15091,31,2,35
15092,31,2,34
15093,31,3,35
15094,31,3,35
15095,31,3,34
15096,31,2,36
15097,31,3,34
15098,31,3,35
15099,31,3,35
15100,31,3,35
15101,31,2,35
15102,31,2,34
15103,31,3,35
15104,31,3,34
15105,31,2,35
15106,31,2,35
15107,31,3,35
15108,31,2,35
15109,31,3,35
15110,31,3,35
15111,31,2,35
15112,31,3,35
15113,31,3,35
15114,31,3,35
15115,21,2,36
15116,31,2,35
15117,31,3,35
15118,21,3,35
15119,31,3,35
15120,31,2,35
15121,31,3,35
15122,31,3,35
15123,21,2,35
15124,31,2,35
15125,31,2,35
15126,31,2,35
15127,31,2,36
15128,31,2,35
15129,21,3,35
15130,31,2,36
15131,21,2,34
15132,31,2,35
15133,31,2,34
15134,31,2,34
15135,31,2,35
15136,31,3,34
15137,31,3,34
15138,31,2,35
15139,31,3,35
15140,31,3,34
15141,31,3,34
15142,31,3,35
15143,31,3,35
15144,31,3,35
15145,31,3,35
15146,31,2,35
15147,41,5,37
15148,41,5,36
15149,41,5,36
15150,41,5,37
15151,41,4,35
15152,41,5,36
15153,31,3,35
15154,31,3,34
15155,41,4,36
15156,41,5,37
15157,41,5,36
15158,41,4,36
15159,41,6,36
15160,41,4,36
15161,41,5,36
15162,41,5,36
15163,41,4,37
15164,41,5,36
15165,41,5,36
15166,41,4,36
15167,41,5,36
15168,41,5,36
15169,41,5,37
15170,31,3,35
15171,31,2,35
15172,41,5,36
15173,41,5,36
15174,41,5,35
15175,41,4,36
15176,41,5,37
15177,41,5,36
15178,41,4,36
15179,41,5,36
15180,41,5,36
15181,41,5,36
15182,41,5,36
15183,41,5,35
15184,31,3,35
15185,31,2,35
15186,31,2,35
15187,31,3,35
15188,31,2,34
15189,31,3,34
15190,31,3,34
15191,31,3,35
15192,41,5,36
15193,41,5,37
15194,41,5,36
15195,41,5,36
15196,41,5,37
15197,41,5,36
15198,41,5,36
15199,41,4,36
15200,41,5,36
15201,41,5,36
15202,41,5,36
15203,41,5,36
15204,41,5,36
15205,41,5,35
15206,41,5,36
15207,41,5,36
15208,41,5,36
15209,41,5,36
15210,41,5,35
15211,41,5,35
15212,41,5,36
15213,41,5,36
15214,41,5,36
15215,41,5,35
15216,41,5,36
15217,41,5,36
15218,41,5,36
15219,41,5,36
15220,41,4,36
15221,41,5,36
15222,41,5,35
15223,41,5,35
15224,41,5,36
15225,41,5,36
15226,41,5,35
15227,41,5,36
15228,41,5,36
15229,41,5,34
15230,41,5,35
15231,41,4,35
15232,41,5,36
15233,41,5,35
15234,41,5,36
15235,41,5,36
15236,41,5,36
15237,41,5,36
15238,41,5,36
15239,41,5,36
15240,41,5,36
15241,41,5,36
15242,41,5,36
15243,41,5,36
15244,41,5,36
15245,41,5,36
15246,41,6,35
15247,41,5,36
15248,41,6,36
15249,41,5,36
15250,41,5,35
15251,41,5,36
15252,41,5,36
15253,41,5,36
15254,41,5,36
15255,41,5,36
15256,41,5,36
15257,41,5,37
15258,31,3,34
15259,41,5,37
15260,41,4,36
15261,41,5,36
15262,31,3,35
15263,31,3,35
15264,31,3,35
15265,31,3,35
15266,31,3,35
15267,31,3,35
15268,31,3,35
15269,31,2,35
15270,31,2,34
15271,31,2,34
15272,21,2,34
15273,31,3,35
15274,31,3,34
15275,31,3,34
15276,31,3,34
15277,31,3,34
15278,31,3,34
15279,31,3,35
15280,31,3,35
15281,31,3,35
15282,31,3,34
15283,31,3,34
15284,31,3,36
15285,31,3,34
15286,31,3,34
15287,31,3,35
15288,31,3,35
15289,31,3,34
15290,31,3,34
15291,31,3,35
15292,31,3,34
15293,31,3,35
15294,31,3,34
15295,31,2,34
15296,31,3,35
15297,31,3,34
15298,31,3,35
15299,31,3,34
15300,31,3,34
15301,31,3,34
15302,31,3,34
15303,31,3,35
15304,31,2,35
15305,31,3,35
15306,31,3,34
15307,31,3,35
15308,31,3,35
15309,31,2,34
15310,31,2,34
15311,31,2,34
15312,31,2,34
15313,31,3,35
15314,31,3,35
15315,31,3,34
15316,31,2,35
15317,31,2,35
15318,31,2,35
15319,31,3,35
15320,31,2,35
15321,31,2,35
15322,31,2,34
15323,31,2,35
15324,31,2,35
15325,31,3,34
15326,31,3,35
15327,31,3,35
15328,31,3,34
15329,31,3,35
15330,31,3,34
15331,31,3,33
15332,31,2,35
15333,31,3,35
15334,31,2,35
15335,31,2,35
15336,31,2,34
15337,31,3,34
15338,31,2,34
15339,31,3,35
15340,31,3,35
15341,31,3,35
15342,31,3,34
15343,31,3,34
15344,31,3,35
15345,31,3,34
15346,31,3,35
15347,31,3,34
15348,31,3,34
15349,31,3,34
15350,31,3,35
15351,31,3,34
15352,31,2,34
15353,31,3,34
15354,31,2,35
15355,31,2,34
15356,31,2,34
15357,31,2,34
15358,31,3,34
15359,31,2,34
15360,31,2,35
15361,31,2,35
15362,31,3,34
15363,31,2,35
15364,31,2,34
15365,31,3,34
15366,31,2,34
15367,31,2,34
15368,31,2,34
15369,31,3,35
15370,31,3,35
15371,31,3,35
15372,31,3,35
15373,31,2,35
15374,21,2,34
15375,31,2,34
15376,31,2,34
15377,31,3,35
15378,31,3,35
15379,31,3,34
15380,31,2,34
15381,31,3,34
15382,31,2,34
15383,31,2,34
15384,31,2,33
15385,31,2,34
15386,31,2,34
15387,31,2,34
15388,31,2,33
15389,31,2,34
15390,31,2,34
15391,21,2,34
15392,31,2,34
15393,31,2,34
15394,31,2,35
15395,31,2,35
15396,31,2,34
15397,31,1,35
15398,31,3,34
15399,31,2,34
15400,31,2,34
15401,31,3,33
15402,31,2,35
15403,31,2,34
15404,31,2,35
15405,31,2,34
15406,31,2,34
15407,31,2,33
15408,31,4,34
15409,41,3,34
15410,41,4,35
15411,41,4,34
15412,31,4,34
15413,31,4,34
15414,31,4,34
15415,41,4,34
15416,31,3,34
15417,31,3,34
15418,31,3,34
15419,31,4,34
15420,41,5,36
15421,41,5,35
15422,41,4,36
15423,41,5,35
15424,41,5,35
15425,41,5,36
15426,41,5,36
15427,41,5,36
15428,41,5,35
15429,41,5,37
15430,41,5,36
15431,41,5,34
15432,41,5,36
15433,41,5,36
15434,41,4,34
15435,41,4,35
15436,41,5,35
15437,41,5,35
15438,41,5,36
15439,41,6,35
15440,41,6,34
15441,41,5,36
15442,41,4,34
15443,41,3,37
15444,41,5,38
15445,41,5,37
15446,41,4,38
15447,41,4,37
15448,41,4,37
15449,41,3,37
15450,41,3,36
15451,31,3,38
15452,41,3,36
15453,31,3,36
15454,41,4,37
15455,41,3,37
15456,41,3,36
15457,41,4,38
15458,41,4,37
15459,41,4,37
15460,41,3,38
15461,31,3,38
15462,41,4,37
15463,41,4,38
15464,41,4,36
15465,41,3,37
15466,41,3,38
15467,41,3,37
15468,41,4,38
15469,31,3,38
15470,31,3,38
15471,31,3,38
15472,41,3,38
15473,41,3,37
15474,41,4,37
15475,41,4,38
15476,31,3,35
15477,41,4,37
15478,41,4,37
15479,31,3,38
15480,41,4,37
15481,31,3,37
15482,41,4,37
15483,31,3,37
15484,31,3,37
15485,31,3,37
15486,31,3,37
15487,41,4,38
15488,41,4,38
15489,31,3,38
15490,41,4,36
15491,41,4,36
15492,31,3,35
15493,41,3,35
15494,31,3,34
15495,31,3,35
15496,31,3,36
15497,31,3,36
15498,31,3,35
15499,31,3,35
15500,41,4,36
15501,41,4,36
15502,41,5,36
15503,41,4,36
15504,41,4,36
15505,41,4,36
15506,41,4,36
15507,31,3,34
15508,41,4,34
15509,31,3,34
15510,31,3,35
15511,31,3,34
15512,31,3,36
15513,31,3,35
15514,31,3,34
15515,31,3,35
15516,31,3,35
15517,31,3,36
15518,31,3,35
15519,31,3,35
15520,31,3,35
15521,31,3,34
15522,31,3,35
15523,41,4,36
15524,41,4,37
15525,41,4,37
15526,41,4,36
15527,31,4,36
15528,41,5,37
15529,41,5,35
15530,41,4,37
15531,41,5,36
15532,41,5,36
15533,31,3,35
15534,31,3,35
15535,41,4,36
15536,41,4,35
15537,41,4,36
15538,41,4,36
15539,41,4,36
15540,41,5,35
15541,41,5,35
15542,41,5,36
15543,41,5,35
15544,41,5,36
15545,41,5,36
15546,41,4,36
15547,41,5,36
15548,41,5,36
15549,41,5,36
15550,41,5,35
15551,41,5,35
15552,41,5,37
15553,41,5,36
15554,41,5,36
15555,41,5,36
15556,41,5,35
15557,41,5,35
15558,41,5,36
15559,41,5,34
15560,41,5,36
15561,41,5,37
15562,41,6,36
15563,41,5,36
15564,41,5,35
15565,41,6,36
15566,41,5,35
15567,41,4,36
15568,41,4,36
15569,41,4,36
15570,41,4,36
15571,41,4,35
15572,41,4,34
15573,41,4,36
15574,41,5,36
15575,41,5,35
15576,41,5,36
15577,41,4,35
15578,41,4,36
15579,41,5,34
15580,31,3,36
15581,31,3,37
15582,31,3,36
15583,31,3,36
15584,31,3,35
15585,31,3,34
15586,31,3,35
15587,31,3,34
15588,31,3,36
15589,41,5,35
15590,41,5,36
15591,31,3,37
15592,31,3,36
15593,31,3,36
15594,31,4,35
15595,41,4,35
15596,31,4,35
15597,31,3,36
15598,41,4,36
15599,31,3,35
15600,31,3,35
15601,31,2,35
15602,31,2,35
15603,31,2,35
15604,41,2,37
15605,31,3,35
15606,31,3,35
15607,41,2,35
15608,41,2,35
15609,41,3,35
15610,31,3,35
15611,41,2,35
15612,41,4,36
15613,31,3,35
15614,31,2,35
15615,31,2,35
15616,31,3,35
15617,31,3,35
15618,31,2,35
15619,31,2,36
15620,31,2,35
15621,31,2,35
15622,31,3,35
15623,41,4,35
15624,31,3,35
15625,31,3,35
15626,31,2,34
15627,31,2,35
15628,31,2,35
15629,31,2,35
15630,31,2,35
15631,31,2,34
15632,31,2,35
15633,31,2,34
15634,31,3,35
15635,41,4,37
15636,41,5,36
15637,31,2,35
15638,31,3,36
15639,41,3,35
15640,31,3,35
15641,31,3,35
15642,41,3,35
15643,41,3,35
15644,31,3,34
15645,31,2,35
15646,31,2,35
15647,41,4,37
15648,41,4,36
15649,41,4,36
15650,41,4,36
15651,41,4,35
15652,41,4,36
15653,41,4,36
15654,41,5,35
15655,31,3,35
15656,41,4,36
15657,41,4,35
15658,41,4,36
15659,41,4,36
15660,41,4,36
15661,41,4,36
15662,31,3,35
15663,31,3,35
15664,41,4,35
15665,41,4,35
15666,31,3,35
15667,41,5,36
15668,41,4,37
15669,31,3,34
15670,41,4,36
15671,41,4,37
15672,41,4,36
15673,41,4,36
15674,41,4,35
15675,41,5,36
15676,41,4,36
15677,41,4,36
15678,41,4,36
15679,41,4,35
15680,41,5,35
15681,41,4,35
15682,41,4,36
15683,41,4,36
15684,41,4,39
15685,41,5,38
15686,41,4,38
15687,41,4,38
15688,41,4,38
15689,41,4,36
15690,41,4,38
15691,41,4,37
15692,41,4,36
15693,41,5,37
15694,41,4,38
15695,41,5,36
15696,41,5,37
15697,41,4,37
15698,41,4,38
15699,41,4,38
15700,41,5,38
15701,41,5,37
15702,41,4,38
15703,41,4,37
15704,41,5,35
15705,41,4,36
15706,31,3,35
15707,31,3,35
15708,31,3,35
15709,31,3,35
15710,31,3,34
15711,31,3,35
15712,31,3,35
15713,31,3,34
15714,31,2,35
15715,31,3,35
15716,31,3,35
15717,31,3,34
15718,41,4,35
15719,41,5,35
15720,41,4,36
15721,41,5,35
15722,41,5,36
15723,41,5,36
15724,41,4,36
15725,41,4,36
15726,41,5,36
15727,41,4,36
15728,41,5,36
15729,41,4,35
15730,31,3,36
15731,31,3,34
15732,31,3,36
15733,31,3,35
15734,31,3,35
15735,31,3,35
15736,31,3,35
15737,31,3,35
15738,31,3,35
15739,31,3,35
15740,31,3,35
15741,31,3,35
15742,31,3,35
15743,31,3,35
15744,31,3,35
15745,31,3,35
15746,31,3,35
15747,31,3,35
15748,31,3,35
15749,31,3,35
15750,31,3,35
15751,31,3,34
15752,31,3,36
15753,31,3,35
15754,31,3,35
15755,31,3,35
15756,31,3,35
15757,31,3,34
15758,31,2,35
15759,31,3,35
15760,31,3,35
15761,31,3,35
15762,31,3,34
15763,31,3,35
15764,31,3,35
15765,31,3,35
15766,31,3,36
15767,21,3,36
15768,31,3,36
15769,31,3,35
15770,31,3,34
15771,31,3,35
15772,41,5,37
15773,41,4,36
15774,41,4,36
15775,41,4,36
15776,41,4,37
15777,41,4,37
15778,41,5,36
15779,41,5,37
15780,41,4,37
15781,41,4,37
15782,41,4,39
15783,41,4,38
15784,41,4,38
15785,41,5,38
15786,41,4,37
15787,41,4,38
15788,41,4,37
15789,41,4,37
15790,41,4,38
15791,41,4,37
15792,41,5,37
15793,41,4,36
15794,41,4,36
15795,41,5,38
15796,41,5,37
15797,41,5,36
15798,41,5,35
15799,41,4,36
15800,41,5,36
15801,41,5,36
15802,41,5,36
15803,41,5,36
15804,41,5,35
15805,41,5,36
15806,41,4,35
15807,41,5,35
15808,41,5,37
15809,41,4,35
15810,41,5,36
15811,41,5,37
15812,41,5,37
15813,41,5,36
15814,31,3,35
15815,41,3,35
15816,31,3,35
15817,31,3,35
15818,31,3,35
15819,31,3,35
15820,31,3,35
15821,31,3,34
15822,31,3,35
15823,31,3,34
15824,41,4,35
15825,31,4,34
15826,31,2,35
15827,31,3,35
15828,31,3,35
15829,31,2,35
15830,31,2,35
15831,31,3,35
15832,31,3,35
15833,31,2,34
15834,31,3,34
15835,31,3,35
15836,41,5,36
15837,31,3,35
15838,31,3,35
15839,31,3,35
15840,31,3,34
15841,31,3,34
15842,31,3,35
15843,31,3,34
15844,31,3,35
15845,31,3,35
15846,31,3,35
15847,31,3,35
15848,31,3,35
15849,31,3,34
15850,31,3,35
15851,31,3,35
15852,31,3,35
15853,31,3,35
15854,31,2,35
15855,31,3,34
15856,31,3,35
15857,31,3,35
15858,31,3,35
15859,31,3,35
15860,31,3,34
15861,31,3,35
15862,31,3,35
15863,31,3,35
15864,31,2,35
15865,31,3,35
15866,31,4,35
15867,31,3,35
15868,31,3,35
15869,31,3,35
15870,31,3,35
15871,31,3,35
15872,31,3,35
15873,31,3,35
15874,31,3,35
15875,31,3,35
15876,31,3,35
15877,31,3,34
15878,31,3,35
15879,31,3,35
15880,31,3,35
15881,31,3,35
15882,31,3,35
15883,31,3,35
15884,31,3,34
15885,31,3,35
15886,31,3,35
15887,31,3,35
15888,31,3,35
15889,31,3,35
15890,31,3,35
15891,31,3,35
15892,31,3,35
15893,31,4,36
15894,31,3,35
15895,41,5,35
15896,41,5,36
15897,41,5,37
15898,41,5,35
15899,41,5,36
15900,41,5,36
15901,41,5,37
15902,41,5,36
15903,41,5,36
15904,41,5,37
15905,41,5,37
15906,41,5,36
15907,41,5,37
15908,41,5,37
15909,41,5,36
15910,41,5,36
15911,41,5,36
15912,41,5,36
15913,41,5,37
15914,41,4,36
15915,41,5,36
15916,41,5,36
15917,41,5,36
15918,41,5,36
15919,41,5,36
15920,41,5,36
15921,41,4,36
15922,41,5,37
15923,41,5,36
15924,41,5,36
15925,41,5,37
15926,41,5,36
15927,41,5,36
15928,41,5,36
15929,41,5,36
15930,41,5,36
15931,41,5,37
15932,41,5,36
15933,41,5,36
15934,41,5,36
15935,41,5,36
15936,41,5,36
15937,41,5,37
15938,41,4,35
15939,41,4,35
15940,41,5,36
15941,41,4,35
15942,31,3,35
15943,41,5,36
15944,31,3,35
15945,31,3,35
15946,41,5,35
15947,41,5,36
15948,41,4,36
15949,41,4,36
15950,41,5,36
15951,41,5,37
15952,41,5,35
15953,31,3,35
15954,41,5,36
15955,31,4,37
15956,31,3,36
15957,41,4,35
15958,31,3,37
15959,31,4,38
15960,31,3,37
15961,31,4,38
15962,31,3,38
15963,31,3,35
15964,31,3,35
15965,31,3,35
15966,31,3,35
15967,31,2,34
15968,31,2,34
15969,31,3,34
15970,31,3,35
15971,31,3,35
15972,31,3,35
15973,31,3,34
15974,31,3,34
15975,31,3,35
15976,31,3,35
15977,31,3,34
15978,31,3,35
15979,31,2,35
15980,31,3,34
15981,31,3,35
15982,31,2,36
15983,31,2,34
15984,31,2,34
15985,31,3,35
15986,31,3,34
15987,31,3,35
15988,31,3,35
15989,31,3,35
15990,31,3,35
15991,31,3,34
15992,31,2,35
15993,31,2,35
15994,31,3,35
15995,31,3,35
15996,31,2,35
15997,31,3,35
15998,31,3,35
15999,31,3,35
16000,31,3,35
16001,31,3,34
16002,31,2,35
16003,31,3,35
16004,31,3,35
16005,31,3,35
16006,31,3,34
16007,31,3,35
16008,31,3,36
16009,31,3,35
16010,31,3,34
16011,31,3,36
16012,31,3,35
16013,31,3,36
16014,31,3,34
16015,31,3,35
16016,31,3,34
16017,31,3,34
16018,31,3,34
16019,31,3,34
16020,31,3,34
16021,31,3,34
16022,31,3,35
16023,31,3,34
16024,31,3,35
16025,31,3,35
16026,31,3,34
16027,31,3,35
16028,31,4,35
16029,31,3,35
16030,31,2,34
16031,21,3,35
16032,31,3,35
16033,31,3,35
16034,31,3,35
16035,31,3,35
16036,31,2,34
16037,31,3,35
16038,31,3,36
16039,21,3,35
16040,31,3,34
16041,31,4,34
16042,31,3,35
16043,31,2,34
16044,31,3,35
16045,31,3,34
16046,31,3,35
16047,31,3,35
16048,31,3,35
16049,31,3,34
16050,31,3,34
16051,31,3,35
16052,31,3,35
16053,31,3,35
16054,31,3,35
16055,31,3,35
16056,31,3,35
16057,31,3,35
16058,31,3,35
16059,31,3,35
16060,31,3,35
16061,31,2,35
16062,31,3,35
16063,31,3,35
16064,31,2,34
16065,31,3,35
16066,31,3,35
16067,31,3,35
16068,31,3,35
16069,31,3,34
16070,31,3,35
16071,31,3,35
16072,31,3,35
16073,31,3,34
16074,31,3,34
16075,31,2,36
16076,31,3,35
16077,31,2,34
16078,31,3,35
16079,31,3,34
16080,31,3,34
16081,31,2,34
16082,31,3,35
16083,31,3,36
16084,31,3,34
16085,41,3,36
16086,31,3,35
16087,31,3,35
16088,31,3,35
16089,31,3,35
16090,31,3,35
16091,31,3,35
16092,31,3,35
16093,31,4,34
16094,31,3,35
16095,31,3,35
16096,31,3,35
16097,31,3,35
16098,31,3,34
16099,41,5,35
16100,41,4,35
16101,41,4,35
16102,41,5,35
16103,41,6,35
16104,41,5,34
16105,31,3,36
16106,31,3,36
16107,21,3,36
16108,21,3,35
16109,31,2,35
16110,21,3,35
16111,31,3,35
16112,31,3,35
16113,21,3,35
16114,21,3,36
16115,31,3,35
16116,31,3,36
16117,31,4,35
16118,31,3,35
16119,31,3,35
16120,31,3,36
16121,31,3,35
16122,31,5,36
16123,31,3,34
16124,31,3,35
16125,31,3,35
16126,31,3,35
16127,31,3,35
16128,31,3,35
16129,31,3,35
16130,31,2,35
16131,31,3,34
16132,31,3,34
16133,31,3,36
16134,31,3,35
16135,31,3,35
16136,31,3,35
16137,31,3,35
16138,31,3,36
16139,31,3,35
16140,31,3,34
16141,31,3,35
16142,31,3,35
16143,31,3,35
16144,31,3,35
16145,31,3,35
16146,31,3,35
16147,31,3,34
16148,31,3,34
16149,31,3,35
16150,31,2,35
16151,31,2,35
16152,31,2,35
16153,31,3,35
16154,31,3,35
16155,31,2,36
16156,31,3,35
16157,31,3,35
16158,31,3,34
16159,21,2,35
16160,31,2,35
16161,31,3,35
16162,31,3,35
16163,31,2,35
16164,31,3,35
16165,31,2,35
16166,31,2,34
16167,31,2,35
16168,31,3,35
16169,31,3,35
16170,31,3,35
16171,31,3,36
16172,31,3,36
16173,31,3,35
16174,31,3,36
16175,31,3,35
16176,31,3,36
16177,31,3,37
16178,31,3,36
16179,31,3,37
16180,31,3,36
16181,31,3,36
16182,31,3,36
16183,41,4,37
16184,31,5,36
16185,31,5,37
16186,31,5,36
16187,31,5,37
16188,31,5,37
16189,31,4,38
16190,31,5,37
16191,31,4,37
16192,31,5,36
16193,31,4,37
16194,31,3,35
16195,31,2,36
16196,21,2,36
16197,31,4,37
16198,31,5,37
16199,31,4,37
16200,31,3,35
16201,31,3,36
16202,31,3,36
16203,31,3,35
16204,31,3,35
16205,31,3,36
16206,31,3,35
16207,31,3,35
16208,31,3,35
16209,31,3,35
16210,31,3,35
16211,31,3,35
16212,31,3,34
16213,31,3,34
16214,31,3,36
16215,31,3,35
16216,31,3,35
16217,31,3,35
16218,31,3,35
16219,31,3,35
16220,31,3,36
16221,31,3,35
16222,31,3,35
16223,31,3,34
16224,31,3,35
16225,31,3,36
16226,31,3,36
16227,31,2,36
16228,31,3,35
16229,31,3,34
16230,31,3,35
16231,31,3,34
16232,31,3,35
16233,31,3,35
16234,31,3,35
16235,31,3,35
16236,31,3,34
16237,31,3,36
16238,31,2,35
16239,31,3,35
16240,31,3,35
16241,31,3,35
16242,31,3,35
16243,31,3,35
16244,31,3,35
16245,31,3,35
16246,31,2,33
16247,31,3,34
16248,31,3,34
16249,31,3,35
16250,31,3,35
16251,31,3,36
16252,31,4,36
16253,31,3,35
16254,31,3,36
16255,31,3,33
16256,31,3,35
16257,21,3,35
16258,21,2,36
16259,31,3,35
16260,31,3,35
16261,31,3,35
16262,21,3,35
16263,31,3,35
16264,31,3,35
16265,21,3,35
16266,31,3,35
16267,31,3,35
16268,21,3,36
16269,31,3,35
16270,31,3,35
16271,31,3,35
16272,31,3,34
16273,31,2,35
16274,31,3,36
16275,31,2,35
16276,31,3,34
16277,31,3,35
16278,31,3,35
16279,31,3,35
16280,31,3,35
16281,31,2,35
16282,31,3,35
16283,31,2,34
16284,31,3,36
16285,31,2,36
16286,31,3,35
16287,31,2,36
16288,31,3,35
16289,31,3,36
16290,31,3,35
16291,21,2,35
16292,21,2,35
16293,31,3,36
16294,21,3,36
16295,21,3,35
16296,31,2,36
16297,21,2,36
16298,21,2,36
16299,21,2,36
16300,31,3,35
16301,21,3,35
16302,31,3,36
16303,21,3,36
16304,31,3,36
16305,31,3,35
16306,31,3,35
16307,31,3,35
16308,31,3,35
16309,31,3,36
16310,21,4,35
16311,31,3,36
16312,31,3,36
16313,31,3,36
16314,31,3,36
16315,31,3,35
16316,31,3,35
16317,31,3,35
16318,31,3,35
16319,31,3,35
16320,31,3,34
16321,31,3,35
16322,31,3,36
16323,31,3,34
16324,31,3,34
16325,31,3,35
16326,31,3,34
16327,31,3,35
16328,31,3,35
16329,31,2,34
16330,31,3,35
16331,31,3,35
16332,31,3,36
16333,31,3,34
16334,31,3,34
16335,31,3,36
16336,31,4,35
16337,31,3,36
16338,31,3,34
16339,31,3,36
16340,31,3,35
16341,31,3,35
16342,31,3,34
16343,31,3,35
16344,31,2,36
16345,31,2,36
16346,31,2,36
16347,31,3,35
16348,31,2,35
16349,31,2,35
16350,31,3,35
16351,31,3,35
16352,31,3,36
16353,31,3,35
16354,31,3,36
16355,31,3,36
16356,31,3,35
16357,31,4,36
16358,31,3,35
16359,31,3,35
16360,31,2,36
16361,31,3,35
16362,31,3,36
16363,31,3,36
16364,21,3,35
16365,21,3,35
16366,21,3,35
16367,31,3,36
16368,31,2,36
16369,31,2,35
16370,31,3,35
16371,31,2,36
16372,21,3,35
16373,31,2,35
16374,31,2,35
16375,21,2,36
16376,31,2,35
16377,31,2,35
16378,31,2,35
16379,31,2,35
16380,31,2,36
16381,31,3,36
16382,31,2,35
16383,31,2,36
16384,31,3,36
16385,31,3,35
16386,31,3,36
16387,31,3,36
16388,31,3,35
16389,31,3,36
16390,31,3,35
16391,31,3,36
16392,31,3,35
16393,31,3,35
16394,31,3,36
16395,31,3,35
16396,31,3,35
16397,31,2,35
16398,31,2,35
16399,31,2,36
16400,31,2,36
16401,31,3,34
16402,31,3,34
16403,31,3,35
16404,31,2,35
16405,21,2,35
16406,31,2,35
16407,31,2,36
16408,21,3,35
16409,21,2,36
16410,31,3,36
16411,31,2,36
16412,31,2,36
16413,31,2,35
16414,31,3,35
16415,31,2,35
16416,31,2,34
16417,31,2,36
16418,31,3,35
16419,31,3,35
16420,31,3,35
16421,31,2,35
16422,31,3,35
16423,31,3,34
16424,31,3,36
16425,31,3,35
16426,31,3,34
16427,31,3,35
16428,31,3,35
16429,31,3,35
16430,31,3,35
16431,31,3,35
16432,31,3,35
16433,31,3,35
16434,31,3,34
16435,31,3,36
16436,31,3,35
16437,31,3,35
16438,31,3,36
16439,31,3,35
16440,31,3,34
16441,31,3,35
16442,31,3,34
16443,31,3,35
16444,31,3,34
16445,31,3,36
16446,31,3,34
16447,31,3,36
16448,31,3,36
16449,31,3,35
16450,31,3,35
16451,31,3,34
16452,31,3,35
16453,31,3,34
16454,31,3,35
16455,31,3,35
16456,31,2,35
16457,31,2,34
16458,31,3,35
16459,31,3,36
16460,31,2,34
16461,31,3,35
16462,31,2,37
16463,31,3,35
16464,31,2,36
16465,31,2,35
16466,31,2,35
16467,31,2,35
16468,31,2,35
16469,31,2,35
16470,31,2,35
16471,31,2,35
16472,21,2,37
16473,31,3,36
16474,31,3,35
16475,31,3,35
16476,31,3,35
16477,31,3,35
16478,31,3,36
16479,31,3,34
16480,31,3,35
16481,31,3,35
16482,31,3,35
16483,31,3,36
16484,31,3,35
16485,31,3,35
16486,21,3,34
16487,31,3,35
16488,31,3,35
16489,31,3,36
16490,31,3,35
16491,31,3,35
16492,31,3,36
16493,31,3,36
16494,31,3,35
16495,31,3,35
16496,31,3,34
16497,31,3,35
16498,31,3,35
16499,31,3,34
16500,31,3,35
16501,31,4,37
16502,31,3,36
16503,31,4,37
16504,31,4,37
16505,31,3,35
16506,31,3,37
16507,31,3,36
16508,31,3,37
16509,41,4,36
16510,31,3,36
16511,31,3,34
16512,31,3,35
16513,31,3,35
16514,31,3,34
16515,31,3,35
16516,31,3,34
16517,31,3,35
16518,31,3,35
16519,31,3,36
16520,31,2,35
16521,41,4,35
16522,41,4,34
16523,41,5,34
16524,41,5,35
16525,41,5,35
16526,41,4,34
16527,41,4,35
16528,41,5,35
16529,31,3,35
16530,31,3,35
16531,31,3,34
16532,31,3,34
16533,31,3,35
16534,31,3,34
16535,31,3,35
16536,31,3,35
16537,31,3,36
16538,31,3,36
16539,31,3,35
16540,31,3,35
16541,31,3,35
16542,31,3,35
16543,31,3,35
16544,31,3,35
16545,31,3,35
16546,41,3,37
16547,31,3,35
16548,31,4,37
16549,31,3,35
16550,31,3,36
16551,31,3,35
16552,31,3,34
16553,31,3,35
16554,31,3,35
16555,31,3,35
16556,31,3,35
16557,31,3,35
16558,31,3,35
16559,31,3,35
16560,31,3,35
16561,31,3,35
16562,31,3,35
16563,31,3,34
16564,31,3,35
16565,31,3,35
16566,31,3,34
16567,31,3,34
16568,31,3,35
16569,31,3,35
16570,31,3,34
16571,31,3,35
16572,31,3,35
16573,31,3,35
16574,31,3,37
16575,31,3,35
16576,31,3,37
16577,31,3,36
16578,31,3,37
16579,31,3,37
16580,31,3,36
16581,31,3,35
16582,31,3,37
16583,31,3,37
16584,31,3,37
16585,31,3,35
16586,31,3,35
16587,31,3,35
16588,31,3,35
16589,31,3,35
16590,41,3,36
16591,31,4,37
16592,41,3,36
16593,31,3,35
16594,31,3,35
16595,31,3,35
16596,31,4,37
16597,31,4,37
16598,31,4,37
16599,31,4,37
16600,31,4,37
16601,31,4,37
16602,31,4,37
16603,31,3,35
16604,31,4,37
16605,41,4,37
16606,41,4,37
16607,31,5,36
16608,41,4,37
16609,41,4,37
16610,31,5,36
16611,31,4,37
16612,31,4,37
16613,31,4,37
16614,41,4,37
16615,31,4,37
16616,41,4,37
16617,41,3,36
16618,41,4,37
16619,41,6,38
16620,31,4,37
16621,31,4,37
16622,31,3,37
16623,31,4,37
16624,31,3,38
16625,31,4,37
16626,31,4,37
16627,31,4,38
16628,31,4,37
16629,41,4,37
16630,31,4,37
16631,31,4,37
16632,31,4,37
16633,31,4,37
16634,41,4,38
16635,41,6,37
16636,31,4,37
16637,31,4,38
16638,31,4,38
16639,31,4,37
16640,31,4,37
16641,31,4,37
16642,31,4,37
16643,41,5,37
16644,31,4,37
16645,31,4,37
16646,41,5,36
16647,31,4,37
16648,41,5,37
16649,41,6,37
16650,31,5,37
16651,31,5,37
16652,31,6,37
16653,31,5,36
16654,31,5,37
16655,31,4,37
16656,31,4,37
16657,31,4,37
16658,41,4,37
16659,31,4,37
16660,31,5,37
16661,31,4,37
16662,31,5,37
16663,31,4,37
16664,41,4,37
16665,31,5,37
16666,31,4,37
16667,41,4,38
16668,31,5,36
16669,41,6,36
16670,41,6,36
16671,41,5,36
16672,41,5,36
16673,41,5,36
16674,31,5,37
16675,31,4,37
16676,31,4,37
16677,31,5,36
16678,31,5,36
16679,31,5,37
16680,31,5,37
16681,31,5,37
16682,41,5,36
16683,41,5,36
16684,41,5,36
16685,31,5,37
16686,41,4,37
16687,31,5,37
16688,31,5,36
16689,31,5,37
16690,31,5,37
16691,31,5,36
16692,41,4,37
16693,41,6,36
16694,41,6,36
16695,31,5,36
16696,31,4,37
16697,31,5,35
16698,31,5,36
16699,31,5,36
16700,31,4,37
16701,31,5,37
16702,31,4,37
16703,31,5,37
16704,31,4,37
16705,31,4,37
16706,31,5,37
16707,31,5,37
16708,41,6,35
16709,41,4,37
16710,41,4,37
16711,41,4,37
16712,31,5,36
16713,31,5,35
16714,41,6,37
16715,41,5,37
16716,31,5,36
16717,31,5,36
16718,31,5,37
16719,31,4,37
16720,31,5,37
16721,31,5,36
16722,31,5,37
16723,31,4,37
16724,31,5,35
16725,31,4,37
16726,31,5,37
16727,31,4,37
16728,31,5,36
16729,31,5,37
16730,31,5,38
16731,31,5,38
16732,31,4,38
16733,31,4,38
16734,31,5,37
16735,31,5,38
16736,31,5,37
16737,31,5,37
16738,31,5,38
16739,31,2,35
16740,31,3,36
16741,31,5,37
16742,31,2,35
16743,21,3,34
16744,31,4,34
16745,31,3,34
16746,31,3,35
16747,31,3,36
16748,41,4,36
16749,41,6,37
16750,41,6,37
16751,31,6,37
16752,31,5,38
16753,31,5,37
16754,31,5,38
16755,31,5,38
16756,41,6,38
16757,31,5,38
16758,31,5,36
16759,31,5,37
16760,31,5,37
16761,31,5,37
16762,31,5,37
16763,31,5,37
16764,31,6,38
16765,31,5,38
16766,31,5,37
16767,31,4,34
16768,31,3,35
16769,31,3,35
16770,31,3,35
16771,31,3,35
16772,31,2,35
16773,31,3,35
16774,31,3,35
16775,31,2,34
16776,31,2,35
16777,31,2,34
16778,31,3,36
16779,31,3,35
16780,31,3,36
16781,31,4,37
16782,31,3,36
16783,31,3,35
16784,31,3,35
16785,31,3,35
16786,21,3,35
16787,31,3,35
16788,31,3,34
16789,31,3,35
16790,31,3,35
16791,31,3,35
16792,31,3,36
16793,31,2,36
16794,31,3,35
16795,31,3,35
16796,31,3,36
16797,31,3,35
16798,31,3,35
16799,31,3,36
16800,31,3,37
16801,31,3,36
16802,31,2,36
16803,31,3,35
16804,31,3,35
16805,31,2,35
16806,31,3,35
16807,31,3,35
16808,31,2,35
16809,31,2,34
16810,31,2,35
16811,31,3,35
16812,31,2,35
16813,31,3,36
16814,31,3,35
16815,31,3,34
16816,31,3,35
16817,31,3,35
16818,31,3,36
16819,31,2,34
16820,31,3,36
16821,31,2,35
16822,31,3,35
16823,31,2,34
16824,31,3,36
16825,31,3,35
16826,31,2,35
16827,31,3,35
16828,31,3,36
16829,31,4,34
16830,31,3,34
16831,31,3,35
16832,31,3,36
16833,31,3,35
16834,31,3,35
16835,31,3,35
16836,31,3,35
16837,31,3,35
16838,31,3,35
16839,31,3,35
16840,31,3,35
16841,31,3,35
16842,31,2,36
16843,21,3,35
16844,31,3,35
16845,31,2,35
16846,31,2,35
16847,21,3,35
16848,31,3,36
16849,21,3,35
16850,21,3,36
16851,31,3,34
16852,21,3,35
16853,31,3,35
16854,31,3,37
16855,31,3,36
16856,31,3,35
16857,31,4,34
16858,31,3,35
16859,31,3,35
16860,31,3,35
16861,31,3,34
16862,31,3,35
16863,31,4,34
16864,31,4,34
16865,31,3,35
16866,31,3,35
16867,41,4,35
16868,41,4,36
16869,41,4,36
16870,41,4,36
16871,41,4,36
16872,41,4,35
16873,41,4,35
16874,41,4,35
16875,41,4,34
16876,31,3,36
16877,31,3,36
16878,31,3,36
16879,31,4,37
16880,31,3,35
16881,31,3,36
16882,31,2,35
16883,31,2,36
16884,31,3,35
16885,31,3,35
16886,31,3,36
16887,31,3,35
16888,21,3,35
16889,31,3,35
16890,31,3,35
16891,31,4,37
16892,31,3,36
16893,31,3,35
16894,41,4,36
16895,31,3,35
16896,41,4,36
16897,41,4,34
16898,31,4,37
16899,41,3,35
16900,31,4,37
16901,31,4,37
16902,41,4,36
16903,21,3,35
16904,31,3,35
16905,21,2,35
16906,41,4,36
16907,41,4,36
16908,41,4,35
16909,41,4,37
16910,41,3,36
16911,41,3,35
16912,41,4,37
16913,41,4,34
16914,41,4,37
16915,41,4,37
16916,41,4,35
16917,41,5,36
16918,41,4,34
16919,41,3,35
16920,31,3,35
16921,31,3,34
16922,31,3,36
16923,31,3,36
16924,41,4,35
16925,31,3,37
16926,31,3,36
16927,31,3,36
16928,41,4,35
16929,41,3,36
16930,41,3,36
16931,41,3,36
16932,41,3,37
16933,41,3,35
16934,41,4,35
16935,41,4,35
16936,41,3,35
16937,41,4,35
16938,41,4,35
16939,41,4,37
16940,41,4,36
16941,41,4,35
16942,41,4,36
16943,41,4,36
16944,41,3,35
16945,41,4,35
16946,41,3,36
16947,41,6,36
16948,41,4,36
16949,41,4,36
16950,41,4,36
16951,41,4,35
16952,41,4,36
16953,41,5,37
16954,41,5,35
16955,41,4,36
16956,31,3,35
16957,41,4,35
16958,41,4,36
16959,41,4,36
16960,41,4,36
16961,41,3,35
16962,41,4,36
16963,41,4,35
16964,41,4,36
16965,41,4,36
16966,41,4,35
16967,41,4,36
16968,41,4,34
16969,41,4,35
16970,41,4,36
16971,41,4,35
16972,41,4,36
16973,41,4,34
16974,41,4,36
16975,41,4,35
16976,41,4,36
16977,41,4,37
16978,41,4,36
16979,41,4,36
16980,41,3,36
16981,41,4,36
16982,41,4,36
16983,41,4,36
16984,41,4,37
16985,41,4,36
16986,41,4,34
16987,41,3,37
16988,41,4,36
16989,41,4,35
16990,41,3,36
16991,41,3,36
16992,41,4,35
16993,31,3,35
16994,41,4,36
16995,31,3,35
16996,31,3,36
16997,41,4,36
16998,41,4,36
16999,41,4,36
17000,41,3,36
17001,41,3,35
17002,41,3,37
17003,41,4,35
17004,41,4,34
17005,41,4,34
17006,41,4,34
17007,41,4,34
17008,41,4,34
17009,31,5,35
17010,41,4,35
17011,41,5,35
17012,41,4,35
17013,41,5,34
17014,41,4,34
17015,41,4,35
17016,41,4,35
17017,41,4,36
17018,41,4,35
17019,31,3,35
17020,31,4,37
17021,41,4,36
17022,31,3,36
17023,41,4,35
17024,41,3,36
17025,41,4,36
17026,41,4,36
17027,41,4,34
17028,41,4,35
17029,41,4,33
17030,41,5,35
17031,41,4,34
17032,41,4,34
17033,41,4,34
17034,41,5,34
17035,41,5,34
17036,41,4,34
17037,41,4,33
17038,41,5,35
17039,41,4,33
17040,31,4,37
17041,31,3,37
17042,31,3,37
17043,31,3,35
17044,31,3,37
17045,41,5,34
17046,41,3,33
17047,41,4,35
17048,41,4,36
17049,41,5,34
17050,41,3,34
17051,41,4,34
17052,41,4,34
17053,41,5,35
17054,41,4,34
17055,41,4,34
17056,41,4,36
17057,41,4,34
17058,41,5,35
17059,41,4,36
17060,31,4,37
17061,41,4,37
17062,31,4,37
17063,41,4,36
17064,31,3,37
17065,31,3,37
17066,31,4,37
17067,31,4,37
17068,31,3,37
17069,41,4,37
17070,41,4,35
17071,41,3,34
17072,41,4,34
17073,41,4,35
17074,41,5,35
17075,41,5,36
17076,41,5,34
17077,41,4,34
17078,41,4,34
17079,41,4,34
17080,41,3,33
17081,41,4,34
17082,41,3,34
17083,41,4,34
17084,41,4,33
17085,41,3,34
17086,41,3,34
17087,41,4,33
17088,41,3,34
17089,41,3,35
17090,41,4,34
17091,41,4,34
17092,41,4,35
17093,41,4,33
17094,41,4,34
17095,41,4,35
17096,41,4,34
17097,41,4,34
17098,41,4,34
17099,41,4,35
17100,41,4,34
17101,41,4,35
17102,41,4,33
17103,41,4,34
17104,41,4,34
17105,41,4,34
17106,41,4,35
17107,31,3,34
17108,41,3,34
17109,41,3,36
17110,41,3,33
17111,41,3,34
17112,31,3,34
17113,41,4,34
17114,41,4,34
17115,41,5,34
17116,41,4,34
17117,41,4,34
17118,41,4,34
17119,41,4,33
17120,41,4,34
17121,41,3,32
17122,41,3,33
17123,41,3,33
17124,41,4,34
17125,41,4,33
17126,41,3,33
17127,41,3,33
17128,41,4,33
17129,41,3,33
17130,41,4,34
17131,41,3,33
17132,41,3,33
17133,41,3,34
17134,41,4,32
17135,41,3,34
17136,41,3,33
17137,41,3,34
17138,41,3,33
17139,41,3,34
17140,41,3,34
17141,41,3,33
17142,41,3,34
17143,41,3,34
17144,41,3,34
17145,41,3,34
17146,41,4,35
17147,41,4,33
17148,41,4,35
17149,41,4,34
17150,41,4,34
17151,41,4,34
17152,41,4,34
17153,41,5,33
17154,41,4,33
17155,31,5,36
17156,41,5,36
17157,41,4,36
17158,31,3,35
17159,41,5,36
17160,41,4,34
17161,41,4,34
17162,31,3,35
17163,31,3,34
17164,31,3,36
17165,31,3,34
17166,31,4,34
17167,31,3,34
17168,31,3,34
17169,41,4,35
17170,31,3,37
17171,31,3,36
17172,31,3,37
17173,31,3,36
17174,31,3,37
17175,31,3,36
17176,31,3,36
17177,31,3,37
17178,31,3,37
17179,41,4,35
17180,41,3,35
17181,31,3,35
17182,31,4,34
17183,41,4,35
17184,31,3,34
17185,31,3,35
17186,31,4,37
17187,31,3,36
17188,31,3,36
17189,31,3,36
17190,31,3,35
17191,31,3,36
17192,41,5,35
17193,41,6,35
17194,41,5,36
17195,31,5,35
17196,31,6,37
17197,41,4,36
17198,41,5,37
17199,31,6,35
17200,41,5,36
17201,41,5,36
17202,41,6,35
17203,41,4,36
17204,41,5,35
17205,41,4,35
17206,41,4,37
17207,41,5,36
17208,41,4,37
17209,41,5,36
17210,41,4,35
17211,41,4,36
17212,41,4,35
17213,41,4,36
17214,41,4,35
17215,41,4,37
17216,41,4,36
17217,41,3,36
17218,41,4,36
17219,41,4,35
17220,41,4,36
17221,41,4,36
17222,41,4,36
17223,41,4,35
17224,41,4,36
17225,41,4,35
17226,41,4,36
17227,41,4,36
17228,41,3,36
17229,41,4,36
17230,41,4,36
17231,41,4,36
17232,41,4,36
17233,41,4,35
17234,41,4,35
17235,41,4,37
17236,41,4,36
17237,41,4,36
17238,41,4,35
17239,41,4,36
17240,41,4,36
17241,41,4,36
17242,41,4,35
17243,41,4,36
17244,41,4,37
17245,41,4,36
17246,41,4,36
17247,41,4,36
17248,41,4,36
17249,41,4,36
17250,41,4,36
17251,41,4,35
17252,41,4,36
17253,41,4,36
17254,41,4,36
17255,41,4,36
17256,41,3,35
17257,41,4,36
17258,41,4,35
17259,41,4,36
17260,41,4,35
17261,41,4,36
17262,41,4,36
17263,41,4,36
17264,41,3,36
17265,41,4,36
17266,41,3,36
17267,41,4,37
17268,41,4,36
17269,41,4,36
17270,41,4,37
17271,41,4,36
17272,41,4,36
17273,41,4,36
17274,41,4,36
17275,41,4,36
17276,41,4,36
17277,41,3,36
17278,41,4,37
17279,41,4,36
17280,41,4,36
17281,41,3,36
17282,41,3,36
17283,41,3,36
17284,41,4,36
17285,41,4,36
17286,41,4,36
17287,41,3,35
17288,41,4,36
17289,51,4,34
17290,41,4,35
17291,41,3,35
17292,41,4,36
17293,41,4,36
17294,41,4,36
17295,41,4,37
17296,41,4,36
17297,41,4,36
17298,41,4,35
17299,41,4,36
17300,41,4,36
17301,41,4,37
17302,41,4,36
17303,41,3,34
17304,41,3,36
17305,41,5,36
17306,41,4,36
17307,41,4,36
17308,41,4,36
17309,41,3,34
17310,41,4,34
17311,41,4,35
17312,41,4,34
17313,41,4,34
17314,41,4,35
17315,41,4,36
17316,41,4,35
17317,41,4,35
17318,41,4,35
17319,41,4,35
17320,41,4,36
17321,41,4,36
17322,41,4,36
17323,41,4,36
17324,41,5,35
17325,41,5,36
17326,41,5,36
17327,41,5,36
17328,41,4,37
17329,41,4,36
17330,41,4,36
17331,41,4,35
17332,41,4,36
17333,41,4,36
17334,41,4,36
17335,41,4,37
17336,41,4,37
17337,41,4,36
17338,41,4,37
17339,41,4,37
17340,41,4,36
17341,41,4,37
17342,41,4,37
17343,41,4,36
17344,41,4,35
17345,51,4,37
17346,51,4,37
17347,51,4,36
17348,51,4,36
17349,51,3,35
17350,51,3,36
17351,51,3,36
17352,41,3,36
17353,41,3,37
17354,41,4,37
17355,41,3,36
17356,41,3,35
17357,41,3,35
17358,41,4,36
17359,41,3,36
17360,41,3,36
17361,41,4,36
17362,41,4,36
17363,41,3,36
17364,41,4,36
17365,41,4,36
17366,41,4,36
17367,41,4,35
17368,41,4,35
17369,41,4,35
17370,41,4,34
17371,41,5,37
17372,41,5,36
17373,31,5,35
17374,31,5,36
17375,41,5,37
17376,31,5,36
17377,41,5,37
17378,31,5,35
17379,41,4,35
17380,41,4,36
17381,31,5,36
17382,31,5,36
17383,31,5,35
17384,31,5,36
17385,41,5,37
17386,31,4,37
17387,31,3,37
17388,31,4,37
17389,31,3,37
17390,31,4,37
17391,31,4,37
17392,31,3,36
17393,31,3,36
17394,31,4,36
17395,41,4,36
17396,31,3,36
17397,31,3,35
17398,41,4,37
17399,31,3,37
17400,31,3,37
17401,31,3,37
17402,31,3,37
17403,31,3,37
17404,31,5,36
17405,41,3,36
17406,41,4,37
17407,41,4,36
17408,41,4,35
17409,41,4,34
17410,41,4,33
17411,41,4,34
17412,41,5,34
17413,41,4,34
17414,41,4,34
17415,41,4,34
17416,41,4,35
17417,41,4,33
17418,41,4,35
17419,41,5,36
17420,41,4,36
17421,31,4,39
17422,31,4,38
17423,31,4,38
17424,31,3,36
17425,31,3,37
17426,31,4,37
17427,31,3,38
17428,31,4,37
17429,31,4,37
17430,41,4,37
17431,41,3,37
17432,41,4,36
17433,41,3,37
17434,41,3,37
17435,41,4,36
17436,31,3,36
17437,31,3,36
17438,31,3,36
17439,31,3,35
17440,41,3,35
17441,41,3,37
17442,41,4,37
17443,31,3,36
17444,31,3,36
17445,41,4,34
17446,41,5,33
17447,41,4,34
17448,41,4,34
17449,31,3,37
17450,31,3,37
17451,31,4,37
17452,41,3,37
17453,31,3,36
17454,41,5,36
17455,31,5,35
17456,31,5,36
17457,31,5,35
17458,41,5,35
17459,31,5,36
17460,31,5,36
17461,31,5,36
17462,31,5,36
17463,31,5,36
17464,31,5,36
17465,31,5,35
17466,31,5,35
17467,31,5,36
17468,31,5,35
17469,41,6,36
17470,31,5,36
17471,41,5,36
17472,41,5,36
17473,31,5,37
17474,41,4,37
17475,31,5,36
17476,41,5,36
17477,41,5,35
17478,41,6,35
17479,41,6,35
17480,41,5,36
17481,41,6,36
17482,41,5,36
17483,41,4,35
17484,41,5,36
17485,41,5,36
17486,41,5,36
17487,41,5,36
17488,41,6,36
17489,41,6,35
17490,41,5,36
17491,41,5,35
17492,41,4,35
17493,41,5,35
17494,41,5,35
17495,41,5,35
17496,41,5,35
17497,31,5,36
17498,41,5,35
17499,41,5,36
17500,41,5,34
17501,41,6,35
17502,41,5,37
17503,41,5,35
17504,41,6,37
17505,41,6,36
17506,41,6,36
17507,41,6,35
17508,41,6,35
17509,41,6,36
17510,41,6,36
17511,41,6,36
17512,41,6,37
17513,41,6,36
17514,41,6,35
17515,41,5,36
17516,41,5,36
17517,41,6,35
17518,41,4,37
17519,41,4,37
17520,41,5,36
17521,41,4,37
17522,41,4,37
17523,41,6,36
17524,41,6,37
17525,41,4,39
17526,41,4,38
17527,41,4,37
17528,41,4,37
17529,41,3,37
17530,41,4,37
17531,41,4,37
17532,41,4,37
17533,41,4,37
17534,41,4,38
17535,41,4,37
17536,41,4,38
17537,41,4,37
17538,41,4,37
17539,41,4,38
17540,41,4,37
17541,41,4,37
17542,31,4,37
17543,31,4,38
17544,31,4,38
17545,31,4,38
17546,31,3,37
17547,41,3,37
17548,31,3,38
17549,41,4,38
17550,41,4,38
17551,41,4,37
17552,41,6,37
17553,41,4,38
17554,41,4,37
17555,41,4,38
17556,41,4,37
17557,41,4,38
17558,41,4,38
17559,41,4,38
17560,41,4,37
17561,41,4,37
17562,31,4,38
17563,41,4,36
17564,41,4,38
17565,41,4,38
17566,41,4,38
17567,41,4,37
17568,41,5,36
17569,41,4,38
17570,41,4,38
17571,31,4,38
17572,31,4,37
17573,31,4,37
17574,41,4,38
17575,41,4,37
17576,41,4,38
17577,41,4,37
17578,41,4,37
17579,41,4,36
17580,31,4,37
17581,41,4,37
17582,41,4,37
17583,41,4,37
17584,41,4,36
17585,41,4,37
17586,31,4,37
17587,41,4,37
17588,41,4,37
17589,31,4,37
17590,41,4,37
17591,41,4,38
17592,41,4,37
17593,41,4,37
17594,41,4,37
17595,31,4,37
17596,41,4,37
17597,31,4,37
17598,41,4,37
17599,41,4,37
17600,41,4,37
17601,41,4,36
17602,41,4,37
17603,41,4,37
17604,41,4,37
17605,41,4,37
17606,41,4,36
17607,41,4,36
17608,41,4,37
17609,41,4,37
17610,41,4,37
17611,41,4,37
17612,41,4,37
17613,41,4,37
17614,41,4,37
17615,41,4,37
17616,41,4,37
17617,31,4,37
17618,31,4,37
17619,41,4,38
17620,41,4,37
17621,41,4,37
17622,31,4,37
17623,41,4,36
17624,31,4,37
17625,31,4,38
17626,41,3,36
17627,31,4,38
17628,41,4,38
17629,41,4,37
17630,41,4,36
17631,41,4,37
17632,41,5,37
17633,41,4,37
17634,41,4,37
17635,41,4,37
17636,41,4,37
17637,41,4,37
17638,41,4,37
17639,41,4,38
17640,41,4,37
17641,41,4,37
17642,41,4,37
17643,41,3,37
17644,41,4,37
17645,41,4,37
17646,41,4,36
17647,41,4,37
17648,41,4,37
17649,41,4,37
17650,41,4,37
17651,41,4,37
17652,41,4,38
17653,41,4,37
17654,41,4,37
17655,31,4,38
17656,41,4,37
17657,41,4,38
17658,41,4,38
17659,41,4,37
17660,31,4,37
17661,41,4,36
17662,41,4,36
17663,41,4,36
17664,41,4,38
17665,41,4,37
17666,41,4,37
17667,41,4,37
17668,41,4,37
17669,31,4,37
17670,31,4,37
17671,31,4,37
17672,31,3,37
17673,31,4,38
17674,31,3,38
17675,41,4,36
17676,41,4,38
17677,41,4,36
17678,31,4,37
17679,31,3,37
17680,41,4,37
17681,41,4,37
17682,41,4,37
17683,31,4,37
17684,41,4,37
17685,31,3,37
17686,41,4,37
17687,41,3,37
17688,41,4,37
17689,41,4,36
17690,31,4,37
17691,41,4,36
17692,41,4,38
17693,41,4,37
17694,41,4,36
17695,41,4,37
17696,41,3,37
17697,41,4,37
17698,41,4,37
17699,41,4,36
17700,41,4,37
17701,41,4,37
17702,41,4,37
17703,41,4,37
17704,41,4,38
17705,41,4,37
17706,31,4,37
17707,41,4,37
17708,41,4,38
17709,31,4,37
17710,41,4,39
17711,31,4,38
17712,41,4,37
17713,41,3,36
17714,31,4,37
17715,41,4,36
17716,31,4,37
17717,41,4,37
17718,41,4,37
17719,41,4,38
17720,41,4,39
17721,41,4,38
17722,41,4,37
17723,41,4,39
17724,41,4,37
17725,41,4,37
17726,41,4,38
17727,41,5,37
17728,41,4,37
17729,41,4,37
17730,41,4,37
17731,41,4,37
17732,41,4,36
17733,41,4,37
17734,41,4,36
17735,41,4,37
17736,41,4,37
17737,41,4,35
17738,41,4,36
17739,41,4,38
17740,41,3,37
17741,41,4,37
17742,41,4,37
17743,41,4,36
17744,31,4,37
17745,31,4,37
17746,41,4,37
17747,41,4,37
17748,41,4,37
17749,41,4,37
17750,41,4,37
17751,41,4,37
17752,41,4,37
17753,41,4,37
17754,41,4,37
17755,41,4,36
17756,41,4,37
17757,41,4,37
17758,41,4,36
17759,41,4,37
17760,41,4,36
17761,41,4,38
17762,41,4,37
17763,41,4,36
17764,41,4,37
17765,41,4,37
17766,41,4,37
17767,41,4,36
17768,41,4,37
17769,41,4,35
17770,41,3,35
17771,41,4,37
17772,41,4,35
17773,41,4,37
17774,41,4,37
17775,41,4,37
17776,41,4,36
17777,41,4,37
17778,41,4,37
17779,41,4,38
17780,41,3,39
17781,31,4,37
17782,41,4,37
17783,41,4,37
17784,41,4,36
17785,41,4,36
17786,41,4,36
17787,41,4,37
17788,41,4,37
17789,41,4,37
17790,41,4,35
17791,41,4,36
17792,41,4,36
17793,31,4,37
17794,41,4,36
17795,41,4,37
17796,41,4,36
17797,41,4,37
17798,41,4,36
17799,41,4,37
17800,41,4,37
17801,41,5,35
17802,41,4,35
17803,41,5,36
17804,41,4,35
17805,41,5,36
17806,41,5,37
17807,41,4,36
17808,41,4,36
17809,51,5,36
17810,51,4,35
17811,41,4,36
17812,41,5,35
17813,51,5,35
17814,51,5,35
17815,41,4,35
17816,41,5,36
17817,41,4,35
17818,41,4,36
17819,41,4,36
17820,41,4,36
17821,41,4,35
17822,41,4,37
17823,41,5,36
17824,41,4,37
17825,41,4,35
17826,51,4,35
17827,51,4,36
17828,51,4,34
17829,51,4,36
17830,51,4,36
17831,51,4,35
17832,51,4,36
17833,51,4,36
17834,51,4,36
17835,51,4,35
17836,41,4,35
17837,51,5,35
17838,51,5,36
17839,51,5,35
17840,51,5,35
17841,51,5,35
17842,51,5,36
17843,41,4,35
17844,51,5,36
17845,51,5,35
17846,51,5,35
17847,41,5,35
17848,51,5,34
17849,51,5,36
17850,51,5,36
17851,41,5,36
17852,41,5,37
17853,41,5,36
17854,41,4,36
17855,51,5,36
17856,41,4,36
17857,41,4,36
17858,41,5,35
17859,41,5,36
17860,41,4,35
17861,41,5,36
17862,41,5,36
17863,41,5,37
17864,41,5,36
17865,41,5,37
17866,41,4,37
17867,41,5,36
17868,41,4,36
17869,41,5,36
17870,51,5,36
17871,41,5,36
17872,41,5,37
17873,51,4,36
17874,51,4,36
17875,51,5,35
17876,51,4,36
17877,51,4,35
17878,51,4,35
17879,51,4,36
17880,51,5,35
17881,51,5,36
17882,51,4,35
17883,51,5,36
17884,51,5,36
17885,51,5,35
17886,51,5,36
17887,51,5,35
17888,51,4,36
17889,51,4,34
17890,51,5,35
17891,51,4,36
17892,51,5,35
17893,51,5,36
17894,51,6,36
17895,51,5,37
17896,51,5,36
17897,51,5,37
17898,51,5,36
17899,51,5,37
17900,51,5,36
17901,51,5,36
17902,51,5,36
17903,51,4,37
17904,51,5,37
17905,51,5,36
17906,51,5,37
17907,51,5,35
17908,51,6,36
17909,51,5,36
17910,51,5,37
17911,51,5,36
17912,51,5,36
17913,51,5,36
17914,41,5,35
17915,51,4,35
17916,51,4,36
17917,41,4,35
17918,41,5,34
17919,41,4,35
17920,41,5,35
17921,41,4,35
17922,41,5,36
17923,41,4,35
17924,51,5,36
17925,51,5,36
17926,51,5,36
17927,51,5,36
17928,51,5,36
17929,51,6,35
17930,51,6,36
17931,51,5,36
17932,51,5,36
17933,51,6,35
17934,51,6,36
17935,51,6,36
17936,51,6,36
17937,51,5,35
17938,51,5,34
17939,51,5,37
17940,51,6,36
17941,51,5,36
17942,51,5,35
17943,51,5,35
17944,51,4,35
17945,41,4,34
17946,41,5,34
17947,41,5,36
17948,51,4,35
17949,41,4,34
17950,51,4,35
17951,51,4,35
17952,51,5,34
17953,51,5,34
17954,41,4,35
17955,51,5,35
17956,51,4,35
17957,51,4,34
17958,51,4,36
17959,51,5,36
17960,51,5,36
17961,51,4,34
17962,51,5,36
17963,51,5,36
17964,51,5,36
17965,51,6,36
17966,51,5,36
17967,51,6,37
17968,41,5,35
17969,41,5,35
17970,51,6,35
17971,41,4,36
17972,41,5,35
17973,41,4,35
17974,51,5,35
17975,41,5,36
17976,41,4,35
17977,51,4,35
17978,51,6,36
17979,51,5,35
17980,41,5,36
17981,41,5,36
17982,51,5,36
17983,51,5,35
17984,51,5,36
17985,51,5,37
17986,51,4,36
17987,41,5,36
17988,51,6,36
17989,51,6,36
17990,41,5,37
17991,41,5,37
17992,41,4,37
17993,41,5,37
17994,41,5,37
17995,41,5,37
17996,41,5,36
17997,41,5,36
17998,41,5,37
17999,41,5,37
18000,41,4,35
18001,41,4,35
18002,41,5,36
18003,41,4,36
18004,41,5,35
18005,41,4,36
18006,41,4,36
18007,31,3,36
18008,41,5,35
18009,41,4,35
18010,41,6,36
18011,41,5,36
18012,41,6,36
18013,41,6,37
18014,41,5,35
18015,41,5,36
18016,41,5,37
18017,41,6,37
18018,41,5,37
18019,41,5,36
18020,41,5,36
18021,41,5,36
18022,41,5,36
18023,41,4,36
18024,31,4,37
18025,41,5,36
18026,41,5,36
18027,41,4,36
18028,41,4,37
18029,41,5,36
18030,41,4,36
18031,41,5,36
18032,41,5,36
18033,41,4,36
18034,41,5,36
18035,41,5,36
18036,41,6,35
18037,41,5,35
18038,41,5,36
18039,41,5,36
18040,41,4,36
18041,41,5,36
18042,41,5,36
18043,31,4,37
18044,41,5,35
18045,41,4,36
18046,41,4,35
18047,41,5,36
18048,31,4,37
18049,41,4,36
18050,41,5,36
18051,41,5,36
18052,41,5,36
18053,41,5,37
18054,41,4,35
18055,41,4,35
18056,41,4,36
18057,41,5,36
18058,41,5,36
18059,31,4,37
18060,41,4,36
18061,41,4,36
18062,41,5,37
18063,41,5,37
18064,41,5,37
18065,41,5,37
18066,41,4,36
18067,41,5,37
18068,41,5,37
18069,41,5,37
18070,41,5,35
18071,41,5,37
18072,41,4,36
18073,41,6,36
18074,41,6,37
18075,41,6,37
18076,41,6,36
18077,41,5,36
18078,41,6,37
18079,41,6,37
18080,41,6,37
18081,41,5,36
18082,41,5,36
18083,41,4,36
18084,41,5,37
18085,41,5,37
18086,41,4,36
18087,41,4,36
18088,41,4,36
18089,41,5,37
18090,41,5,36
18091,41,5,36
18092,41,5,35
18093,31,4,37
18094,41,5,37
18095,41,5,37
18096,41,6,36
18097,41,6,36
18098,41,5,37
18099,41,5,35
18100,41,5,36
18101,41,4,36
18102,41,4,36
18103,41,4,35
18104,41,4,35
18105,41,5,36
18106,41,5,37
18107,41,5,35
18108,41,4,35
18109,31,4,37
18110,41,4,37
18111,41,5,37
18112,41,5,36
18113,41,5,37
18114,31,4,37
18115,31,4,37
18116,41,5,37
18117,41,5,36
18118,41,5,37
18119,41,4,37
18120,31,3,37
18121,31,4,37
18122,31,4,37
18123,31,4,37
18124,31,4,37
18125,31,4,37
18126,41,5,36
18127,41,5,36
18128,41,4,37
18129,31,4,37
18130,31,4,37
18131,31,3,36
18132,41,5,37
18133,41,5,36
18134,41,4,36
18135,31,4,37
18136,31,3,36
18137,31,3,36
18138,41,4,36
18139,41,4,37
18140,41,5,36
18141,41,5,36
18142,31,3,35
18143,31,4,37
18144,31,3,35
18145,31,3,35
18146,41,4,37
18147,41,5,38
18148,41,5,35
18149,41,5,36
18150,41,5,37
18151,41,5,37
18152,41,5,37
18153,41,5,37
18154,41,5,37
18155,41,5,36
18156,41,4,36
18157,41,4,36
18158,41,4,36
18159,31,4,37
18160,31,3,37
18161,41,4,36
18162,41,4,35
18163,41,4,36
18164,41,5,36
18165,41,4,36
18166,41,5,36
18167,41,5,36
18168,41,4,37
18169,41,5,37
18170,41,4,37
18171,41,4,37
18172,41,5,36
18173,41,4,37
18174,41,4,36
18175,41,5,37
18176,41,4,37
18177,41,5,36
18178,41,4,37
18179,41,5,37
18180,41,5,37
18181,41,4,36
18182,41,5,36
18183,41,5,36
18184,41,4,36
18185,41,4,36
18186,41,4,37
18187,41,4,36
18188,41,4,37
18189,41,4,36
18190,41,4,35
18191,41,4,37
18192,41,4,36
18193,41,4,36
18194,41,5,37
18195,41,4,37
18196,31,3,38
18197,41,4,37
18198,31,4,37
18199,41,4,36
18200,31,3,34
18201,41,5,37
18202,41,5,36
18203,41,4,37
18204,41,6,36
18205,41,5,36
18206,41,4,36
18207,41,4,36
18208,41,4,37
18209,41,5,37
18210,41,4,36
18211,41,5,36
18212,41,4,35
18213,31,3,35
18214,31,3,35
18215,41,4,37
18216,41,4,36
18217,41,4,37
18218,41,4,36
18219,41,4,36
18220,41,4,35
18221,41,4,36
18222,41,4,37
18223,41,4,36
18224,41,4,37
18225,31,3,37
18226,31,4,37
18227,31,4,37
18228,31,3,35
18229,31,4,37
18230,41,4,38
18231,41,4,36
18232,41,3,36
18233,41,3,37
18234,41,3,36
18235,41,3,37
18236,31,3,37
18237,41,4,37
18238,41,4,37
18239,41,4,37
18240,41,5,37
18241,41,5,36
18242,31,3,35
18243,31,3,34
18244,41,5,37
18245,41,5,35
18246,41,4,35
18247,41,4,36
18248,41,5,36
18249,41,4,37
18250,41,4,36
18251,41,4,36
18252,31,3,37
18253,31,4,37
18254,41,3,37
18255,31,4,37
18256,41,3,36
18257,41,4,37
18258,41,3,37
18259,41,4,37
18260,41,3,36
18261,31,4,37
18262,41,4,37
18263,41,4,37
18264,41,4,37
18265,41,4,36
18266,41,4,37
18267,41,4,37
18268,41,4,37
18269,41,5,36
18270,41,5,36
18271,41,5,37
18272,41,4,36
18273,41,4,36
18274,41,4,37
18275,31,4,38
18276,41,4,37
18277,31,4,37
18278,31,4,37
18279,31,4,38
18280,31,4,37
18281,31,4,37
18282,31,6,37
18283,31,5,37
18284,31,5,37
18285,31,4,37
18286,31,4,37
18287,31,5,38
18288,31,4,37
18289,31,5,38
18290,31,5,37
18291,31,4,37
18292,31,5,37
18293,31,5,36
18294,31,5,36
18295,31,5,37
18296,31,4,34
18297,31,5,37
18298,31,5,37
18299,31,4,37
18300,31,4,38
18301,31,3,38
18302,31,3,37
18303,31,4,38
18304,31,3,37
18305,31,4,38
18306,31,4,38
18307,31,4,37
18308,31,3,36
18309,31,4,37
18310,31,4,38
18311,41,3,37
18312,31,4,37
18313,31,4,37
18314,31,4,37
18315,31,5,37
18316,31,5,37
18317,31,4,36
18318,31,5,36
18319,31,5,37
18320,31,5,37
18321,31,5,37
18322,31,5,36
18323,31,5,36
18324,31,6,37
18325,31,6,36
18326,31,5,36
18327,31,3,36
18328,31,4,37
18329,31,4,37
18330,31,3,36
18331,31,3,36
18332,31,4,37
18333,31,4,37
18334,31,3,36
18335,31,3,37
18336,31,4,37
18337,31,4,37
18338,31,3,38
18339,31,3,37
18340,31,4,37
18341,31,3,37
18342,41,4,38
18343,31,4,37
18344,31,4,38
18345,41,5,37
18346,41,4,37
18347,41,4,36
18348,41,4,37
18349,31,4,37
18350,31,4,37
18351,31,3,36
18352,31,3,37
18353,31,3,37
18354,31,4,37
18355,31,3,38
18356,31,5,36
18357,41,4,36
18358,31,4,37
18359,41,3,36
18360,41,4,37
18361,41,4,37
18362,41,4,34
18363,31,4,37
18364,31,3,36
18365,31,3,36
18366,31,4,37
18367,31,4,37
18368,31,3,36
18369,31,4,37
18370,41,4,37
18371,31,4,37
18372,31,4,37
18373,31,4,37
18374,31,4,37
18375,41,4,37
18376,41,4,37
18377,31,3,37
18378,31,3,38
18379,31,3,37
18380,31,3,37
18381,31,3,37
18382,31,2,37
18383,31,3,37
18384,31,4,37
18385,31,4,37
18386,31,4,37
18387,31,4,37
18388,41,4,37
18389,31,3,36
18390,31,4,37
18391,31,4,37
18392,31,4,37
18393,41,4,36
18394,31,5,35
18395,41,5,37
18396,31,3,36
18397,31,3,37
18398,31,3,36
18399,31,3,37
18400,31,3,37
18401,31,3,38
18402,31,3,36
18403,31,3,37
18404,31,3,37
18405,31,3,37
18406,31,4,37
18407,31,3,37
18408,31,3,38
18409,31,4,38
18410,41,4,37
18411,31,4,38
18412,31,3,37
18413,31,3,37
18414,31,3,38
18415,31,4,37
18416,41,4,38
18417,31,3,37
18418,41,3,38
18419,31,4,37
18420,41,5,37
18421,41,3,37
18422,31,3,37
18423,41,4,38
18424,41,4,38
18425,31,4,37
18426,31,4,37
18427,31,3,37
18428,31,4,37
18429,31,3,37
18430,31,3,37
18431,31,3,39
18432,31,3,38
18433,31,3,37
18434,31,3,39
18435,31,3,37
18436,31,3,38
18437,31,3,37
18438,31,3,39
18439,31,4,37
18440,31,3,37
18441,31,3,37
18442,31,4,37
18443,41,4,38
18444,31,3,38
18445,31,3,37
18446,31,3,37
18447,41,4,38
18448,41,4,37
18449,31,3,36
18450,31,3,37
18451,31,3,37
18452,31,4,37
18453,31,3,37
18454,31,3,37
18455,31,3,37
18456,31,4,37
18457,31,3,36
18458,31,3,36
18459,31,3,37
18460,41,4,37
18461,31,3,37
18462,31,3,36
18463,31,3,37
18464,31,3,36
18465,31,3,37
18466,31,4,37
18467,31,4,37
18468,31,3,36
18469,31,3,36
18470,31,3,36
18471,31,3,36
18472,31,3,37
18473,31,3,37
18474,31,3,37
18475,31,3,37
18476,31,3,37
18477,31,3,38
18478,31,2,37
18479,31,3,37
18480,31,3,37
18481,31,3,35
18482,31,3,35
18483,31,5,36
18484,31,3,34
18485,31,3,37
18486,31,3,37
18487,31,3,37
18488,31,3,38
18489,31,3,38
18490,31,3,37
18491,31,3,38
18492,31,3,38
18493,31,3,37
18494,31,3,37
18495,31,3,38
18496,31,3,38
18497,31,3,37
18498,31,3,37
18499,31,3,38
18500,31,3,37
18501,31,2,36
18502,31,3,38
18503,31,3,37
18504,31,3,37
18505,31,3,36
18506,31,3,37
18507,31,3,37
18508,31,3,37
18509,31,3,36
18510,31,3,37
18511,31,3,36
18512,31,3,37
18513,31,3,36
18514,31,3,36
18515,31,3,37
18516,31,4,37
18517,31,3,37
18518,31,3,37
18519,31,3,37
18520,31,3,36
18521,31,3,37
18522,31,3,37
18523,31,3,37
18524,31,4,37
18525,31,3,37
18526,31,3,36
18527,31,3,35
18528,31,4,37
18529,31,4,37
18530,31,4,37
18531,31,5,36
18532,31,4,36
18533,31,5,37
18534,41,5,36
18535,31,4,36
18536,31,4,37
18537,31,4,37
18538,31,3,36
18539,31,3,36
18540,31,3,36
18541,31,3,36
18542,31,3,36
18543,31,3,35
18544,31,3,36
18545,31,3,36
18546,31,3,37
18547,31,3,36
18548,31,3,35
18549,31,3,36
18550,41,4,36
18551,31,3,36
18552,31,3,36
18553,31,3,35
18554,31,5,36
18555,31,3,36
18556,31,3,37
18557,41,4,36
18558,41,4,36
18559,31,4,37
18560,41,4,36
18561,31,5,36
18562,31,4,37
18563,31,4,38
18564,31,4,37
18565,31,4,38
18566,31,4,37
18567,41,4,36
18568,41,5,36
18569,41,5,36
18570,41,5,36
18571,41,4,36
18572,41,5,36
18573,41,5,36
18574,31,5,36
18575,41,4,36
18576,41,4,35
18577,41,5,36
18578,41,5,36
18579,31,4,37
18580,31,4,37
18581,41,4,36
18582,41,5,36
18583,31,4,37
18584,41,4,36
18585,31,5,37
18586,31,4,37
18587,31,5,37
18588,41,4,36
18589,31,3,35
18590,31,4,37
18591,31,4,37
18592,31,4,38
18593,31,5,36
18594,31,4,37
18595,31,5,37
18596,31,4,37
18597,31,4,37
18598,31,5,36
18599,31,3,36
18600,31,4,37
18601,41,4,36
18602,41,4,36
18603,31,4,37
18604,31,4,35
18605,31,4,37
18606,31,3,36
18607,31,4,35
18608,41,4,35
18609,31,4,36
18610,41,4,36
18611,31,4,36
18612,41,5,36
18613,31,4,36
18614,31,4,36
18615,31,4,35
18616,41,5,36
18617,31,4,35
18618,31,4,36
18619,41,4,36
18620,31,4,36
18621,31,4,36
18622,41,6,37
18623,31,4,36
18624,31,4,37
18625,31,5,36
18626,31,4,35
18627,31,4,37
18628,31,3,36
18629,31,4,36
18630,31,4,36
18631,31,4,37
18632,31,4,37
18633,31,4,36
18634,31,4,36
18635,31,4,37
18636,31,4,37
18637,31,4,36
18638,31,4,36
18639,31,4,36
18640,41,4,37
18641,31,5,36
18642,41,4,36
18643,41,4,36
18644,31,4,35
18645,31,4,35
18646,41,5,36
18647,41,4,36
18648,41,4,36
18649,31,4,35
18650,31,4,35
18651,31,4,35
18652,31,4,35
18653,31,4,35
18654,31,5,35
18655,31,5,35
18656,31,5,35
18657,31,5,34
18658,41,4,35
18659,41,4,35
18660,41,5,35
18661,41,5,35
18662,41,4,35
18663,41,5,35
18664,31,4,36
18665,41,5,35
18666,31,5,35
18667,31,4,35
18668,41,4,37
18669,41,5,35
18670,31,4,36
18671,41,4,36
18672,31,4,36
18673,41,5,36
18674,41,4,36
18675,41,4,36
18676,41,5,36
18677,41,5,35
18678,31,4,36
18679,41,4,35
18680,31,4,34
18681,41,4,36
18682,31,4,36
18683,31,4,36
18684,31,4,36
18685,31,4,36
18686,31,4,36
18687,31,4,36
18688,41,4,36
18689,31,4,35
18690,41,4,37
18691,31,4,36
18692,31,4,36
18693,31,4,35
18694,31,4,37
18695,31,3,37
18696,31,3,37
18697,31,3,36
18698,31,3,37
18699,41,4,37
18700,41,3,37
18701,41,4,36
18702,41,3,36
18703,41,4,37
18704,41,4,36
18705,41,4,37
18706,31,3,37
18707,31,3,37
18708,41,4,37
18709,41,4,37
18710,41,3,38
18711,41,3,37
18712,41,4,37
18713,41,4,37
18714,41,4,37
18715,41,3,38
18716,41,4,37
18717,41,3,38
18718,31,3,37
18719,31,3,38
18720,41,3,37
18721,41,4,35
18722,41,3,37
18723,41,3,37
18724,41,3,37
18725,41,3,36
18726,41,3,37
18727,31,3,37
18728,41,3,37
18729,31,3,36
18730,31,2,37
18731,41,3,37
18732,41,3,37
18733,41,3,36
18734,41,3,37
18735,41,3,37
18736,41,4,36
18737,31,4,35
18738,41,4,36
18739,31,4,36
18740,41,3,36
18741,31,3,36
18742,41,3,37
18743,31,3,37
18744,31,3,36
18745,31,3,37
18746,31,3,37
18747,41,3,37
18748,31,3,36
18749,41,3,37
18750,31,3,37
18751,31,3,35
18752,31,3,35
18753,41,3,38
18754,31,4,37
18755,31,3,36
18756,41,3,37
18757,31,3,34
18758,21,3,34
18759,21,3,34
18760,31,3,33
18761,31,3,34
18762,31,3,34
18763,31,3,34
18764,21,3,34
18765,21,3,33
18766,21,3,33
18767,31,3,34
18768,21,3,35
18769,21,2,35
18770,31,3,35
18771,21,3,35
18772,21,3,35
18773,21,3,36
18774,21,3,36
18775,21,4,36
18776,21,3,37
18777,21,3,35
18778,31,3,36
18779,21,3,36
18780,31,4,37
18781,31,3,36
18782,21,3,34
18783,21,3,35
18784,31,3,35
18785,21,3,35
18786,31,3,35
18787,31,3,36
18788,31,3,36
18789,31,4,35
18790,31,3,37
18791,31,3,36
18792,21,3,36
18793,31,3,37
18794,21,3,36
18795,31,4,36
18796,31,4,37
18797,31,4,37
18798,31,3,37
18799,21,3,35
18800,21,2,34
18801,31,2,34
18802,21,2,34
18803,31,3,34
18804,21,2,33
18805,31,2,34
18806,21,2,34
18807,21,3,33
18808,21,3,34
18809,31,3,34
18810,21,3,35
18811,21,3,34
18812,21,2,35
18813,31,3,34
18814,21,2,33
18815,21,3,35
18816,21,2,35
18817,31,3,33
18818,21,3,34
18819,31,3,34
18820,21,3,35
18821,21,2,35
18822,21,2,34
18823,31,2,33
18824,21,2,35
18825,21,2,34
18826,21,3,35
18827,21,2,35
18828,31,3,35
18829,31,3,33
18830,21,3,35
18831,21,3,34
18832,21,3,35
18833,31,3,34
18834,31,3,35
18835,21,3,34
18836,31,3,35
18837,21,3,35
18838,31,3,34
18839,21,3,35
18840,21,2,35
18841,31,3,34
18842,21,3,35
18843,21,3,36
18844,21,3,35
18845,21,3,34
18846,21,3,36
18847,21,3,36
18848,21,3,35
18849,21,3,35
18850,21,3,36
18851,21,3,35
18852,31,3,35
18853,21,3,35
18854,21,3,34
18855,21,2,35
18856,21,3,34
18857,21,3,35
18858,21,3,34
18859,21,3,35
18860,21,3,35
18861,21,3,35
18862,21,3,35
18863,21,3,34
18864,21,3,35
18865,41,5,37
18866,41,4,38
18867,31,3,33
18868,31,3,34
18869,31,3,34
18870,21,3,34
18871,21,3,34
18872,31,3,35
18873,31,3,34
18874,21,3,37
18875,31,3,33
18876,31,3,34
18877,31,3,34
18878,31,3,35
18879,31,3,35
18880,31,3,34
18881,41,4,35
18882,41,4,34
18883,31,3,36
18884,41,4,37
18885,41,5,36
18886,41,5,37
18887,41,5,38
18888,41,5,37
18889,41,4,37
18890,41,4,37
18891,41,5,37
18892,41,5,37
18893,41,5,36
18894,41,4,36
18895,31,3,37
18896,31,4,37
18897,31,4,37
18898,41,4,37
18899,41,4,37
18900,41,4,37
18901,31,4,37
18902,31,4,38
18903,31,4,37
18904,31,4,37
18905,31,4,37
18906,31,3,37
18907,41,4,36
18908,41,5,37
18909,41,4,37
18910,41,5,37
18911,51,5,38
18912,41,5,38
18913,41,5,36
18914,41,4,38
18915,41,5,37
18916,41,4,38
18917,31,4,37
18918,31,3,38
18919,31,3,38
18920,31,4,38
18921,41,4,37
18922,41,4,37
18923,31,4,39
18924,31,4,37
18925,31,4,37
18926,31,4,37
18927,31,4,37
18928,31,4,37
18929,31,3,37
18930,31,3,37
18931,31,4,38
18932,31,4,38
18933,31,4,38
18934,31,3,37
18935,31,3,37
18936,31,3,37
18937,31,3,37
18938,31,3,37
18939,31,3,37
18940,31,3,37
18941,31,3,36
18942,31,3,37
18943,31,3,37
18944,31,3,36
18945,31,3,36
18946,31,3,37
18947,31,3,37
18948,31,3,37
18949,31,3,37
18950,31,3,37
18951,31,3,37
18952,31,4,37
18953,31,3,37
18954,31,3,38
18955,31,4,34
18956,31,4,35
18957,31,3,36
18958,31,3,37
18959,31,3,38
18960,31,4,38
18961,31,3,38
18962,31,3,36
18963,41,3,37
18964,31,3,36
18965,31,4,38
18966,31,3,37
18967,31,3,36
18968,31,3,38
18969,31,3,38
18970,31,3,37
18971,41,4,37
18972,41,4,37
18973,41,4,37
18974,41,4,37
18975,41,5,38
18976,41,4,37
18977,41,4,38
18978,41,5,37
18979,41,5,37
18980,41,5,38
18981,41,5,38
18982,41,4,36
18983,31,3,37
18984,41,4,38
18985,41,4,37
18986,41,4,38
18987,41,5,38
18988,41,4,37
18989,41,4,37
18990,41,4,37
18991,41,4,37
18992,41,4,37
18993,41,4,37
18994,41,4,37
18995,41,4,37
18996,41,4,37
18997,41,4,37
18998,41,5,37
18999,41,5,37
19000,41,5,38
19001,41,5,37
19002,41,4,37
19003,41,5,38
19004,41,5,37
19005,41,5,37
19006,41,4,37
19007,41,4,37
19008,41,4,37
19009,41,4,37
19010,41,4,36
19011,41,4,37
19012,41,4,38
19013,41,4,37
19014,31,3,38
19015,31,4,37
19016,41,4,36
19017,41,3,35
19018,31,4,38
19019,31,3,37
19020,31,3,37
19021,31,3,37
19022,31,4,37
19023,41,4,37
19024,41,4,38
19025,31,3,37
19026,41,3,37
19027,41,3,37
19028,41,4,37
19029,41,4,37
19030,41,4,37
19031,41,3,38
19032,31,4,37
19033,41,3,37
19034,41,4,36
19035,41,5,38
19036,41,4,36
19037,41,3,37
19038,41,4,37
19039,41,4,37
19040,41,4,37
19041,41,4,37
19042,41,3,37
19043,41,3,37
19044,41,4,38
19045,41,3,37
19046,31,3,37
19047,31,3,37
19048,31,3,37
19049,31,3,37
19050,31,3,38
19051,31,3,37
19052,31,3,38
19053,31,3,37
19054,31,4,38
19055,31,4,36
19056,31,3,37
19057,31,3,38
19058,41,4,37
19059,51,4,37
19060,51,4,37
19061,41,4,37
19062,41,4,37
19063,41,4,37
19064,41,4,36
19065,41,4,38
19066,41,4,37
19067,41,3,37
19068,31,3,38
19069,31,3,37
19070,31,3,37
19071,31,3,36
19072,31,4,37
19073,31,4,37
19074,41,3,38
19075,31,3,38
19076,31,4,37
19077,41,3,37
19078,31,4,37
19079,31,3,37
19080,41,4,38
19081,31,3,37
19082,31,4,37
19083,31,3,37
19084,31,3,37
19085,31,3,37
19086,31,4,38
19087,31,3,37
19088,31,3,38
19089,31,3,37
19090,31,4,38
19091,41,3,38
19092,41,4,37
19093,41,3,37
19094,41,3,36
19095,41,3,37
19096,41,4,37
19097,41,4,37
19098,41,4,37
19099,41,4,37
19100,41,4,38
19101,41,4,37
19102,41,4,37
19103,41,3,37
19104,41,3,37
19105,41,4,37
19106,41,4,37
19107,41,4,38
19108,41,3,37
19109,31,3,37
19110,31,3,37
19111,31,3,37
19112,31,3,37
19113,31,3,37
19114,31,3,36
19115,31,4,35
19116,31,3,37
19117,31,3,37
19118,31,3,36
19119,31,3,36
19120,41,5,36
19121,41,4,35
19122,41,4,35
19123,41,4,36
19124,41,4,37
19125,41,5,37
19126,41,4,37
19127,41,5,37
19128,41,5,37
19129,41,4,37
19130,41,4,37
19131,41,4,36
19132,41,5,38
19133,41,4,37
19134,41,4,37
19135,41,4,37
19136,41,4,39
19137,41,4,37
19138,41,4,37
19139,41,4,38
19140,41,4,37
19141,41,4,38
19142,41,5,38
19143,41,4,38
19144,41,5,37
19145,41,4,37
19146,41,4,38
19147,41,4,37
19148,41,5,38
19149,41,5,39
19150,41,5,38
19151,41,4,36
19152,41,4,37
19153,41,4,36
19154,41,4,37
19155,41,4,37
19156,41,4,36
19157,41,4,36
19158,41,4,37
19159,41,4,37
19160,41,4,36
19161,41,5,37
19162,41,4,37
19163,41,4,36
19164,41,4,36
19165,41,4,36
19166,41,4,36
19167,41,5,37
19168,41,4,37
19169,41,4,36
19170,41,4,36
19171,41,4,36
19172,41,4,35
19173,41,4,36
19174,41,4,36
19175,41,4,36
19176,41,4,36
19177,41,4,36
19178,41,4,35
19179,41,4,36
19180,41,4,36
19181,41,4,36
19182,41,4,36
19183,41,4,36
19184,41,4,36
19185,41,4,36
19186,41,4,36
19187,41,4,36
19188,41,4,36
19189,41,4,36
19190,41,4,36
19191,41,4,37
19192,41,4,36
19193,41,4,36
19194,41,4,36
19195,41,4,34
19196,41,4,34
19197,41,4,37
19198,41,4,36
19199,41,4,36
19200,41,5,35
19201,41,5,37
19202,41,4,36
19203,41,4,35
19204,41,4,35
19205,41,4,36
19206,41,4,35
19207,41,4,36
19208,41,4,35
19209,41,3,36
19210,41,4,36
19211,41,4,35
19212,41,5,35
19213,41,4,35
19214,41,4,35
19215,41,5,36
19216,41,4,35
19217,41,5,36
19218,51,5,37
19219,41,4,36
19220,41,4,36
19221,41,4,35
19222,51,4,36
19223,41,4,35
19224,41,4,35
19225,41,4,36
19226,41,4,36
19227,41,4,36
19228,41,4,35
19229,41,4,36
19230,41,5,35
19231,51,5,35
19232,41,4,36
19233,51,5,37
19234,51,4,36
19235,51,4,36
19236,51,4,35
19237,51,4,36
19238,51,4,37
19239,41,6,36
19240,41,5,35
19241,41,3,34
19242,41,4,35
19243,41,4,35
19244,41,4,36
19245,41,4,34
19246,41,4,34
19247,51,4,35
19248,41,5,36
19249,41,5,35
19250,41,5,37
19251,41,5,36
19252,41,4,36
19253,41,5,35
19254,41,5,35
19255,41,5,36
19256,41,5,36
19257,41,5,34
19258,41,5,36
19259,41,5,35
19260,41,6,35
19261,41,5,34
19262,41,6,36
19263,41,5,35
19264,41,5,36
19265,41,5,36
19266,41,5,35
19267,41,5,35
19268,41,6,36
19269,41,6,36
19270,41,5,35
19271,41,5,35
19272,41,5,35
19273,41,6,35
19274,41,5,36
19275,41,4,34
19276,41,4,35
19277,41,4,34
19278,41,4,35
19279,41,4,34
19280,41,4,34
19281,41,4,35
19282,41,4,35
19283,41,3,35
19284,41,4,35
19285,41,4,35
19286,41,4,34
19287,41,4,35
19288,41,4,34
19289,41,3,35
19290,41,4,35
19291,41,4,35
19292,41,4,34
19293,41,5,35
19294,41,5,36
19295,41,6,36
19296,41,6,36
19297,41,5,34
19298,41,5,36
19299,41,6,35
19300,41,5,35
19301,41,5,36
19302,41,5,35
19303,41,5,35
19304,41,5,35
19305,41,6,36
19306,41,5,36
19307,41,5,36
19308,41,5,35
19309,41,6,35
19310,41,6,36
19311,41,5,37
19312,41,5,34
19313,41,5,36
19314,41,5,36
19315,41,6,34
19316,51,4,35
19317,41,4,34
19318,41,4,35
19319,41,4,35
19320,41,3,35
19321,41,4,35
19322,51,3,35
19323,51,3,35
19324,41,4,34
19325,41,3,34
19326,41,3,35
19327,41,4,35
19328,51,4,34
19329,41,4,34
19330,41,4,34
19331,41,4,35
19332,41,5,36
19333,41,5,36
19334,41,6,35
19335,51,4,34
19336,41,4,34
19337,41,4,34
19338,41,4,34
19339,41,3,34
19340,41,4,34
19341,41,4,33
19342,41,3,35
19343,41,4,34
19344,41,4,34
19345,41,3,34
19346,41,4,34
19347,41,4,34
19348,41,4,34
19349,41,3,34
19350,41,4,35
19351,41,4,35
19352,41,4,35
19353,41,4,34
19354,41,4,34
19355,41,3,35
19356,41,4,35
19357,41,4,35
19358,41,4,35
19359,51,4,36
19360,51,4,35
19361,51,4,34
19362,41,4,33
19363,41,4,34
19364,51,4,34
19365,51,3,35
19366,41,4,35
19367,41,4,35
19368,41,4,35
19369,41,4,35
19370,41,4,35
19371,41,4,34
19372,41,4,35
19373,41,4,34
19374,41,4,37
19375,41,3,34
19376,41,4,34
19377,41,4,35
19378,41,3,34
19379,41,4,35
19380,51,4,35
19381,41,3,34
19382,41,4,35
19383,41,3,34
19384,41,4,34
19385,51,4,35
19386,51,4,34
19387,41,3,34
19388,41,4,34
19389,51,4,35
19390,41,3,34
19391,41,4,34
19392,41,4,35
19393,41,4,35
19394,41,3,35
19395,41,3,34
19396,41,3,34
19397,41,3,35
19398,41,3,36
19399,41,3,36
19400,41,3,36
19401,41,3,36
19402,41,3,37
19403,41,3,36
19404,41,3,37
19405,41,3,36
19406,41,3,37
19407,41,3,36
19408,41,3,36
19409,41,3,36
19410,41,3,36
19411,41,3,35
19412,41,3,36
19413,41,2,36
19414,41,3,35
19415,41,2,36
19416,41,3,35
19417,41,3,35
19418,41,2,36
19419,41,3,34
19420,41,4,35
19421,41,4,34
19422,41,4,35
19423,51,4,37
19424,41,4,35
19425,41,3,36
19426,41,4,35
19427,41,3,36
19428,41,3,36
19429,41,3,36
19430,41,3,35
19431,41,3,36
19432,41,3,35
19433,41,3,35
19434,41,3,36
19435,41,3,36
19436,41,3,36
19437,41,3,35
19438,41,3,35
19439,41,4,35
19440,41,3,35
19441,41,3,35
19442,41,4,35
19443,41,3,34
19444,41,3,35
19445,41,3,34
19446,41,4,35
19447,41,3,35
19448,41,4,35
19449,41,3,35
19450,41,3,35
19451,41,4,35
19452,41,4,35
19453,41,2,36
19454,41,3,35
19455,41,3,35
19456,41,4,36
19457,51,4,35
19458,41,3,35
19459,41,3,36
19460,41,3,36
19461,41,3,36
19462,41,3,36
19463,51,3,36
19464,51,4,36
19465,51,4,36
19466,51,4,37
19467,41,4,36
19468,41,4,36
19469,41,5,36
19470,51,4,36
19471,41,4,35
19472,41,4,35
19473,41,4,36
19474,51,4,36
19475,41,4,36
19476,41,4,36
19477,41,4,36
19478,41,4,36
19479,41,4,36
19480,41,4,36
19481,41,4,37
19482,41,4,36
19483,51,3,37
19484,51,4,35
19485,51,4,36
19486,51,4,37
19487,41,4,36
19488,41,4,35
19489,41,3,35
19490,41,4,36
19491,41,5,36
19492,41,4,36
19493,41,4,36
19494,41,4,36
19495,41,4,35
19496,41,3,36
19497,41,3,37
19498,41,4,37
19499,41,3,36
19500,41,4,36
19501,41,4,35
19502,41,4,36
19503,41,4,36
19504,41,4,36
19505,41,3,35
19506,41,4,35
19507,41,4,36
19508,41,4,36
19509,41,4,35
19510,41,3,37
19511,41,4,35
19512,41,3,36
19513,51,4,37
19514,41,4,36
19515,41,4,35
19516,41,3,36
19517,41,3,37
19518,41,4,36
19519,41,3,36
19520,41,4,36
19521,41,3,35
19522,41,4,35
19523,41,3,35
19524,41,4,36
19525,41,4,36
19526,41,3,37
19527,41,4,36
19528,41,4,36
19529,41,4,35
19530,41,4,36
19531,41,3,35
19532,51,5,36
19533,51,5,36
19534,51,4,36
19535,51,5,35
19536,51,5,36
19537,41,5,36
19538,51,5,35
19539,51,5,36
19540,51,5,35
19541,41,4,36
19542,51,5,36
19543,51,5,36
19544,51,5,36
19545,51,5,37
19546,51,5,36
19547,41,4,35
19548,41,4,37
19549,51,4,35
19550,51,5,34
19551,51,4,36
19552,51,4,37
19553,41,4,35
19554,51,5,35
19555,51,5,36
19556,51,4,35
19557,51,5,35
19558,51,4,36
19559,51,5,35
19560,41,5,35
19561,51,5,36
19562,51,4,35
19563,41,5,35
19564,51,5,35
19565,41,5,34
19566,41,5,36
19567,41,5,36
19568,41,5,36
19569,51,5,36
19570,41,4,35
19571,41,5,35
19572,41,4,36
19573,41,5,36
19574,41,5,35
19575,41,5,36
19576,51,5,36
19577,51,5,37
19578,51,5,35
19579,51,5,35
19580,51,5,35
19581,51,5,34
19582,51,5,35
19583,51,4,34
19584,51,5,34
19585,51,5,34
19586,51,5,35
19587,51,5,34
19588,51,5,35
19589,51,5,35
19590,51,5,35
19591,51,5,35
19592,51,5,35
19593,51,5,36
19594,51,4,35
19595,51,4,35
19596,51,5,34
19597,51,4,35
19598,51,5,34
19599,51,5,35
19600,51,5,33
19601,51,5,35
19602,51,4,36
19603,41,4,37
19604,41,4,36
19605,41,5,36
19606,41,4,37
19607,41,4,36
19608,41,4,36
19609,41,4,36
19610,51,4,37
19611,51,5,34
19612,51,5,34
19613,41,3,37
19614,41,4,37
19615,51,4,37
19616,41,5,36
19617,41,4,36
19618,41,4,37
19619,41,4,37
19620,41,4,37
19621,41,4,37
19622,41,5,37
19623,41,5,37
19624,51,5,37
19625,41,5,37
19626,51,5,37
19627,51,5,37
19628,51,5,36
19629,51,5,37
19630,41,5,37
19631,51,5,36
19632,41,5,37
19633,51,5,37
19634,41,5,35
19635,41,4,37
19636,41,4,37
19637,41,5,37
19638,41,4,37
19639,41,4,37
19640,41,4,37
19641,41,4,37
19642,51,5,38
19643,41,5,37
19644,41,4,36
19645,41,4,35
19646,41,4,34
19647,41,4,35
19648,41,3,35
19649,41,4,34
19650,41,3,35
19651,41,4,35
19652,41,4,35
19653,41,3,34
19654,41,3,33
19655,41,4,37
19656,51,6,37
19657,41,5,36
19658,41,4,37
19659,41,4,38
19660,41,4,38
19661,41,4,38
19662,41,5,37
19663,41,4,38
19664,41,4,38
19665,41,5,37
19666,41,4,35
19667,51,5,36
19668,41,4,34
19669,51,5,32
19670,41,4,34
19671,41,5,35
19672,41,4,34
19673,41,4,33
19674,51,4,33
19675,41,4,35
19676,51,4,35
19677,51,4,34
19678,51,4,35
19679,51,4,34
19680,41,4,35
19681,51,4,35
19682,51,4,35
19683,51,4,34
19684,41,3,34
19685,41,3,34
19686,41,3,35
19687,41,3,35
19688,41,4,34
19689,41,4,35
19690,41,4,34
19691,41,4,35
19692,41,4,34
19693,41,5,37
19694,51,4,34
19695,51,4,35
19696,41,6,35
19697,51,4,35
19698,51,3,33
19699,51,5,34
19700,51,4,34
19701,51,4,36
19702,51,4,35
19703,51,4,34
19704,51,4,35
19705,51,5,35
19706,51,4,34
19707,51,4,35
19708,41,4,34
19709,41,4,34
19710,51,4,34
19711,51,3,34
19712,51,3,34
19713,51,4,35
19714,51,4,34
19715,51,4,34
19716,51,4,34
19717,51,4,34
19718,51,4,34
19719,51,4,34
19720,51,4,35
19721,51,4,34
19722,41,3,34
19723,41,4,34
19724,51,3,34
19725,51,3,34
19726,51,3,34
19727,51,4,34
19728,51,3,34
19729,41,3,34
19730,41,3,33
19731,51,3,34
19732,51,4,33
19733,41,4,32
19734,41,3,34
19735,41,3,33
19736,51,3,34
19737,31,3,36
19738,31,3,36
19739,41,4,34
19740,41,5,34
19741,41,5,35
19742,41,5,35
19743,41,4,35
19744,41,5,34
19745,41,5,34
19746,41,5,35
19747,41,6,35
19748,41,5,34
19749,41,6,34
19750,41,5,35
19751,41,5,35
19752,41,6,35
19753,31,3,36
19754,41,5,35
19755,41,6,34
19756,41,5,34
19757,41,6,35
19758,41,5,34
19759,41,5,34
19760,41,5,34
19761,41,6,35
19762,41,6,35
19763,41,5,35
19764,41,5,35
19765,41,6,34
19766,41,6,35
19767,31,3,37
19768,41,6,35
19769,41,6,35
19770,41,6,35
19771,41,6,35
19772,41,6,35
19773,41,5,35
19774,41,5,35
19775,41,6,34
19776,41,5,35
19777,41,6,36
19778,41,6,35
19779,41,4,37
19780,31,3,36
19781,41,5,34
19782,41,4,33
19783,41,4,33
19784,41,3,34
19785,51,4,33
19786,51,3,34
19787,41,4,34
19788,41,3,33
19789,41,6,36
19790,41,6,36
19791,31,3,37
19792,31,3,36
19793,31,3,37
19794,31,3,36
19795,31,3,36
19796,41,4,34
19797,41,5,34
19798,41,6,34
19799,41,6,35
19800,41,6,34
19801,41,6,33
19802,41,6,34
19803,41,6,34
19804,41,6,35
19805,41,5,34
19806,41,6,34
19807,41,6,34
19808,41,6,34
19809,41,6,36
19810,31,3,37
19811,31,3,36
19812,31,3,37
19813,31,2,37
19814,31,3,37
19815,31,3,36
19816,41,6,34
19817,41,5,35
19818,41,5,35
19819,41,5,35
19820,41,6,35
19821,41,6,33
19822,41,5,34
19823,41,6,35
19824,41,6,34
19825,41,6,34
19826,41,6,34
19827,41,7,34
19828,41,6,34
19829,31,3,37
19830,41,6,34
19831,41,5,34
19832,41,6,35
19833,41,6,35
19834,41,6,34
19835,41,6,35
19836,41,5,34
19837,41,5,35
19838,41,6,35
19839,41,5,34
19840,41,6,35
19841,41,5,35
19842,41,6,35
19843,41,4,36
19844,41,6,36
19845,31,6,35
19846,31,5,35
19847,41,5,36
19848,41,5,36
19849,31,5,35
19850,41,6,36
19851,41,5,35
19852,41,6,34
19853,31,6,36
19854,41,5,36
19855,31,5,37
19856,41,6,35
19857,31,6,36
19858,41,4,38
19859,41,6,35
19860,41,4,35
19861,31,4,34
19862,41,4,34
19863,31,4,34
19864,31,4,34
19865,31,4,35
19866,41,4,34
19867,41,4,34
19868,41,4,38
19869,41,3,37
19870,41,4,38
19871,41,5,35
19872,41,7,35
19873,41,6,35
19874,41,6,36
19875,41,6,36
19876,41,7,35
19877,41,7,36
19878,41,6,35
19879,43,6,35
19880,43,6,34
19881,41,5,35
19882,41,6,34
19883,41,5,34
19884,41,6,34
19885,31,5,35
19886,41,5,34
19887,41,5,35
19888,41,4,35
19889,41,5,35
19890,41,5,35
19891,41,4,35
19892,41,5,35
19893,41,6,35
19894,41,5,36
19895,41,6,35
19896,41,5,35
19897,41,5,36
19898,41,5,34
19899,41,5,34
19900,31,5,34
19901,31,4,34
19902,31,4,34
19903,31,4,34
19904,31,5,35
19905,31,5,34
19906,31,5,34
19907,31,5,34
19908,31,5,34
19909,31,5,34
19910,41,5,34
19911,41,4,36
19912,41,4,37
19913,41,4,37
19914,41,3,37
19915,41,4,36
19916,41,4,37
19917,41,4,36
19918,41,4,36
19919,41,4,36
19920,41,4,37
19921,41,4,37
19922,41,4,36
19923,41,4,37
19924,41,4,36
19925,41,4,37
19926,41,4,36
19927,41,4,36
19928,41,4,35
19929,41,4,37
19930,41,3,37
19931,41,3,37
19932,41,4,37
19933,41,4,37
19934,41,4,36
19935,41,4,36
19936,41,4,37
19937,41,4,37
19938,31,3,36
19939,31,3,36
19940,31,3,36
19941,31,2,36
19942,31,3,36
19943,31,3,36
19944,31,2,37
19945,31,3,35
19946,31,3,35
19947,31,3,36
19948,31,2,37
19949,31,3,36
19950,41,3,37
19951,41,4,37
19952,41,4,38
19953,41,4,37
19954,41,3,37
19955,31,3,37
19956,31,3,36
19957,31,3,37
19958,31,2,37
19959,31,3,37
19960,31,3,37
19961,31,3,37
19962,31,3,37
19963,31,3,37
19964,31,3,37
19965,31,3,37
19966,31,3,36
19967,41,3,37
19968,41,4,37
19969,41,4,36
19970,41,3,37
19971,31,2,36
19972,31,3,36
19973,31,3,37
19974,31,3,36
19975,31,3,36
19976,31,3,37
19977,31,3,36
19978,31,3,36
19979,31,3,37
19980,31,3,37
19981,31,3,36
19982,31,3,36
19983,31,3,36
19984,31,3,36
19985,31,3,36
19986,31,3,37
19987,31,3,36
19988,31,3,37
19989,31,3,37
19990,31,4,37
19991,31,3,37
19992,31,3,36
19993,31,3,36
19994,31,3,37
19995,31,3,36
19996,41,4,37
19997,41,4,36
19998,41,4,37
19999,41,3,36
20000,31,3,37
20001,31,3,36
20002,31,3,37
20003,31,4,36
20004,31,3,37
20005,31,4,36
20006,31,4,37
20007,31,3,36
20008,31,4,35
20009,31,5,35
20010,41,5,38
20011,41,5,36
20012,31,4,37
20013,31,4,36
20014,41,4,37
20015,41,5,36
20016,41,4,37
20017,31,5,37
20018,31,4,36
20019,31,4,37
20020,41,4,36
20021,31,4,36
20022,41,4,36
20023,41,4,37
20024,31,5,35
20025,31,5,36
20026,41,4,36
20027,41,4,35
20028,41,4,36
20029,41,5,36
20030,41,4,37
20031,31,4,37
20032,41,4,38
20033,31,4,36
20034,31,4,36
20035,31,5,35
20036,31,5,36
20037,31,4,37
20038,41,5,36
20039,41,5,37
20040,31,4,37
20041,41,4,36
20042,41,4,37
20043,41,4,37
20044,41,4,38
20045,41,4,38
20046,41,4,37
20047,41,4,37
20048,41,4,38
20049,41,4,37
20050,41,4,38
20051,41,4,38
20052,41,5,39
20053,41,4,37
20054,41,4,37
20055,41,4,38
20056,41,4,38
20057,41,4,38
20058,41,5,38
20059,41,5,38
20060,41,4,37
20061,41,4,38
20062,41,4,38
20063,41,4,37
20064,41,4,37
20065,41,4,38
20066,41,4,38
20067,41,4,38
20068,41,4,38
20069,41,4,38
20070,41,4,37
20071,41,4,38
20072,41,4,39
20073,41,4,38
20074,41,4,38
20075,41,4,38
20076,41,5,37
20077,41,5,37
20078,41,4,39
20079,41,4,38
20080,41,5,37
20081,41,4,38
20082,41,4,38
20083,41,5,38
20084,41,4,38
20085,41,5,37
20086,41,4,38
20087,41,4,39
20088,41,4,38
20089,41,4,37
20090,41,4,39
20091,41,4,37
20092,41,4,38
20093,41,4,38
20094,31,4,36
20095,31,4,36
20096,41,4,37
20097,41,4,38
20098,41,4,38
20099,41,3,38
20100,41,4,37
20101,41,4,38
20102,41,3,38
20103,41,3,36
20104,31,3,37
20105,41,3,37
20106,41,3,39
20107,41,3,37
20108,41,3,37
20109,41,3,37
20110,41,3,38
20111,41,3,36
20112,41,3,38
20113,41,3,38
20114,41,3,38
20115,41,3,38
20116,41,4,38
20117,41,4,38
20118,41,4,38
20119,41,3,36
20120,41,4,39
20121,41,4,38
20122,41,4,38
20123,41,4,38
20124,41,4,38
20125,41,4,37
20126,41,4,37
20127,41,4,37
20128,41,4,38
20129,41,4,37
20130,41,4,38
20131,41,3,37
20132,41,3,37
20133,41,3,38
20134,41,4,37
20135,41,3,37
20136,41,3,38
20137,41,3,38
20138,41,3,37
20139,41,3,39
20140,41,4,37
20141,41,3,37
20142,41,3,38
20143,41,4,39
20144,41,3,37
20145,41,3,37
20146,41,3,37
20147,41,4,36
20148,41,3,37
20149,41,3,37
20150,41,3,37
20151,41,3,36
20152,41,3,36
20153,41,3,36
20154,41,3,37
20155,41,4,37
20156,41,3,38
20157,41,4,38
20158,41,3,37
20159,41,4,38
20160,41,3,37
20161,41,3,36
20162,41,3,37
20163,41,3,38
20164,41,3,37
20165,41,4,37
20166,41,4,37
20167,41,3,37
20168,41,3,37
20169,41,4,38
20170,41,4,38
20171,41,4,37
20172,41,4,38
20173,41,3,37
20174,41,4,38
20175,41,4,37
20176,41,5,37
20177,41,4,37
20178,41,4,38
20179,41,4,37
20180,41,4,37
20181,41,4,38
20182,41,4,38
20183,41,4,37
20184,41,4,38
20185,41,4,37
20186,41,4,38
20187,41,4,37
20188,41,3,38
20189,41,3,37
20190,41,4,37
20191,41,4,38
20192,41,4,37
20193,41,4,37
20194,41,4,37
20195,41,3,37
20196,41,4,37
20197,41,4,37
20198,41,4,37
20199,41,4,38
20200,41,4,38
20201,41,4,37
20202,41,3,37
20203,31,3,37
20204,41,4,38
20205,41,4,37
20206,41,4,37
20207,41,4,37
20208,41,4,38
20209,41,4,38
20210,41,4,38
20211,31,3,37
20212,41,4,37
20213,41,4,37
20214,41,3,37
20215,41,3,36
20216,41,4,37
20217,41,4,36
20218,41,4,37
20219,41,3,38
20220,41,4,38
20221,41,4,38
20222,41,3,37
20223,41,3,37
20224,41,3,37
20225,41,3,37
20226,41,3,37
20227,41,4,37
20228,41,4,38
20229,41,3,36
20230,41,3,37
20231,41,3,38
20232,41,4,37
20233,41,3,38
20234,41,4,37
20235,41,3,37
20236,41,3,37
20237,41,4,37
20238,41,4,37
20239,31,3,37
20240,31,3,37
20241,31,4,37
20242,31,4,37
20243,41,4,38
20244,41,4,38
20245,41,4,38
20246,41,4,37
20247,41,5,37
20248,41,5,37
20249,41,4,37
20250,41,6,38
20251,41,5,37
20252,41,5,37
20253,41,5,37
20254,41,4,38
20255,41,4,37
20256,41,5,38
20257,41,5,37
20258,41,5,38
20259,41,4,37
20260,41,5,37
20261,41,5,36
20262,41,4,37
20263,41,4,36
20264,41,5,37
20265,41,4,35
20266,41,5,36
20267,41,4,35
20268,41,4,36
20269,51,5,34
20270,41,5,36
20271,41,5,36
20272,41,5,36
20273,41,4,35
20274,41,4,36
20275,41,4,35
20276,41,4,35
20277,41,5,36
20278,41,5,37
20279,41,5,35
20280,41,4,34
20281,41,5,36
20282,41,5,37
20283,41,4,36
20284,41,4,38
20285,41,4,37
20286,41,5,38
20287,41,5,38
20288,41,5,36
20289,41,4,36
20290,41,4,36
20291,41,4,36
20292,41,3,34
20293,41,4,35
20294,41,4,35
20295,41,4,36
20296,41,4,36
20297,41,4,35
20298,41,4,37
20299,41,5,38
20300,41,4,37
20301,41,4,39
20302,31,3,38
20303,41,5,38
20304,41,4,36
20305,41,5,36
20306,41,4,37
20307,41,6,37
20308,41,5,37
20309,41,5,37
20310,41,4,37
20311,41,4,36
20312,41,5,36
20313,41,4,37
20314,41,4,35
20315,41,4,33
20316,41,4,36
20317,41,4,36
20318,41,5,37
20319,41,5,37
20320,41,4,36
20321,41,5,37
20322,41,4,37
20323,41,5,37
20324,41,4,38
20325,41,5,38
20326,41,6,39
20327,41,5,37
20328,41,5,37
20329,41,5,37
20330,41,5,38
20331,41,5,36
20332,41,5,36
20333,41,5,34
20334,41,5,38
20335,41,4,37
20336,41,5,37
20337,41,5,37
20338,41,4,36
20339,41,3,37
20340,41,4,37
20341,41,5,37
20342,41,4,38
20343,41,5,37
20344,41,4,38
20345,41,5,37
20346,41,4,37
20347,41,4,37
20348,41,5,37
20349,41,4,37
20350,41,4,36
20351,41,4,38
20352,41,5,36
20353,41,4,36
20354,41,5,36
20355,41,4,35
20356,41,5,35
20357,41,5,36
20358,41,5,37
20359,41,5,36
20360,41,5,36
20361,51,5,36
20362,41,5,35
20363,51,5,36
20364,41,5,35
20365,41,5,36
20366,41,5,35
20367,41,5,35
20368,41,5,37
20369,41,5,34
20370,51,5,35
20371,41,4,36
20372,41,5,35
20373,41,5,36
20374,41,4,35
20375,41,4,36
20376,41,4,35
20377,41,4,36
20378,41,4,35
20379,41,4,35
20380,41,5,35
20381,41,4,35
20382,41,5,37
20383,41,4,35
20384,41,4,36
20385,41,4,35
20386,51,4,34
20387,41,5,37
20388,31,4,37
20389,31,4,36
20390,41,4,36
20391,31,4,36
20392,41,4,35
20393,31,4,35
20394,31,4,35
20395,31,4,36
20396,41,4,35
20397,31,4,36
20398,31,5,36
20399,31,4,36
20400,31,5,37
20401,31,4,37
20402,41,5,35
20403,41,4,35
20404,41,5,37
20405,31,5,36
20406,41,4,36
20407,41,4,35
20408,31,4,35
20409,41,4,36
20410,41,4,36
20411,31,4,36
20412,31,4,35
20413,31,4,36
20414,31,3,36
20415,41,5,37
20416,31,4,37
20417,31,4,34
20418,31,4,37
20419,31,4,36
20420,31,4,35
20421,31,4,36
20422,31,4,35
20423,31,4,35
20424,31,4,36
20425,41,6,35
20426,41,5,34
20427,41,5,36
20428,41,6,36
20429,31,4,37
20430,31,4,36
20431,31,4,37
20432,31,4,37
20433,31,4,37
20434,31,4,35
20435,31,4,37
20436,31,4,36
20437,41,3,37
20438,31,4,36
20439,41,4,37
20440,31,3,36
20441,31,4,37
20442,41,4,36
20443,31,4,35
20444,31,4,36
20445,31,3,37
20446,41,4,37
20447,31,4,37
20448,31,4,37
20449,41,4,37
20450,31,4,37
20451,31,4,36
20452,31,4,35
20453,31,4,35
20454,41,5,36
20455,31,4,37
20456,41,5,36
20457,41,5,37
20458,41,5,36
20459,41,5,36
20460,41,5,36
20461,41,5,36
20462,41,5,36
20463,41,4,37
20464,41,5,37
20465,41,4,35
20466,31,4,35
20467,31,4,36
20468,41,5,35
20469,31,4,35
20470,41,6,35
20471,41,5,37
20472,31,4,36
20473,41,5,36
20474,31,4,35
20475,31,4,36
20476,31,4,35
20477,41,3,36
20478,31,4,35
20479,31,4,36
20480,41,4,35
20481,31,4,36
20482,31,4,37
20483,31,4,35
20484,31,4,36
20485,41,4,37
20486,31,4,37
20487,31,4,36
20488,31,3,35
20489,41,4,34
20490,41,5,36
20491,41,5,36
20492,41,6,37
20493,41,5,37
20494,41,4,36
20495,41,5,36
20496,41,5,36
20497,41,5,35
20498,41,6,36
20499,41,5,36
20500,41,4,36
20501,31,4,35
20502,31,4,35
20503,31,4,36
20504,41,4,37
20505,41,4,37
20506,41,4,37
20507,31,4,35
20508,31,3,35
20509,41,4,37
20510,41,4,37
20511,41,4,37
20512,41,5,37
20513,41,4,37
20514,41,4,37
20515,41,5,36
20516,41,5,36
20517,41,5,37
20518,41,5,36
20519,41,6,36
20520,41,5,37
20521,41,5,35
20522,41,5,37
20523,41,6,36
20524,41,5,36
20525,41,5,36
20526,41,6,36
20527,41,4,35
20528,41,5,36
20529,41,5,35
20530,41,5,36
20531,41,5,36
20532,41,5,35
20533,41,5,36
20534,41,5,35
20535,41,5,36
20536,41,5,36
20537,41,4,35
20538,41,5,35
20539,41,5,36
20540,41,5,35
20541,41,6,35
20542,41,5,35
20543,41,5,34
20544,41,6,36
20545,41,5,36
20546,41,5,34
20547,41,5,35
20548,41,5,35
20549,41,5,35
20550,41,6,35
20551,41,6,35
20552,51,5,34
20553,41,5,34
20554,41,6,35
20555,51,5,34
20556,41,6,35
20557,41,5,34
20558,41,6,35
20559,41,5,34
20560,51,6,34
20561,41,5,34
20562,41,5,34
20563,41,6,34
20564,51,5,33
20565,51,4,35
20566,51,4,34
20567,51,4,34
20568,31,3,35
20569,31,3,35
20570,31,2,35
20571,31,2,35
20572,31,3,35
20573,31,2,35
20574,21,2,35
20575,21,2,35
20576,31,3,35
20577,31,2,35
20578,21,3,35
20579,31,3,35
20580,31,2,34
20581,31,3,35
20582,41,3,35
20583,41,4,34
20584,51,5,34
20585,51,4,34
20586,51,5,35
20587,51,4,34
20588,51,5,34
20589,51,4,34
20590,51,4,34
20591,51,5,34
20592,51,5,34
20593,51,5,33
20594,51,4,34
20595,51,5,35
20596,51,5,34
20597,51,5,34
20598,51,5,34
20599,51,5,36
20600,51,5,34
20601,51,5,34
20602,51,5,34
20603,51,5,35
20604,51,5,35
20605,51,5,35
20606,51,5,35
20607,51,5,36
20608,51,5,34
20609,51,5,35
20610,51,5,35
20611,51,6,34
20612,51,5,35
20613,51,5,35
20614,51,5,36
20615,51,5,35
20616,51,5,36
20617,51,5,35
20618,51,4,35
20619,51,5,35
20620,51,5,35
20621,51,5,35
20622,51,6,34
20623,51,5,34
20624,51,6,34
20625,51,4,35
20626,41,5,37
20627,41,4,38
20628,41,4,37
20629,41,4,37
20630,41,4,38
20631,41,4,37
20632,41,5,38
20633,41,5,38
20634,41,4,38
20635,41,4,37
20636,41,4,37
20637,51,5,35
20638,51,5,35
20639,51,5,33
20640,51,5,34
20641,51,6,35
20642,51,5,34
20643,51,5,33
20644,51,5,34
20645,51,5,35
20646,51,6,34
20647,51,5,34
20648,51,5,33
20649,51,5,35
20650,51,6,34
20651,51,5,35
20652,51,5,35
20653,51,5,36
20654,51,5,36
20655,51,5,35
20656,51,5,35
20657,51,4,34
20658,51,5,34
20659,51,5,35
20660,51,5,35
20661,51,5,35
20662,51,5,35
20663,51,5,34
20664,51,5,35
20665,51,5,34
20666,51,6,34
20667,51,5,35
20668,51,5,35
20669,51,5,35
20670,51,6,34
20671,51,5,34
20672,51,5,34
20673,51,5,35
20674,51,5,35
20675,51,6,35
20676,51,6,35
20677,51,6,34
20678,51,5,34
20679,51,5,35
20680,51,5,35
20681,51,5,34
20682,51,5,35
20683,51,5,34
20684,51,5,34
20685,51,5,35
20686,51,5,33
20687,51,5,34
20688,51,5,35
20689,51,5,36
20690,51,5,35
20691,51,5,33
20692,51,6,34
20693,51,5,33
20694,51,5,34
20695,51,5,35
20696,51,5,35
20697,51,4,33
20698,51,5,34
20699,51,4,34
20700,51,4,34
20701,51,4,34
20702,51,5,34
20703,51,5,34
20704,51,4,35
20705,51,5,34
20706,51,6,35
20707,51,5,35
20708,51,6,35
20709,51,5,35
20710,51,5,35
20711,51,5,33
20712,51,5,34
20713,41,5,37
20714,51,5,38
20715,51,4,36
20716,51,5,34
20717,51,5,35
20718,51,4,34
20719,51,5,35
20720,51,4,34
20721,51,5,34
20722,51,5,34
20723,51,5,35
20724,51,5,34
20725,51,5,35
20726,51,4,33
20727,51,5,35
20728,51,4,33
20729,51,5,34
20730,51,6,35
20731,53,7,39
20732,31,3,35
20733,31,2,35
20734,31,2,36
20735,31,3,35
20736,31,3,35
20737,31,3,36
20738,31,3,36
20739,31,2,35
20740,31,3,35
20741,31,2,36
20742,31,3,35
20743,31,2,36
20744,31,3,36
20745,31,3,35
20746,31,4,35
20747,31,4,36
20748,31,4,37
20749,31,4,36
20750,31,3,36
20751,31,3,35
20752,31,3,35
20753,31,4,37
20754,31,4,36
20755,31,4,37
20756,31,5,37
20757,31,3,35
20758,31,4,35
20759,31,4,36
20760,31,4,37
20761,31,4,36
20762,31,4,35
20763,31,3,37
20764,31,3,36
20765,31,3,35
20766,31,4,36
20767,31,3,36
20768,31,4,36
20769,31,4,37
20770,31,4,36
20771,31,4,35
20772,31,3,34
20773,31,4,36
20774,31,4,35
20775,31,5,35
20776,31,5,35
20777,31,4,36
20778,31,4,35
20779,31,5,37
20780,31,4,37
20781,31,4,37
20782,31,5,37
20783,31,4,37
20784,31,4,36
20785,41,5,37
20786,31,5,37
20787,31,5,38
20788,31,5,37
20789,31,4,38
20790,31,4,37
20791,31,4,37
20792,31,5,37
20793,31,4,38
20794,31,4,37
20795,31,4,37
20796,31,4,37
20797,31,5,37
20798,31,5,37
20799,31,5,37
20800,31,5,37
20801,31,4,37
20802,31,4,37
20803,31,4,37
20804,31,4,36
20805,31,4,36
20806,31,4,37
20807,31,4,37
20808,31,4,37
20809,31,4,37
20810,31,4,37
20811,31,4,36
20812,31,5,37
20813,31,4,37
20814,31,4,37
20815,31,3,37
20816,31,3,37
20817,31,4,37
20818,31,4,36
20819,31,4,37
20820,31,4,36
20821,31,5,37
20822,31,5,36
20823,41,4,35
20824,41,4,35
20825,41,5,35
20826,41,5,35
20827,41,5,35
20828,51,4,35
20829,41,5,36
20830,41,5,37
20831,41,5,35
20832,51,4,36
20833,51,4,36
20834,31,4,37
20835,31,4,37
20836,31,4,37
20837,31,4,37
20838,31,5,37
20839,31,4,35
20840,31,4,35
20841,31,5,37
20842,41,5,37
20843,31,5,36
20844,31,5,36
20845,31,5,37
20846,31,5,36
20847,31,5,36
20848,31,4,36
20849,31,4,35
20850,31,5,37
20851,31,5,37
20852,31,4,36
20853,31,4,37
20854,31,3,36
20855,31,4,37
20856,31,4,36
20857,31,4,37
20858,31,4,36
20859,31,5,37
20860,41,4,38
20861,31,5,38
20862,31,5,38
20863,31,5,37
20864,31,4,37
20865,31,4,37
20866,31,4,37
20867,31,4,37
20868,31,5,37
20869,31,4,36
20870,31,4,37
20871,31,4,36
20872,31,4,36
20873,31,4,35
20874,31,4,37
20875,31,4,36
20876,31,5,34
20877,31,4,37
20878,31,4,36
20879,31,4,36
20880,31,5,36
20881,31,5,36
20882,31,5,37
20883,31,4,36
20884,51,5,36
20885,51,5,36
20886,41,4,37
20887,41,4,37
20888,41,4,34
20889,41,4,34
20890,41,5,35
20891,41,4,36
20892,41,5,36
20893,41,5,36
20894,41,5,35
20895,51,5,36
20896,51,4,37
20897,51,5,37
20898,51,4,35
20899,51,4,37
20900,51,4,36
20901,51,5,36
20902,51,5,36
20903,51,5,36
20904,51,4,36
20905,41,5,35
20906,41,5,36
20907,51,5,34
20908,41,5,36
20909,41,5,34
20910,41,5,35
20911,41,5,34
20912,41,5,35
20913,41,5,35
20914,41,5,35
20915,41,5,34
20916,41,5,34
20917,41,4,38
20918,41,4,36
20919,41,4,36
20920,41,4,36
20921,41,4,38
20922,51,6,36
20923,41,5,35
20924,41,4,38
20925,51,6,35
20926,41,5,34
20927,41,5,34
20928,41,5,36
20929,41,5,35
20930,41,5,36
20931,41,5,36
20932,41,5,36
20933,41,5,35
20934,41,5,34
20935,41,5,35
20936,41,5,35
20937,41,5,35
20938,51,4,34
20939,41,5,34
20940,41,4,38
20941,41,4,34
20942,51,6,35
20943,41,5,34
20944,41,5,35
20945,41,5,35
20946,41,5,35
20947,41,5,35
20948,51,4,36
20949,51,5,36
20950,51,4,36
20951,41,4,33
20952,51,4,34
20953,41,4,37
20954,51,5,34
20955,51,4,35
20956,51,5,35
20957,51,4,35
20958,41,5,36
20959,51,4,37
20960,41,5,35
20961,41,5,35
20962,41,5,36
20963,51,6,36
20964,41,5,37
20965,41,5,37
20966,41,5,37
20967,41,4,37
20968,41,4,37
20969,41,5,38
20970,41,4,37
20971,41,4,37
20972,41,4,37
20973,41,4,37
20974,41,4,37
20975,41,4,36
20976,51,4,35
20977,51,4,35
20978,51,4,35
20979,51,4,36
20980,51,4,37
20981,51,4,35
20982,51,4,36
20983,51,4,35
20984,51,5,37
20985,41,5,36
20986,41,4,38
20987,41,5,39
20988,41,4,37
20989,51,4,37
20990,51,4,37
20991,41,5,38
20992,41,4,37
20993,41,4,37
20994,41,5,37
20995,41,4,35
20996,41,4,36
20997,41,5,38
20998,51,4,37
20999,41,4,37
21000,41,4,38
21001,41,4,37
21002,41,5,38
21003,51,5,37
21004,41,4,37
21005,41,4,37
21006,41,4,37
21007,41,4,36
21008,41,4,37
21009,41,4,37
21010,41,5,36
21011,41,5,37
21012,41,4,37
21013,41,5,37
21014,41,5,38
21015,51,4,38
21016,51,5,37
21017,41,5,39
21018,41,3,37
21019,41,4,37
21020,41,4,37
21021,41,4,37
21022,41,5,37
21023,41,4,37
21024,41,5,37
21025,51,5,37
21026,51,5,37
21027,41,5,38
21028,51,4,38
21029,51,4,37
21030,41,4,37
21031,51,5,37
21032,41,4,38
21033,41,4,37
21034,41,4,37
21035,41,4,38
21036,41,4,37
21037,41,4,37
21038,41,4,37
21039,51,5,38
21040,41,5,37
21041,41,4,38
21042,41,4,38
21043,51,5,37
21044,41,5,37
21045,41,4,37
21046,41,5,37
21047,41,5,38
21048,41,5,37
21049,51,4,38
21050,41,5,37
21051,41,4,36
21052,41,4,38
21053,41,4,39
21054,41,4,37
21055,41,4,38
21056,41,5,37
21057,41,3,37
21058,41,4,38
21059,41,4,37
21060,41,4,37
21061,41,5,37
21062,41,5,36
21063,41,4,37
21064,41,4,36
21065,41,4,37
21066,41,4,37
21067,41,4,37
21068,41,4,36
21069,41,4,37
21070,41,5,38
21071,41,5,38
21072,41,4,37
21073,41,3,38
21074,41,4,37
21075,41,4,38
21076,41,4,36
21077,41,3,37
21078,41,4,37
21079,41,5,37
21080,41,4,38
21081,41,4,37
21082,41,4,38
21083,41,4,37
21084,41,5,37
21085,41,4,37
21086,41,4,38
21087,41,4,37
21088,41,4,37
21089,41,4,36
21090,41,4,36
21091,41,4,37
21092,41,4,37
21093,41,4,37
21094,41,4,37
21095,41,4,37
21096,41,4,37
21097,41,4,36
21098,41,4,38
21099,41,4,37
21100,41,4,36
21101,41,4,36
21102,41,4,37
21103,41,4,37
21104,41,5,37
21105,41,4,37
21106,41,4,37
21107,41,4,37
21108,41,4,37
21109,41,4,37
21110,41,4,37
21111,41,4,37
21112,41,4,37
21113,41,4,37
21114,41,4,38
21115,41,4,37
21116,41,4,37
21117,41,4,37
21118,41,4,37
21119,41,4,37
21120,41,4,37
21121,41,4,37
21122,41,4,36
21123,41,4,37
21124,41,5,37
21125,41,4,37
21126,51,5,37
21127,41,4,37
21128,51,4,37
21129,41,5,37
21130,51,4,37
21131,51,4,37
21132,41,4,36
21133,51,5,37
21134,51,4,37
21135,51,4,38
21136,51,5,36
21137,51,4,37
21138,41,4,37
21139,41,5,36
21140,41,5,36
21141,41,4,36
21142,41,4,36
21143,41,5,37
21144,41,4,36
21145,41,4,37
21146,41,4,37
21147,41,4,38
21148,41,4,36
21149,41,5,36
21150,41,5,37
21151,41,5,37
21152,41,5,36
21153,41,5,36
21154,41,4,37
21155,41,4,36
21156,41,4,36
21157,41,4,36
21158,41,5,37
21159,41,4,36
21160,41,4,36
21161,41,4,36
21162,41,3,36
21163,41,4,38
21164,41,4,37
21165,41,4,37
21166,41,4,37
21167,41,4,37
21168,41,4,38
21169,41,4,39
21170,51,5,37
21171,41,4,39
21172,41,4,37
21173,41,4,39
21174,41,5,37
21175,51,5,38
21176,41,6,39
21177,41,5,38
21178,41,4,37
21179,41,4,37
21180,41,5,38
21181,41,4,36
21182,41,5,36
21183,41,5,37
21184,41,5,37
21185,41,4,37
21186,41,5,36
21187,41,5,37
21188,41,5,37
21189,41,5,36
21190,41,5,36
21191,41,5,36
21192,41,5,37
21193,41,5,37
21194,41,5,38
21195,41,5,37
21196,41,5,37
21197,41,4,38
21198,41,4,38
21199,41,5,36
21200,41,4,36
21201,41,4,37
21202,41,4,37
21203,41,5,37
21204,41,4,39
21205,41,4,38
21206,41,4,37
21207,41,4,36
21208,41,4,36
21209,41,4,37
21210,41,4,37
21211,41,4,36
21212,41,4,35
21213,41,5,36
21214,41,4,35
21215,41,5,36
21216,41,4,36
21217,41,4,36
21218,41,4,36
21219,41,4,36
21220,41,5,35
21221,41,5,36
21222,41,4,35
21223,41,5,37
21224,41,4,36
21225,41,4,35
21226,41,4,35
21227,41,4,36
21228,41,4,36
21229,41,4,35
21230,41,4,36
21231,41,4,36
21232,41,4,36
21233,41,4,36
21234,41,4,36
21235,41,4,36
21236,41,4,38
21237,41,5,36
21238,41,4,35
21239,41,4,36
21240,41,4,36
21241,41,4,36
21242,41,4,37
21243,41,5,37
21244,41,5,36
21245,41,4,36
21246,41,4,36
21247,41,4,36
21248,41,4,36
21249,41,4,36
21250,41,4,36
21251,41,4,36
21252,41,4,36
21253,41,4,35
21254,41,4,35
21255,41,3,36
21256,41,4,37
21257,41,4,36
21258,41,5,37
21259,41,5,36
21260,41,4,37
21261,41,4,37
21262,41,4,37
21263,41,5,36
21264,41,5,36
21265,41,5,37
21266,41,4,36
21267,41,4,37
21268,41,4,37
21269,41,5,36
21270,41,5,37
21271,41,4,37
21272,41,4,38
21273,41,4,38
21274,41,4,37
21275,41,4,37
21276,41,4,37
21277,41,4,37
21278,41,4,37
21279,41,4,37
21280,41,3,37
21281,41,3,37
21282,41,4,37
21283,41,4,37
21284,41,4,37
21285,41,4,37
21286,41,4,37
21287,41,4,37
21288,41,4,37
21289,41,4,37
21290,41,3,37
21291,41,4,37
21292,41,4,38
21293,41,4,37
21294,41,5,39
21295,41,4,37
21296,41,3,37
21297,41,4,37
21298,41,4,37
21299,41,4,37
21300,41,4,37
21301,41,4,37
21302,41,4,37
21303,41,3,37
21304,41,5,37
21305,41,4,37
21306,41,3,36
21307,41,3,37
21308,41,3,37
21309,41,4,36
21310,41,4,37
21311,41,4,37
21312,41,5,37
21313,41,4,37
21314,41,4,37
21315,41,4,37
21316,41,5,38
21317,41,5,37
21318,51,5,38
21319,41,6,37
21320,41,5,36
21321,41,5,37
21322,41,5,38
21323,41,5,38
21324,41,5,37
21325,41,5,36
21326,41,4,38
21327,41,5,38
21328,41,5,38
21329,41,4,37
21330,41,4,37
21331,41,4,37
21332,41,4,38
21333,41,4,38
21334,41,4,38
21335,41,5,37
21336,41,5,39
21337,31,2,36
21338,41,4,37
21339,41,4,37
21340,41,5,35
21341,41,5,37
21342,41,5,38
21343,41,5,37
21344,41,5,36
21345,41,5,37
21346,41,5,36
21347,41,6,38
21348,51,5,39
21349,51,5,38
21350,41,5,38
21351,41,4,38
21352,41,5,38
21353,41,5,39
21354,41,4,38
21355,41,4,38
21356,41,5,37
21357,41,5,37
21358,41,5,37
21359,41,4,36
21360,41,4,38
21361,41,4,38
21362,41,4,38
21363,41,4,37
21364,41,5,37
21365,41,4,38
21366,41,5,37
21367,41,5,37
21368,41,5,37
21369,41,4,37
21370,41,4,36
21371,51,4,37
21372,41,4,36
21373,41,5,37
21374,41,5,38
21375,51,5,37
21376,41,5,36
21377,41,4,36
21378,51,5,37
21379,51,4,37
21380,41,4,37
21381,41,4,38
21382,41,4,36
21383,31,2,35
21384,31,3,35
21385,31,3,36
21386,31,3,35
21387,31,2,34
21388,31,2,34
21389,31,2,35
21390,31,3,35
21391,21,3,34
21392,31,3,35
21393,31,2,35
21394,31,2,35
21395,31,2,34
21396,31,2,35
21397,31,3,35
21398,31,2,35
21399,31,2,35
21400,21,2,35
21401,21,2,35
21402,31,2,35
21403,31,2,34
21404,21,3,35
21405,31,2,35
21406,21,2,35
21407,21,2,36
21408,21,3,35
21409,21,2,35
21410,31,3,36
21411,21,2,35
21412,21,3,35
21413,41,4,36
21414,41,4,36
21415,41,4,37
21416,41,4,38
21417,41,5,36
21418,41,4,37
21419,41,4,36
21420,41,4,35
21421,31,3,37
21422,41,4,36
21423,41,4,37
21424,41,4,36
21425,41,4,36
21426,41,3,35
21427,41,3,36
21428,31,2,35
21429,31,2,34
21430,31,2,34
21431,21,2,35
21432,31,2,36
21433,21,3,35
21434,31,2,35
21435,21,2,35
21436,31,3,35
21437,31,3,34
21438,31,3,35
21439,31,3,34
21440,31,3,35
21441,31,3,35
21442,31,3,35
21443,31,3,36
21444,31,3,35
21445,31,3,35
21446,31,3,35
21447,31,3,35
21448,31,3,36
21449,31,2,35
21450,31,3,36
21451,31,3,35
21452,31,3,35
21453,31,3,35
21454,31,3,35
21455,31,2,35
21456,31,3,35
21457,31,2,35
21458,31,2,35
21459,31,3,36
21460,31,2,35
21461,31,3,35
21462,31,3,34
21463,31,3,35
21464,31,3,35
21465,31,3,35
21466,31,3,35
21467,31,3,36
21468,31,3,36
21469,31,3,35
21470,31,3,35
21471,31,3,35
21472,31,2,35
21473,31,3,36
21474,31,3,35
21475,31,2,34
21476,31,3,35
21477,31,2,35
21478,31,3,35
21479,31,2,34
21480,31,3,35
21481,31,2,34
21482,31,3,35
21483,31,2,35
21484,31,2,34
21485,31,2,35
21486,31,3,34
21487,31,2,35
21488,31,2,34
21489,31,3,35
21490,31,2,34
21491,31,2,35
21492,31,2,35
21493,31,3,35
21494,31,3,35
21495,31,3,35
21496,31,3,34
21497,31,2,34
21498,31,2,35
21499,31,2,35
21500,31,3,35
21501,31,3,34
21502,31,3,36
21503,31,2,35
21504,31,3,36
21505,31,3,35
21506,31,3,35
21507,31,3,35
21508,31,3,35
21509,31,4,34
21510,41,4,35
21511,41,4,36
21512,41,4,35
21513,41,3,35
21514,31,4,35
21515,31,4,35
21516,31,4,35
21517,41,4,35
21518,31,4,35
21519,31,4,35
21520,41,4,35
21521,31,4,34
21522,31,3,36
21523,31,4,35
21524,31,3,35
21525,31,2,34
21526,31,3,35
21527,41,4,35
21528,31,3,34
21529,31,3,35
21530,31,2,35
21531,31,3,36
21532,31,2,36
21533,31,3,36
21534,31,2,36
21535,31,2,36
21536,31,3,34
21537,31,2,36
21538,31,3,35
21539,31,2,35
21540,31,2,34
21541,31,2,35
21542,31,2,35
21543,31,3,35
21544,31,3,36
21545,31,2,36
21546,31,2,37
21547,31,3,35
21548,31,3,35
21549,31,2,36
21550,31,3,34
21551,31,2,36
21552,31,3,34
21553,31,2,35
21554,31,3,36
21555,31,3,35
21556,31,3,36
21557,31,3,35
21558,31,3,35
21559,21,3,36
21560,21,2,35
21561,21,2,34
21562,31,3,35
21563,31,3,36
21564,31,2,35
21565,31,3,34
21566,31,2,35
21567,21,3,36
21568,21,3,34
21569,31,2,35
21570,31,2,35
21571,41,3,35
21572,41,3,35
21573,31,2,35
21574,31,2,35
21575,31,3,35
21576,21,3,35
21577,31,2,34
21578,31,3,36
21579,31,2,36
21580,31,3,35
21581,31,2,34
21582,31,2,35
21583,31,3,35
21584,31,2,35
21585,31,2,35
21586,31,2,36
21587,31,3,34
21588,31,3,35
21589,31,3,35
21590,31,3,35
21591,31,3,35
21592,31,3,34
21593,31,3,36
21594,31,3,35
21595,31,2,35
21596,31,3,35
21597,21,3,34
21598,31,3,35
21599,31,3,35
21600,31,3,35
21601,31,3,35
21602,31,3,36
21603,31,3,34
21604,31,3,36
21605,31,3,36
21606,31,3,35
21607,31,2,35
21608,31,3,34
21609,31,3,35
21610,31,3,35
21611,31,3,35
21612,41,4,35
21613,41,4,36
21614,41,4,36
21615,41,3,36
21616,41,4,36
21617,41,4,36
21618,41,4,36
21619,41,4,36
21620,41,4,35
21621,41,4,35
21622,41,4,35
21623,41,3,35
21624,41,3,35
21625,41,4,35
21626,21,3,35
21627,41,4,35
21628,31,4,34
21629,31,2,36
21630,31,3,35
21631,31,3,34
21632,31,2,35
21633,31,3,35
21634,31,2,35
21635,31,2,35
21636,21,3,34
21637,31,3,36
21638,31,2,34
21639,31,2,36
21640,31,3,35
21641,31,3,36
21642,31,3,35
21643,41,5,36
21644,31,2,35
21645,31,2,35
21646,31,3,35
21647,31,3,36
21648,31,3,34
21649,31,4,35
21650,31,3,35
21651,31,4,35
21652,31,3,35
21653,31,4,35
21654,31,4,36
21655,31,4,35
21656,31,4,35
21657,31,3,36
21658,31,4,35
21659,31,3,36
21660,31,4,34
21661,31,4,35
21662,31,4,35
21663,31,3,35
21664,31,2,36
21665,31,3,35
21666,31,3,34
21667,31,2,35
21668,31,2,35
21669,31,3,36
21670,31,2,36
21671,31,2,34
21672,31,2,35
21673,31,2,35
21674,31,2,35
21675,21,2,34
21676,31,2,35
21677,31,2,35
21678,31,3,35
21679,31,4,35
21680,41,4,35
21681,41,4,36
21682,41,4,35
21683,41,4,35
21684,41,4,37
21685,41,4,35
21686,41,4,36
21687,31,4,35
21688,31,3,35
21689,31,3,35
21690,31,3,35
21691,31,3,35
21692,31,2,35
21693,31,2,35
21694,31,3,36
21695,31,2,36
21696,31,3,35
21697,31,2,36
21698,31,2,36
21699,31,2,35
21700,31,2,34
21701,31,2,35
21702,31,3,36
21703,31,2,36
21704,31,2,36
21705,21,2,35
21706,31,3,35
21707,21,3,36
21708,21,3,36
21709,21,3,36
21710,21,3,35
21711,21,3,35
21712,21,3,36
21713,31,3,35
21714,21,2,35
21715,21,2,34
21716,21,3,35
21717,21,2,35
21718,31,2,35
21719,31,3,35
21720,31,3,37
21721,31,2,35
21722,21,2,36
21723,31,2,34
21724,31,3,36
21725,31,3,35
21726,31,3,35
21727,31,3,35
21728,31,3,34
21729,31,3,36
21730,31,3,35
21731,31,3,36
21732,31,3,36
21733,31,3,36
21734,31,3,36
21735,31,3,36
21736,31,3,35
21737,31,3,35
21738,41,4,35
21739,41,5,36
21740,41,4,37
21741,41,5,37
21742,41,5,37
21743,41,5,37
21744,41,5,36
21745,41,5,36
21746,41,4,36
21747,41,4,36
21748,41,4,37
21749,41,5,37
21750,41,5,37
21751,41,4,36
21752,41,5,35
21753,41,5,35
21754,41,6,37
21755,41,5,37
21756,41,5,37
21757,41,5,36
21758,41,6,36
21759,41,6,37
21760,41,6,36
21761,41,5,36
21762,41,5,36
21763,41,4,36
21764,41,4,36
21765,41,5,37
21766,41,5,37
21767,41,4,37
21768,41,4,36
21769,41,5,36
21770,41,5,37
21771,41,5,36
21772,41,5,37
21773,41,5,37
21774,41,5,36
21775,41,6,36
21776,41,5,36
21777,41,5,36
21778,41,5,36
21779,41,5,37
21780,41,5,37
21781,41,6,36
21782,41,5,37
21783,41,5,37
21784,41,5,36
21785,41,4,37
21786,41,4,36
21787,41,4,36
21788,41,4,36
21789,41,4,36
21790,41,4,36
21791,41,5,36
21792,31,2,35
21793,41,5,36
21794,41,5,36
21795,41,4,37
21796,41,5,37
21797,41,4,37
21798,41,5,37
21799,41,5,37
21800,41,5,37
21801,41,5,37
21802,41,5,37
21803,41,4,36
21804,41,5,37
21805,41,5,36
21806,41,4,37
21807,41,5,37
21808,41,5,37
21809,41,5,37
21810,41,5,37
21811,41,4,37
21812,41,5,36
21813,41,5,36
21814,41,5,37
21815,41,5,37
21816,41,5,37
21817,41,5,36
21818,41,5,36
21819,41,5,36
21820,51,5,36
21821,41,6,36
21822,51,6,36
21823,51,6,36
21824,51,5,35
21825,51,6,36
21826,41,6,35
21827,51,5,36
21828,41,5,37
21829,41,4,37
21830,41,4,36
21831,41,5,37
21832,41,4,35
21833,51,5,36
21834,41,5,37
21835,41,4,36
21836,41,5,37
21837,41,4,36
21838,41,5,37
21839,41,4,36
21840,41,4,36
21841,41,5,36
21842,41,5,37
21843,41,5,36
21844,41,5,37
21845,41,5,37
21846,41,5,38
21847,41,4,37
21848,41,5,37
21849,41,5,36
21850,41,5,37
21851,41,5,37
21852,41,5,36
21853,41,5,37
21854,41,4,37
21855,41,6,37
21856,51,6,35
21857,51,6,37
21858,51,6,36
21859,51,6,35
21860,51,6,36
21861,51,5,35
21862,51,6,36
21863,51,6,37
21864,41,5,35
21865,51,6,36
21866,51,6,35
21867,51,6,36
21868,51,6,35
21869,51,6,36
21870,51,6,37
21871,51,5,36
21872,51,6,35
21873,51,6,36
21874,51,6,37
21875,51,6,37
21876,51,6,35
21877,51,5,36
21878,51,6,36
21879,51,6,36
21880,41,6,37
21881,51,6,37
21882,51,6,36
21883,51,6,36
21884,51,6,36
21885,51,5,36
21886,51,6,36
21887,51,5,37
21888,51,5,37
21889,51,6,36
21890,51,6,36
21891,51,6,36
21892,41,5,36
21893,41,6,36
21894,51,6,36
21895,51,6,36
21896,51,6,36
21897,51,6,35
21898,51,6,36
21899,51,6,36
21900,51,6,35
21901,51,6,36
21902,51,6,36
21903,51,6,35
21904,51,6,35
21905,51,6,36
21906,51,6,36
21907,51,6,36
21908,51,6,36
21909,51,6,37
21910,51,6,37
21911,51,6,37
21912,51,6,37
21913,51,5,37
21914,51,6,37
21915,51,6,37
21916,51,6,37
21917,41,5,37
21918,51,6,37
21919,51,5,36
21920,51,6,36
21921,31,2,34
21922,51,5,36
21923,51,5,36
21924,51,5,36
21925,51,6,37
21926,51,6,36
21927,51,5,37
21928,51,5,37
21929,51,5,37
21930,51,5,37
21931,51,5,37
21932,41,6,36
21933,41,4,36
21934,51,5,37
21935,51,6,37
21936,51,6,37
21937,51,5,36
21938,51,5,36
21939,51,6,37
21940,51,6,37
21941,41,5,36
21942,51,6,36
21943,31,2,34
21944,31,3,35
21945,21,2,35
21946,51,6,36
21947,51,5,37
21948,51,5,37
21949,51,6,37
21950,51,5,37
21951,51,6,37
21952,51,6,36
21953,41,6,37
21954,41,5,37
21955,41,5,37
21956,41,5,37
21957,41,6,35
21958,41,6,37
21959,41,5,37
21960,41,5,37
21961,41,5,37
21962,41,5,37
21963,41,5,37
21964,41,5,37
21965,41,4,37
21966,41,5,37
21967,41,5,36
21968,41,5,37
21969,41,6,35
21970,41,5,36
21971,41,6,37
21972,51,6,37
21973,41,5,36
21974,51,6,36
21975,41,6,36
21976,41,6,36
21977,41,6,37
21978,31,3,37
21979,41,5,37
21980,41,5,37
21981,41,5,37
21982,41,5,37
21983,41,5,37
21984,41,5,36
21985,41,5,37
21986,41,5,37
21987,41,4,37
21988,41,4,37
21989,41,4,36
21990,41,4,37
21991,41,5,36
21992,41,5,37
21993,41,5,37
21994,41,5,36
21995,41,5,37
21996,41,6,37
21997,41,5,37
21998,41,5,36
21999,41,6,37
22000,41,5,36
22001,41,5,36
22002,41,5,37
22003,41,5,36
22004,41,4,37
22005,41,4,37
22006,41,5,36
22007,41,4,36
22008,41,4,36
22009,41,5,36
22010,41,4,37
22011,41,4,36
22012,41,5,37
22013,41,5,36
22014,41,5,36
22015,41,5,36
22016,41,4,36
22017,41,5,37
22018,41,4,37
22019,41,5,37
22020,31,3,35
22021,31,3,35
22022,31,3,34
22023,31,2,34
22024,31,3,35
22025,31,3,35
22026,31,3,34
22027,21,3,35
22028,31,2,34
22029,31,2,35
22030,31,3,36
22031,31,3,35
22032,31,3,35
22033,31,2,35
22034,31,3,36
22035,31,3,35
22036,31,2,35
22037,21,2,35
22038,31,3,35
22039,31,3,35
22040,21,3,35
22041,21,3,35
22042,31,3,34
22043,31,2,35
22044,31,3,35
22045,31,3,34
22046,31,3,35
22047,31,3,35
22048,31,3,36
22049,31,2,34
22050,21,2,34
22051,31,3,34
22052,31,2,35
22053,31,3,35
22054,31,3,35
22055,21,3,35
22056,31,3,35
22057,31,2,35
22058,21,3,35
22059,21,2,35
22060,31,2,35
22061,31,3,35
22062,31,3,35
22063,31,2,35
22064,31,2,35
22065,31,3,35
22066,31,2,35
22067,31,3,35
22068,31,2,35
22069,31,2,34
22070,31,3,35
22071,31,2,35
22072,31,2,34
22073,31,2,35
22074,31,3,35
22075,31,2,34
22076,31,3,35
22077,31,3,34
22078,31,3,35
22079,31,2,34
22080,31,3,35
22081,31,3,35
22082,31,2,35
22083,31,2,35
22084,31,2,35
22085,31,2,35
22086,43,4,36
22087,31,2,35
22088,31,3,35
22089,31,3,35
22090,31,3,35
22091,31,2,35
22092,31,2,35
22093,31,2,35
22094,21,2,35
22095,43,4,35
22096,31,3,35
22097,31,3,34
22098,31,2,34
22099,31,2,35
22100,31,3,35
22101,31,2,35
22102,31,3,35
22103,31,3,34
22104,31,3,35
22105,31,3,35
22106,31,2,34
22107,31,3,35
22108,31,3,35
22109,31,2,35
22110,31,2,34
22111,31,3,34
22112,31,3,34
22113,31,3,34
22114,31,3,34
22115,31,2,34
22116,31,3,35
22117,31,3,34
22118,31,3,35
22119,31,3,34
22120,31,2,34
22121,31,2,35
22122,31,3,34
22123,31,3,34
22124,31,3,34
22125,31,3,34
22126,31,2,34
22127,21,2,36
22128,31,2,35
22129,31,2,35
22130,31,3,34
22131,31,2,34
22132,31,2,34
22133,31,3,35
22134,31,2,35
22135,31,3,35
22136,31,3,35
22137,31,3,35
22138,31,2,35
22139,31,3,35
22140,21,2,36
22141,21,2,36
22142,21,2,36
22143,21,3,35
22144,21,2,36
22145,31,3,35
22146,21,3,35
22147,21,3,36
22148,31,2,36
22149,31,3,36
22150,31,3,35
22151,31,3,36
22152,31,3,35
22153,31,3,35
22154,41,4,37
22155,31,3,35
22156,31,3,36
22157,31,3,35
22158,21,3,36
22159,31,2,35
22160,31,3,35
22161,31,3,35
22162,31,2,34
22163,31,3,34
22164,31,2,35
22165,31,2,35
22166,31,2,35
22167,31,2,35
22168,31,3,35
22169,41,4,36
22170,31,3,35
22171,41,4,34
22172,31,4,36
22173,31,4,36
22174,43,5,36
22175,31,2,34
22176,31,3,34
22177,31,2,35
22178,31,2,35
22179,31,2,35
22180,31,2,35
22181,31,2,35
22182,21,3,35
22183,21,3,35
22184,31,2,35
22185,31,3,35
22186,31,3,35
22187,31,4,36
22188,41,4,36
22189,41,3,35
22190,41,4,35
22191,41,4,35
22192,41,5,35
22193,41,4,36
22194,41,4,35
22195,41,4,36
22196,41,3,35
22197,41,4,36
22198,41,4,36
22199,41,4,36
22200,41,4,36
22201,41,4,35
22202,41,4,35
22203,31,3,34
22204,31,3,35
22205,41,4,35
22206,41,4,35
22207,41,5,37
22208,41,5,36
22209,41,4,36
22210,41,5,36
22211,41,5,35
22212,43,5,35
22213,43,5,35
22214,41,4,35
22215,41,4,35
22216,41,4,35
22217,41,4,36
22218,41,4,36
22219,41,5,36
22220,41,5,36
22221,41,4,35
22222,41,5,36
22223,41,4,36
22224,41,4,37
22225,41,4,35
22226,41,4,35
22227,41,4,36
22228,41,4,36
22229,41,5,35
22230,41,4,36
22231,41,4,36
22232,41,4,35
22233,41,4,35
22234,41,4,35
22235,41,4,37
22236,41,4,36
22237,41,4,36
22238,41,5,37
22239,41,4,36
22240,41,5,36
22241,41,4,35
22242,41,5,35
22243,41,5,35
22244,41,5,35
22245,41,4,36
22246,31,3,34
22247,31,3,35
22248,21,3,35
22249,31,3,35
22250,31,3,35
22251,31,3,36
22252,31,3,36
22253,31,3,34
22254,31,3,35
22255,31,3,35
22256,41,4,36
22257,41,4,35
22258,41,5,36
22259,41,5,36
22260,31,4,36
22261,41,4,36
22262,41,4,35
22263,41,5,36
22264,41,4,35
22265,41,5,35
22266,41,4,36
22267,41,5,36
22268,41,4,36
22269,41,4,35
22270,41,4,35
22271,31,3,35
22272,31,2,34
22273,31,2,35
22274,31,3,35
22275,31,2,34
22276,31,3,35
22277,31,3,35
22278,31,3,35
22279,31,2,35
22280,21,3,34
22281,21,2,35
22282,31,3,34
22283,21,3,35
22284,31,3,34
22285,31,2,35
22286,31,3,35
22287,31,3,35
22288,31,3,35
22289,41,5,35
22290,41,4,35
22291,41,4,35
22292,41,5,35
22293,31,3,35
22294,31,3,35
22295,41,4,35
22296,41,3,35
22297,41,4,36
22298,41,4,36
22299,41,4,36
22300,41,4,36
22301,41,4,36
22302,41,4,34
22303,41,4,35
22304,41,4,36
22305,41,4,36
22306,41,4,35
22307,41,4,36
22308,41,5,36
22309,41,4,36
22310,41,4,36
22311,41,4,35
22312,31,3,34
22313,31,2,34
22314,31,2,35
22315,31,2,35
22316,31,2,35
22317,31,2,35
22318,31,2,35
22319,31,2,35
22320,31,2,34
22321,41,3,36
22322,41,4,35
22323,41,4,35
22324,41,5,37
22325,41,4,36
22326,41,4,36
22327,41,4,36
22328,41,4,36
22329,41,4,36
22330,41,4,36
22331,41,4,35
22332,41,4,36
22333,41,4,36
22334,41,4,36
22335,41,4,36
22336,31,4,36
22337,41,4,37
22338,31,3,35
22339,41,4,36
22340,41,4,36
22341,41,4,36
22342,31,4,35
22343,31,3,35
22344,31,3,36
22345,21,3,36
22346,31,3,35
22347,31,3,35
22348,31,3,35
22349,31,3,36
22350,21,3,35
22351,31,3,35
22352,21,3,35
22353,31,3,35
22354,41,4,35
22355,41,3,35
22356,41,4,36
22357,41,4,36
22358,41,4,35
22359,41,4,34
22360,41,4,35
22361,41,4,35
22362,41,4,35
22363,41,3,36
22364,41,3,35
22365,41,4,36
22366,41,4,35
22367,41,4,36
22368,41,4,35
22369,31,3,36
22370,31,3,35
22371,31,3,35
22372,31,2,35
22373,31,2,36
22374,31,3,36
22375,31,2,35
22376,31,3,36
22377,31,2,34
22378,31,3,36
22379,31,3,36
22380,31,2,35
22381,31,3,36
22382,31,3,34
22383,31,3,35
22384,31,3,35
22385,31,3,35
22386,21,2,36
22387,21,3,35
22388,31,3,35
22389,31,3,35
22390,31,3,35
22391,41,4,35
22392,41,4,35
22393,41,4,35
22394,41,4,35
22395,41,3,36
22396,41,4,36
22397,41,5,36
22398,41,4,35
22399,41,5,35
22400,41,4,36
22401,41,4,36
22402,41,4,35
22403,41,4,35
22404,41,4,35
22405,31,3,35
22406,31,3,34
22407,31,3,34
22408,31,3,35
22409,31,3,35
22410,31,3,34
22411,31,3,34
22412,31,2,36
22413,31,3,36
22414,31,3,35
22415,31,3,35
22416,31,3,34
22417,31,3,36
22418,31,2,35
22419,41,4,36
22420,41,4,36
22421,41,4,36
22422,41,4,35
22423,41,4,36
22424,41,4,35
22425,41,4,36
22426,41,4,36
22427,41,4,35
22428,41,4,35
22429,41,4,36
22430,41,4,35
22431,41,3,36
22432,41,4,35
22433,31,4,37
22434,41,4,36
22435,41,4,35
22436,41,4,36
22437,41,4,36
22438,31,3,35
22439,31,3,35
22440,31,3,35
22441,31,3,35
22442,31,3,35
22443,31,3,35
22444,31,3,35
22445,31,3,34
22446,31,3,34
22447,31,3,35
22448,31,3,35
22449,31,3,34
22450,31,3,34
22451,31,3,34
22452,31,3,36
22453,41,4,36
22454,41,5,36
22455,41,4,36
22456,41,4,36
22457,31,3,35
22458,31,3,35
22459,31,4,36
22460,21,3,35
22461,21,3,35
22462,31,3,35
22463,31,3,35
22464,31,3,35
22465,31,3,34
22466,31,4,34
22467,31,3,35
22468,31,3,35
22469,31,2,34
22470,31,3,35
22471,31,3,35
22472,41,5,36
22473,41,4,37
22474,31,3,35
22475,31,3,36
22476,31,3,36
22477,31,2,34
22478,31,4,35
22479,31,4,36
22480,41,4,36
22481,41,4,35
22482,41,4,35
22483,41,4,35
22484,41,4,36
22485,41,4,35
22486,41,4,35
22487,41,4,35
22488,41,4,35
22489,41,4,37
22490,41,4,36
22491,41,4,35
22492,41,4,35
22493,41,4,35
22494,31,3,35
22495,31,3,35
22496,31,3,35
22497,31,3,36
22498,41,4,36
22499,31,4,36
22500,41,4,36
22501,31,3,35
22502,31,3,35
22503,31,3,34
22504,31,2,35
22505,31,2,35
22506,31,3,35
22507,31,3,35
22508,21,3,35
22509,31,2,35
22510,21,3,35
22511,21,3,35
22512,31,3,35
22513,31,3,35
22514,31,3,35
22515,31,2,36
22516,41,3,36
22517,31,3,36
22518,41,4,35
22519,41,4,36
22520,31,3,35
22521,41,4,37
22522,41,4,37
22523,41,4,37
22524,31,4,36
22525,41,4,36
22526,41,3,36
22527,31,3,36
22528,41,4,36
22529,41,3,36
22530,41,3,36
22531,41,4,36
22532,41,4,36
22533,41,4,35
22534,41,4,35
22535,41,4,35
22536,41,4,36
22537,41,4,35
22538,41,4,36
22539,41,4,35
22540,41,4,35
22541,31,4,34
22542,41,4,36
22543,31,3,34
22544,41,4,35
22545,31,4,36
22546,41,3,35
22547,41,4,35
22548,41,4,35
22549,41,4,35
22550,31,5,35
22551,31,4,35
22552,31,3,35
22553,31,4,36
22554,31,4,36
22555,31,4,36
22556,31,3,36
22557,31,4,36
22558,31,4,35
22559,31,4,34
22560,31,4,36
22561,31,4,35
22562,31,3,35
22563,31,4,35
22564,31,4,35
22565,31,4,36
22566,31,4,36
22567,31,4,36
22568,31,4,36
22569,31,4,36
22570,31,3,36
22571,31,4,36
22572,31,4,36
22573,31,4,36
22574,31,4,36
22575,31,4,37
22576,31,3,37
22577,31,3,36
22578,31,4,36
22579,31,4,37
22580,31,4,37
22581,31,4,37
22582,31,4,36
22583,31,4,36
22584,31,3,35
22585,41,4,35
22586,31,4,36
22587,31,4,35
22588,41,4,36
22589,31,4,34
22590,31,3,35
22591,31,3,35
22592,31,4,36
22593,31,4,35
22594,41,4,34
22595,41,4,35
22596,31,4,34
22597,41,4,35
22598,31,4,36
22599,31,4,35
22600,31,3,36
22601,31,4,34
22602,31,3,36
22603,31,4,35
22604,31,4,35
22605,41,4,36
22606,31,4,36
22607,31,4,35
22608,31,4,34
22609,31,4,35
22610,31,3,36
22611,31,3,35
22612,31,3,36
22613,41,4,36
22614,31,4,36
22615,31,4,36
22616,31,4,35
22617,31,4,36
22618,31,4,35
22619,31,4,35
22620,31,4,36
22621,31,4,36
22622,31,4,35
22623,31,4,35
22624,31,4,35
22625,31,4,36
22626,31,4,37
22627,31,4,36
22628,41,4,36
22629,31,4,36
22630,41,4,36
22631,41,4,37
22632,31,4,37
22633,41,4,37
22634,31,4,37
22635,31,4,36
22636,41,4,36
22637,41,4,36
22638,41,4,36
22639,31,4,36
22640,41,4,36
22641,31,4,35
22642,31,3,36
22643,31,3,35
22644,31,3,35
22645,31,4,35
22646,41,4,37
22647,41,5,36
22648,41,4,36
22649,41,5,35
22650,41,4,37
22651,41,4,36
22652,31,4,36
22653,41,5,36
22654,41,4,35
22655,31,4,36
22656,31,4,35
22657,31,4,35
22658,31,4,36
22659,31,5,35
22660,31,4,36
22661,31,4,34
22662,31,4,35
22663,41,4,37
22664,31,4,36
22665,31,4,36
22666,31,4,35
22667,21,3,35
22668,21,2,35
22669,21,2,35
22670,21,2,35
22671,21,3,34
22672,21,3,34
22673,21,2,34
22674,21,2,36
22675,21,2,35
22676,21,3,35
22677,21,2,36
22678,21,2,34
22679,21,3,34
22680,21,3,35
22681,31,3,36
22682,31,4,36
22683,41,4,35
22684,41,4,35
22685,31,4,36
22686,31,4,34
22687,31,4,36
22688,31,5,35
22689,31,4,36
22690,31,3,36
22691,31,5,36
22692,31,4,35
22693,31,3,36
22694,31,4,36
22695,31,4,35
22696,31,4,36
22697,31,4,36
22698,31,3,36
22699,31,3,36
22700,31,3,37
22701,31,4,35
22702,31,3,36
22703,31,3,36
22704,31,3,37
22705,31,3,36
22706,31,4,36
22707,31,4,36
22708,31,3,36
22709,31,3,36
22710,31,3,36
22711,31,3,36
22712,31,3,36
22713,31,3,36
22714,31,3,36
22715,31,3,36
22716,31,3,36
22717,31,3,35
22718,31,3,35
22719,31,2,35
22720,31,3,36
22721,31,3,36
22722,31,3,36
22723,31,3,36
22724,31,3,36
22725,31,3,36
22726,31,2,35
22727,31,2,36
22728,31,2,36
22729,31,2,35
22730,21,2,36
22731,31,3,35
22732,31,2,35
22733,31,2,36
22734,21,2,35
22735,21,2,36
22736,21,2,35
22737,31,3,36
22738,31,3,35
22739,43,5,37
22740,31,3,36
22741,31,3,35
22742,31,3,36
22743,31,3,37
22744,31,4,36
22745,31,4,36
22746,31,4,36
22747,31,4,37
22748,31,4,36
22749,31,4,36
22750,31,4,35
22751,31,3,35
22752,43,5,36
22753,31,3,35
22754,31,3,36
22755,31,3,36
22756,31,3,36
22757,31,4,35
22758,31,3,37
22759,31,3,36
22760,31,3,36
22761,31,3,36
22762,31,2,35
22763,31,3,37
22764,31,3,37
22765,31,3,35
22766,31,3,37
22767,21,3,36
22768,21,3,36
22769,31,3,34
22770,31,3,35
22771,21,3,36
22772,21,3,35
22773,31,2,35
22774,21,2,35
22775,21,3,36
22776,21,2,35
22777,21,3,36
22778,21,3,35
22779,21,3,35
22780,31,3,35
22781,31,4,36
22782,31,4,36
22783,31,3,36
22784,31,5,35
22785,31,4,36
22786,31,3,35
22787,31,4,37
22788,31,4,35
22789,31,3,35
22790,31,4,36
22791,31,4,36
22792,31,3,36
22793,31,4,35
22794,31,3,36
22795,31,4,35
22796,31,4,35
22797,31,4,37
22798,31,4,36
22799,31,4,35
22800,31,4,35
22801,31,4,36
22802,31,4,36
22803,31,4,37
22804,31,4,36
22805,31,4,36
22806,31,4,36
22807,31,4,37
22808,31,4,36
22809,31,4,37
22810,31,3,36
22811,31,3,37
22812,31,3,36
22813,31,3,36
22814,31,3,36
22815,31,4,35
22816,31,3,37
22817,31,3,35
22818,31,3,36
22819,21,3,36
22820,21,2,35
22821,31,4,36
22822,31,4,36
22823,31,4,36
22824,41,4,36
22825,41,4,36
22826,31,4,35
22827,41,3,36
22828,31,4,36
22829,31,4,36
22830,31,4,36
22831,31,4,36
22832,31,4,36
22833,31,4,36
22834,31,4,37
22835,31,4,36
22836,31,3,35
22837,31,4,36
22838,31,4,35
22839,31,3,37
22840,31,4,35
22841,31,4,36
22842,31,3,37
22843,31,4,36
22844,31,4,37
22845,31,3,35
22846,31,4,35
22847,31,3,36
22848,31,3,35
22849,31,3,35
22850,31,4,35
22851,31,3,37
22852,41,5,36
22853,41,4,35
22854,41,4,36
22855,41,4,36
22856,31,4,35
22857,41,5,36
22858,41,4,35
22859,41,4,36
22860,41,4,36
22861,41,4,35
22862,41,4,36
22863,41,5,36
22864,41,5,36
22865,41,4,36
22866,41,5,36
22867,41,5,36
22868,31,4,36
22869,31,4,35
22870,31,4,35
22871,31,3,36
22872,31,3,35
22873,31,4,35
22874,31,3,35
22875,31,4,35
22876,31,3,36
22877,31,3,35
22878,31,3,36
22879,31,4,35
22880,31,4,36
22881,31,4,37
22882,31,4,35
22883,31,4,36
22884,31,4,35
22885,31,4,35
22886,31,4,34
22887,31,4,35
22888,31,4,35
22889,31,4,36
22890,31,4,36
22891,31,3,36
22892,31,4,36
22893,31,4,35
22894,31,3,36
22895,31,4,37
22896,31,3,36
22897,31,4,35
22898,31,4,36
22899,31,3,35
22900,31,4,35
22901,31,4,36
22902,31,4,36
22903,31,4,36
22904,31,4,36
22905,31,4,35
22906,31,4,36
22907,31,4,36
22908,31,4,36
22909,31,4,35
22910,41,4,36
22911,31,5,36
22912,31,4,36
22913,31,4,36
22914,31,4,36
22915,31,4,36
22916,31,4,36
22917,41,5,35
22918,41,5,36
22919,31,4,36
22920,31,4,37
22921,41,4,36
22922,31,4,36
22923,31,5,36
22924,31,4,35
22925,31,3,36
22926,31,3,35
22927,31,4,35
22928,31,2,35
22929,31,3,37
22930,31,3,35
22931,41,3,37
22932,41,3,37
22933,41,4,36
22934,41,4,37
22935,41,4,37
22936,41,3,36
22937,41,4,36
22938,31,3,36
22939,41,4,37
22940,31,4,36
22941,31,6,37
22942,31,5,37
22943,31,5,37
22944,41,4,39
22945,41,3,37
22946,51,6,35
22947,51,4,37
22948,51,5,37
22949,51,5,36
22950,51,4,37
22951,51,4,37
22952,41,3,36
22953,41,3,36
22954,41,3,36
22955,41,3,36
22956,41,3,36
22957,41,4,36
22958,41,3,36
22959,41,3,35
22960,31,3,36
22961,31,3,36
22962,31,3,37
22963,41,3,36
22964,41,3,36
22965,41,3,36
22966,31,3,36
22967,41,3,36
22968,41,3,36
22969,41,3,38
22970,41,3,37
22971,41,4,37
22972,41,3,36
22973,41,3,35
22974,41,3,36
22975,41,3,37
22976,41,3,35
22977,41,4,36
22978,41,3,37
22979,41,3,35
22980,41,5,36
22981,41,3,36
22982,41,3,36
22983,41,3,36
22984,41,3,37
22985,41,4,35
22986,41,3,36
22987,41,3,36
22988,41,3,36
22989,41,3,36
22990,41,3,37
22991,41,3,36
22992,41,3,36
22993,41,3,35
22994,41,3,35
22995,41,3,36
22996,41,3,37
22997,41,3,35
22998,41,3,37
22999,41,4,35
23000,41,4,38
23001,41,5,37
23002,41,4,37
23003,41,4,37
23004,41,4,37
23005,41,4,37
23006,41,5,37
23007,41,4,37
23008,41,5,36
23009,41,5,36
23010,41,4,35
23011,41,4,35
23012,41,4,35
23013,41,4,35
23014,41,3,35
23015,31,3,35
23016,41,4,35
23017,41,5,35
23018,41,4,35
23019,41,4,35
23020,41,4,35
23021,41,4,35
23022,41,4,38
23023,41,4,37
23024,41,3,37
23025,41,4,38
23026,41,4,37
23027,41,4,37
23028,41,4,37
23029,41,4,38
23030,41,4,38
23031,41,4,37
23032,41,3,37
23033,41,4,37
23034,41,3,37
23035,41,4,37
23036,41,3,38
23037,41,4,37
23038,41,3,37
23039,41,4,37
23040,41,4,37
23041,41,4,35
23042,41,4,35
23043,41,4,36
23044,41,3,36
23045,41,3,36
23046,41,3,35
23047,41,4,36
23048,41,4,36
23049,41,4,36
23050,41,4,35
23051,41,4,36
23052,41,4,36
23053,41,4,36
23054,41,4,36
23055,41,4,36
23056,41,4,36
23057,41,4,37
23058,41,4,37
23059,41,4,37
23060,41,4,37
23061,41,3,37
23062,41,3,37
23063,31,3,37
23064,41,3,36
23065,41,5,35
23066,41,5,36
23067,41,5,36
23068,41,5,36
23069,41,5,36
23070,41,5,35
23071,41,5,35
23072,41,5,36
23073,41,5,35
23074,41,5,36
23075,41,5,35
23076,41,4,35
23077,41,5,35
23078,31,3,37
23079,31,3,37
23080,41,3,36
23081,41,6,36
23082,41,4,36
23083,41,4,36
23084,41,5,35
23085,41,6,36
23086,41,4,35
23087,41,4,35
23088,41,4,34
23089,41,4,35
23090,41,4,35
23091,41,4,35
23092,41,4,35
23093,31,4,35
23094,41,3,35
23095,41,3,34
23096,41,4,35
23097,31,3,35
23098,31,3,35
23099,41,3,35
23100,31,4,35
23101,31,3,35
23102,31,4,35
23103,41,4,35
23104,41,3,35
23105,31,3,35
23106,31,3,35
23107,41,3,34
23108,41,3,35
23109,31,3,35
23110,41,4,35
23111,41,4,35
23112,41,4,35
23113,31,4,35
23114,41,4,34
23115,41,4,35
23116,41,3,35
23117,41,3,34
23118,41,3,35
23119,41,3,34
23120,41,3,34
23121,41,3,34
23122,41,3,35
23123,41,3,34
23124,41,3,35
23125,31,3,34
23126,41,3,35
23127,41,4,35
23128,31,4,36
23129,41,4,36
23130,41,4,35
23131,41,4,35
23132,41,4,35
23133,41,5,37
23134,41,5,37
23135,41,5,37
23136,41,5,37
23137,41,4,35
23138,41,4,35
23139,41,4,36
23140,41,4,35
23141,41,4,36
23142,41,4,36
23143,41,4,36
23144,41,4,36
23145,41,5,36
23146,41,5,36
23147,41,5,36
23148,41,5,36
23149,41,5,36
23150,41,5,36
23151,41,5,36
23152,41,5,36
23153,41,4,35
23154,41,5,36
23155,41,4,35
23156,41,5,36
23157,41,5,36
23158,41,5,37
23159,41,4,36
23160,41,4,36
23161,41,5,36
23162,41,5,36
23163,41,5,36
23164,41,5,36
23165,41,5,37
23166,41,5,36
23167,41,4,37
23168,41,4,35
23169,41,4,35
23170,41,4,35
23171,41,4,35
23172,41,3,35
23173,41,4,35
23174,41,4,35
23175,41,4,35
23176,41,4,35
23177,41,4,34
23178,41,3,35
23179,41,3,35
23180,41,3,35
23181,41,5,37
23182,41,5,36
23183,41,4,35
23184,41,5,36
23185,41,5,35
23186,41,5,35
23187,41,4,34
23188,41,4,35
23189,41,4,36
23190,41,5,36
23191,41,4,36
23192,41,4,36
23193,41,4,36
23194,41,4,36
23195,41,4,36
23196,41,5,36
23197,51,3,33
23198,41,4,35
23199,41,5,36
23200,41,5,36
23201,41,4,36
23202,41,5,36
23203,41,5,36
23204,41,5,36
23205,41,6,37
23206,41,4,35
23207,31,4,35
23208,41,4,34
23209,41,4,34
23210,31,4,35
23211,41,6,36
23212,41,4,35
23213,41,4,35
23214,41,6,37
23215,41,6,37
23216,41,6,38
23217,41,4,36
23218,41,5,37
23219,41,4,36
23220,41,4,35
23221,31,3,38
23222,31,3,38
23223,41,3,38
23224,41,4,37
23225,41,4,38
23226,41,4,38
23227,41,5,36
23228,41,5,38
23229,41,5,37
23230,31,5,37
23231,41,4,35
23232,41,4,35
23233,31,3,36
23234,31,4,35
23235,41,4,35
23236,31,5,36
23237,31,3,37
23238,31,3,37
23239,31,3,36
23240,41,4,35
23241,41,4,35
23242,41,4,35
23243,41,4,35
23244,31,3,37
23245,31,3,37
23246,31,3,36
23247,31,3,36
23248,31,3,36
23249,31,3,37
23250,31,3,36
23251,31,4,35
23252,31,3,36
23253,31,3,36
23254,41,4,37
23255,41,4,36
23256,31,3,37
23257,31,3,36
23258,31,4,36
23259,41,4,35
23260,41,3,35
23261,31,4,36
23262,31,3,36
23263,31,3,37
23264,31,4,35
23265,31,3,36
23266,41,4,36
23267,31,4,36
23268,31,4,35
23269,31,4,36
23270,31,4,36
23271,31,4,36
23272,31,4,36
23273,41,3,37
23274,41,3,37
23275,41,3,37
23276,41,4,35
23277,41,3,36
23278,41,4,35
23279,41,4,35
23280,41,4,34
23281,41,4,35
23282,41,4,36
23283,41,4,35
23284,41,4,34
23285,41,4,34
23286,41,3,34
23287,41,4,35
23288,41,4,35
23289,41,4,34
23290,41,4,35
23291,41,4,35
23292,41,4,35
23293,31,3,36
23294,41,3,35
23295,41,4,36
23296,41,4,35
23297,41,4,35
23298,41,4,37
23299,31,4,35
23300,31,3,36
23301,31,3,35
23302,31,3,36
23303,41,4,35
23304,31,4,35
23305,31,3,35
23306,31,4,35
23307,41,4,36
23308,41,4,36
23309,41,4,36
23310,41,4,35
23311,41,4,36
23312,41,4,35
23313,41,5,36
23314,41,3,37
23315,41,4,37
23316,41,3,37
23317,41,3,37
23318,31,3,37
23319,31,3,37
23320,41,4,37
23321,41,3,38
23322,31,5,38
23323,41,4,37
23324,41,4,37
23325,31,4,35
23326,41,3,37
23327,41,4,37
23328,41,5,37
23329,41,5,37
23330,41,4,37
23331,41,5,37
23332,41,3,37
23333,41,4,37
23334,41,3,37
23335,41,5,37
23336,31,3,36
23337,31,4,36
23338,31,3,37
23339,41,4,37
23340,41,3,38
23341,41,4,38
23342,31,3,36
23343,41,3,39
23344,41,5,36
23345,41,3,37
23346,41,3,37
23347,41,4,38
23348,41,4,37
23349,41,3,38
23350,41,4,37
23351,41,3,37
23352,31,4,37
23353,41,5,37
23354,41,3,38
23355,41,3,38
23356,41,4,37
23357,41,4,38
23358,41,4,37
23359,41,4,37
23360,41,5,38
23361,41,5,37
23362,41,4,38
23363,41,4,38
23364,41,4,38
23365,41,4,37
23366,41,4,38
23367,41,4,37
23368,41,4,37
23369,41,4,37
23370,41,3,37
23371,41,4,37
23372,31,4,37
23373,41,4,36
23374,41,4,36
23375,41,4,36
23376,41,4,36
23377,41,3,36
23378,41,4,37
23379,41,4,36
23380,41,4,36
23381,41,4,36
23382,41,4,35
23383,41,4,36
23384,41,4,36
23385,41,3,36
23386,41,3,35
23387,31,3,36
23388,41,4,37
23389,41,4,36
23390,31,3,35
23391,41,3,36
23392,41,3,35
23393,41,4,36
23394,41,4,36
23395,41,4,37
23396,41,4,35
23397,41,4,36
23398,41,4,36
23399,41,4,36
23400,41,3,36
23401,41,4,35
23402,41,4,36
23403,41,4,35
23404,41,3,36
23405,41,3,36
23406,41,3,36
23407,41,3,36
23408,41,4,36
23409,41,4,36
23410,41,4,36
23411,41,4,35
23412,41,4,37
23413,41,4,36
23414,41,3,34
23415,41,4,35
23416,41,4,36
23417,41,4,35
23418,41,3,37
23419,41,4,35
23420,41,4,36
23421,41,4,35
23422,41,3,37
23423,41,4,36
23424,41,4,36
23425,41,4,36
23426,41,4,36
23427,41,4,37
23428,41,3,37
23429,41,4,37
23430,41,4,36
23431,41,4,35
23432,41,5,35
23433,41,4,36
23434,41,4,35
23435,41,5,35
23436,41,4,36
23437,41,4,35
23438,41,4,35
23439,41,4,36
23440,41,4,36
23441,41,4,36
23442,41,4,35
23443,41,4,35
23444,41,5,35
23445,41,4,36
23446,41,4,35
23447,41,5,35
23448,41,4,35
23449,41,4,35
23450,41,4,34
23451,41,4,34
23452,41,3,34
23453,41,4,34
23454,41,3,35
23455,41,3,35
23456,41,3,36
23457,41,3,36
23458,41,4,36
23459,31,3,35
23460,31,4,35
23461,41,3,35
23462,41,3,35
23463,31,3,36
23464,41,3,36
23465,41,3,36
23466,41,3,37
23467,41,4,38
23468,41,3,37
23469,41,4,37
23470,41,4,37
23471,41,3,36
23472,41,4,37
23473,41,4,37
23474,41,4,36
23475,41,4,37
23476,41,4,38
23477,31,3,38
23478,31,3,37
23479,31,3,36
23480,31,3,37
23481,31,3,38
23482,41,3,37
23483,41,4,36
23484,31,3,37
23485,31,3,37
23486,41,3,34
23487,41,3,34
23488,41,4,35
23489,41,5,34
23490,41,4,35
23491,41,5,35
23492,41,4,34
23493,41,4,35
23494,41,4,35
23495,41,4,34
23496,41,4,35
23497,41,4,35
23498,41,4,35
23499,41,4,34
23500,41,4,34
23501,41,4,34
23502,41,4,35
23503,41,4,35
23504,41,4,35
23505,41,4,34
23506,41,4,35
23507,41,3,35
23508,41,4,35
23509,41,3,35
23510,31,4,35
23511,41,3,34
23512,41,3,35
23513,41,4,35
23514,41,4,35
23515,41,4,35
23516,41,4,35
23517,41,4,35
23518,41,5,34
23519,41,4,35
23520,41,4,35
23521,41,5,35
23522,41,5,36
23523,41,5,35
23524,41,4,35
23525,41,5,35
23526,41,4,34
23527,41,3,37
23528,41,5,34
23529,41,4,35
23530,41,4,35
23531,41,5,35
23532,41,5,36
23533,41,4,34
23534,41,4,35
23535,41,4,35
23536,41,4,35
23537,41,4,35
23538,41,4,35
23539,41,4,35
23540,41,4,34
23541,41,4,35
23542,31,4,36
23543,41,5,36
23544,41,4,36
23545,31,3,35
23546,41,4,36
23547,31,3,35
23548,31,3,35
23549,41,4,36
23550,31,3,35
23551,41,3,35
23552,41,3,37
23553,41,4,36
23554,41,3,37
23555,41,3,37
23556,41,3,37
23557,41,3,35
23558,41,3,37
23559,31,3,35
23560,31,3,35
23561,31,3,35
23562,41,3,37
23563,41,4,38
23564,41,4,37
23565,41,4,38
23566,41,4,38
23567,41,4,37
23568,31,3,35
23569,41,3,37
23570,41,2,37
23571,41,3,37
23572,31,3,35
23573,41,4,36
23574,41,4,36
23575,41,4,36
23576,41,5,35
23577,41,4,36
23578,41,4,36
23579,41,4,36
23580,41,3,35
23581,41,4,34
23582,41,3,35
23583,41,4,35
23584,41,4,35
23585,41,4,35
23586,41,4,35
23587,41,5,36
23588,41,4,35
23589,41,4,35
23590,41,4,34
23591,41,4,35
23592,41,3,37
23593,41,3,37
23594,41,3,37
23595,31,4,38
23596,41,3,37
23597,31,4,38
23598,31,4,37
23599,41,3,37
23600,41,3,37
23601,41,3,36
23602,41,3,37
23603,41,3,38
23604,31,4,37
23605,41,4,37
23606,31,4,37
23607,31,4,37
23608,41,4,37
23609,31,4,38
23610,41,4,37
23611,41,3,37
23612,41,4,37
23613,41,3,38
23614,41,3,37
23615,41,4,37
23616,41,3,38
23617,31,4,37
23618,41,3,38
23619,41,3,36
23620,41,4,37
23621,41,3,37
23622,41,3,37
23623,31,4,37
23624,31,4,37
23625,41,4,37
23626,41,3,36
23627,31,4,36
23628,41,3,37
23629,41,4,36
23630,41,3,37
23631,31,3,36
23632,31,3,36
23633,41,4,36
23634,41,4,37
23635,41,3,38
23636,41,3,37
23637,41,4,38
23638,31,4,37
23639,31,4,37
23640,41,4,37
23641,41,4,37
23642,31,4,37
23643,31,4,37
23644,31,4,37
23645,41,3,36
23646,31,4,38
23647,31,4,37
23648,31,4,37
23649,31,3,36
23650,41,3,37
23651,41,4,35
23652,41,3,37
23653,31,4,37
23654,31,4,37
23655,41,5,35
23656,41,3,37
23657,41,3,36
23658,41,3,37
23659,41,3,37
23660,41,3,37
23661,41,3,37
23662,41,3,37
23663,41,4,37
23664,31,4,37
23665,31,4,37
23666,41,5,37
23667,31,4,37
23668,41,4,37
23669,31,3,37
23670,31,3,37
23671,31,3,37
23672,31,3,37
23673,31,3,38
23674,41,3,37
23675,31,3,37
23676,41,3,38
23677,41,3,38
23678,31,3,37
23679,31,3,37
23680,31,3,37
23681,31,3,37
23682,31,3,36
23683,31,3,37
23684,31,3,37
23685,31,3,37
23686,31,2,37
23687,31,3,37
23688,31,3,37
23689,31,3,37
23690,31,3,37
23691,31,3,37
23692,31,3,36
23693,31,3,37
23694,31,3,37
23695,31,3,37
23696,31,3,37
23697,31,3,36
23698,31,3,36
23699,31,3,37
23700,31,3,37
23701,41,4,37
23702,31,3,37
23703,31,3,38
23704,31,3,36
23705,41,3,36
23706,41,4,35
23707,41,4,36
23708,31,3,36
23709,31,3,37
23710,31,3,37
23711,31,3,36
23712,31,3,38
23713,31,3,37
23714,31,3,38
23715,31,3,36
23716,31,3,37
23717,31,3,37
23718,31,3,37
23719,31,3,37
23720,31,3,37
23721,31,3,37
23722,31,3,38
23723,31,4,37
23724,31,4,37
23725,31,3,37
23726,31,4,37
23727,31,3,37
23728,41,4,37
23729,31,3,36
23730,31,3,37
23731,31,3,38
23732,31,3,37
23733,31,3,38
23734,31,3,37
23735,31,3,37
23736,31,3,37
23737,31,3,37
23738,31,3,37
23739,31,3,37
23740,31,4,36
23741,31,3,37
23742,31,3,37
23743,31,3,37
23744,31,3,37
23745,31,3,38
23746,31,3,37
23747,31,3,36
23748,31,3,37
23749,31,3,37
23750,31,3,38
23751,31,3,38
23752,31,2,37
23753,31,3,37
23754,31,3,37
23755,41,3,37
23756,31,2,38
23757,31,4,36
23758,31,4,36
23759,31,4,36
23760,31,4,36
23761,31,4,36
23762,31,4,36
23763,31,4,36
23764,31,4,36
23765,31,4,35
23766,31,4,36
23767,31,4,36
23768,31,3,36
23769,31,4,36
23770,31,3,36
23771,31,3,36
23772,31,4,36
23773,31,4,37
23774,31,3,36
23775,31,4,36
23776,31,4,37
23777,31,4,36
23778,31,4,36
23779,31,4,35
23780,31,3,36
23781,31,3,36
23782,31,3,36
23783,31,3,36
23784,31,3,35
23785,31,4,36
23786,31,3,36
23787,31,3,35
23788,31,3,36
23789,31,4,35
23790,31,3,36
23791,31,3,35
23792,41,4,35
23793,41,4,34
23794,31,5,35
23795,31,4,36
23796,31,4,37
23797,31,4,35
23798,31,4,36
23799,31,4,36
23800,31,4,34
23801,31,4,36
23802,31,4,35
23803,41,4,35
23804,31,4,36
23805,41,4,36
23806,41,5,36
23807,41,5,36
23808,41,5,35
23809,41,4,34
23810,41,4,35
23811,41,4,36
23812,41,4,36
23813,41,4,36
23814,41,4,35
23815,41,5,36
23816,41,5,36
23817,41,4,37
23818,31,3,36
23819,31,4,36
23820,31,4,35
23821,31,4,36
23822,31,4,36
23823,31,4,36
23824,31,4,36
23825,31,4,36
23826,31,4,36
23827,31,4,36
23828,31,4,37
23829,31,3,37
23830,31,4,37
23831,41,4,37
23832,31,4,36
23833,31,4,36
23834,31,4,36
23835,31,5,37
23836,31,4,36
23837,31,4,36
23838,31,3,36
23839,31,4,35
23840,31,4,36
23841,31,4,36
23842,31,4,36
23843,41,4,36
23844,31,4,36
23845,31,3,36
23846,31,3,36
23847,31,3,36
23848,31,4,37
23849,31,4,37
23850,31,4,35
23851,31,4,36
23852,31,4,36
23853,31,4,36
23854,31,4,36
23855,31,3,35
23856,31,4,36
23857,31,4,35
23858,31,3,35
23859,31,3,36
23860,31,3,36
23861,31,3,36
23862,31,3,36
23863,31,3,37
23864,41,5,35
23865,41,4,36
23866,41,4,36
23867,41,4,36
23868,41,4,37
23869,41,4,36
23870,41,4,37
23871,41,4,36
23872,41,4,36
23873,41,4,37
23874,41,4,37
23875,41,3,36
23876,41,5,36
23877,41,4,37
23878,41,5,36
23879,41,5,37
23880,41,4,36
23881,41,5,37
23882,41,4,37
23883,41,5,37
23884,41,5,36
23885,41,4,36
23886,41,4,36
23887,41,4,37
23888,41,4,36
23889,31,4,36
23890,31,4,37
23891,41,4,38
23892,41,4,37
23893,41,5,37
23894,31,4,37
23895,41,4,36
23896,41,4,36
23897,31,4,36
23898,41,4,36
23899,41,4,37
23900,41,4,36
23901,41,5,37
23902,41,5,37
23903,41,4,36
23904,41,5,35
23905,41,4,36
23906,41,4,36
23907,41,4,36
23908,41,4,35
23909,41,5,36
23910,41,4,37
23911,41,4,36
23912,41,4,36
23913,41,4,36
23914,41,3,35
23915,41,3,36
23916,41,3,36
23917,41,3,35
23918,41,4,35
23919,41,4,35
23920,41,4,36
23921,41,3,35
23922,41,3,35
23923,41,4,35
23924,41,4,36
23925,41,4,35
23926,41,4,36
23927,41,4,36
23928,41,6,35
23929,41,4,36
23930,41,4,36
23931,41,4,37
23932,41,4,36
23933,41,4,37
23934,41,4,36
23935,41,4,36
23936,41,5,37
23937,41,4,36
23938,41,4,37
23939,41,4,37
23940,41,4,36
23941,31,3,36
23942,41,4,36
23943,41,4,35
23944,41,4,36
23945,41,4,35
23946,41,4,36
23947,41,4,37
23948,41,4,36
23949,41,4,36
23950,41,4,37
23951,41,4,37
23952,41,4,36
23953,41,4,37
23954,41,4,34
23955,41,3,34
23956,41,3,34
23957,41,3,36
23958,41,3,36
23959,31,3,34
23960,41,3,34
23961,51,5,37
23962,41,4,37
23963,41,4,37
23964,41,4,37
23965,31,4,35
23966,31,4,35
23967,41,4,36
23968,41,3,36
23969,41,4,36
23970,41,4,35
23971,41,4,35
23972,41,4,37
23973,41,4,36
23974,41,4,37
23975,41,4,36
23976,41,4,36
23977,41,4,36
23978,41,4,36
23979,41,4,35
23980,41,4,36
23981,41,4,36
23982,41,4,36
23983,41,4,35
23984,41,4,36
23985,41,4,36
23986,41,4,35
23987,41,4,36
23988,41,4,36
23989,41,4,36
23990,41,4,36
23991,41,4,36
23992,41,4,36
23993,41,4,36
23994,41,4,35
23995,41,4,36
23996,41,4,36
23997,41,4,36
23998,41,4,36
23999,41,4,36
24000,41,3,38
24001,41,3,38
24002,41,4,37
24003,41,3,37
24004,41,4,37
24005,41,4,36
24006,31,3,37
24007,31,3,37
24008,31,3,36
24009,31,3,36
24010,31,3,36
24011,31,3,36
24012,31,3,36
24013,31,3,36
24014,31,3,36
24015,31,4,35
24016,31,3,36
24017,31,3,35
24018,31,3,35
24019,31,3,35
24020,31,3,36
24021,31,3,35
24022,31,4,35
24023,31,4,35
24024,31,3,35
24025,31,3,36
24026,31,3,36
24027,31,3,36
24028,31,3,37
24029,31,3,37
24030,31,3,36
24031,31,3,36
24032,31,3,36
24033,31,3,36
24034,31,3,36
24035,31,3,36
24036,41,5,37
24037,41,5,38
24038,41,5,37
24039,31,3,38
24040,41,5,38
24041,41,4,37
24042,41,5,37
24043,41,5,38
24044,31,3,37
24045,41,3,36
24046,41,3,37
24047,41,5,38
24048,41,3,37
24049,41,4,37
24050,41,3,37
24051,41,4,36
24052,41,4,37
24053,41,4,37
24054,41,4,37
24055,31,3,37
24056,31,3,37
24057,41,5,36
24058,31,3,34
24059,31,2,35
24060,31,3,35
24061,31,3,35
24062,31,3,35
24063,31,3,37
24064,31,3,35
24065,31,3,37
24066,31,2,36
24067,31,3,35
24068,31,3,36
24069,31,3,35
24070,31,3,35
24071,31,3,36
24072,31,2,35
24073,31,3,35
24074,31,3,36
24075,31,2,36
24076,31,3,36
24077,31,3,36
24078,31,3,35
24079,31,3,35
24080,31,3,35
24081,31,3,35
24082,31,3,36
24083,31,3,36
24084,31,2,36
24085,31,3,36
24086,31,3,35
24087,31,3,35
24088,31,2,36
24089,31,3,36
24090,31,3,37
24091,31,3,36
24092,31,3,34
24093,31,3,36
24094,31,3,36
24095,31,2,36
24096,31,3,35
24097,31,3,36
24098,31,3,37
24099,31,3,36
24100,41,3,36
24101,31,3,36
24102,31,3,36
24103,31,4,36
24104,41,3,36
24105,31,4,36
24106,31,3,37
24107,31,4,35
24108,31,4,36
24109,31,4,36
24110,31,4,36
24111,31,4,36
24112,31,4,35
24113,31,3,35
24114,31,3,35
24115,31,4,36
24116,31,4,35
24117,31,4,37
24118,31,4,37
24119,31,3,36
24120,31,3,37
24121,31,3,37
24122,31,3,36
24123,31,3,37
24124,41,4,37
24125,31,3,37
24126,41,4,36
24127,41,4,36
24128,41,4,36
24129,31,4,36
24130,31,3,36
24131,41,4,37
24132,41,4,37
24133,41,4,36
24134,41,4,36
24135,41,4,36
24136,41,3,36
24137,41,4,36
24138,41,4,36
24139,41,4,36
24140,41,4,36
24141,41,4,36
24142,31,4,35
24143,41,3,36
24144,41,4,36
24145,41,4,36
24146,41,4,36
24147,41,4,35
24148,31,4,36
24149,41,4,36
24150,41,4,36
24151,31,4,36
24152,31,4,36
24153,31,4,37
24154,41,4,35
24155,31,4,36
24156,41,4,36
24157,31,4,35
24158,41,4,35
24159,41,4,35
24160,31,2,34
24161,31,4,36
24162,41,4,34
24163,41,5,35
24164,41,4,36
24165,41,4,35
24166,41,4,37
24167,41,4,36
24168,31,4,35
24169,41,4,35
24170,41,4,36
24171,31,3,35
24172,31,4,36
24173,41,4,35
24174,41,4,35
24175,41,4,38
24176,31,5,36
24177,41,6,35
24178,41,6,35
24179,41,6,34
24180,41,5,36
24181,41,5,35
24182,41,5,34
24183,41,6,34
24184,41,5,36
24185,41,5,36
24186,41,5,36
24187,41,4,36
24188,41,5,35
24189,41,5,35
24190,41,5,35
24191,41,5,35
24192,41,4,34
24193,31,4,34
24194,31,4,34
24195,41,4,37
24196,41,5,35
24197,41,5,33
24198,41,5,33
24199,41,4,34
24200,41,4,37
24201,41,3,34
24202,41,4,36
24203,31,4,34
24204,41,4,34
24205,41,4,36
24206,41,4,36
24207,41,4,36
24208,41,5,36
24209,41,5,35
24210,31,5,35
24211,41,4,33
24212,41,4,34
24213,41,5,34
24214,41,4,35
24215,31,3,36
24216,41,4,37
24217,41,4,37
24218,41,4,37
24219,41,5,37
24220,41,5,37
24221,41,4,37
24222,41,5,37
24223,41,4,37
24224,41,5,36
24225,41,4,37
24226,41,4,36
24227,41,4,36
24228,41,4,37
24229,41,4,36
24230,41,4,37
24231,41,5,36
24232,41,4,37
24233,41,4,36
24234,31,4,35
24235,31,4,35
24236,31,3,36
24237,31,4,35
24238,31,3,36
24239,31,3,36
24240,31,3,36
24241,41,4,36
24242,31,3,36
24243,31,5,37
24244,31,5,35
24245,31,3,36
24246,31,3,37
24247,31,3,35
24248,31,3,36
24249,31,3,37
24250,31,3,36
24251,31,3,37
24252,31,3,36
24253,31,3,36
24254,31,3,36
24255,31,3,36
24256,31,3,35
24257,31,3,36
24258,31,4,35
24259,41,4,36
24260,31,5,36
24261,31,4,35
24262,31,4,35
24263,41,5,35
24264,31,5,36
24265,31,5,36
24266,31,5,36
24267,41,4,36
24268,41,5,36
24269,31,5,36
24270,31,5,36
24271,31,4,35
24272,31,5,36
24273,31,5,35
24274,41,6,36
24275,31,5,36
24276,41,5,36
24277,31,3,36
24278,31,5,36
24279,41,4,36
24280,31,5,36
24281,41,5,35
24282,41,4,36
24283,41,5,36
24284,31,5,36
24285,31,5,35
24286,41,5,35
24287,31,6,37
24288,41,5,36
24289,31,5,36
24290,31,5,36
24291,31,3,36
24292,41,4,36
24293,41,4,36
24294,41,4,36
24295,41,4,36
24296,31,5,35
24297,31,4,35
24298,41,5,35
24299,41,5,36
24300,41,5,35
24301,41,5,36
24302,31,4,35
24303,41,5,35
24304,41,5,35
24305,41,5,37
24306,31,4,35
24307,41,4,37
24308,41,4,36
24309,41,5,35
24310,41,4,35
24311,41,5,36
24312,41,5,36
24313,41,4,36
24314,41,5,36
24315,41,4,36
24316,41,4,37
24317,41,4,38
24318,41,4,37
24319,41,4,37
24320,41,4,37
24321,41,4,36
24322,41,4,38
24323,41,5,36
24324,41,4,38
24325,41,4,37
24326,41,4,36
24327,41,4,37
24328,41,4,36
24329,31,4,35
24330,31,4,35
24331,31,4,34
24332,41,5,35
24333,31,5,34
24334,31,4,34
24335,31,4,35
24336,31,4,35
24337,31,4,34
24338,41,5,36
24339,41,4,36
24340,41,4,37
24341,41,3,36
24342,41,4,37
24343,41,4,36
24344,41,3,36
24345,41,3,36
24346,41,4,36
24347,41,4,37
24348,41,4,36
24349,41,4,36
24350,41,4,37
24351,41,4,37
24352,41,4,37
24353,41,5,35
24354,41,4,36
24355,41,5,36
24356,41,4,36
24357,41,5,36
24358,41,5,35
24359,41,5,36
24360,41,5,35
24361,41,4,36
24362,41,5,36
24363,41,5,35
24364,41,4,35
24365,41,5,34
24366,41,5,35
24367,41,5,36
24368,41,5,36
24369,41,5,36
24370,41,5,36
24371,41,5,35
24372,41,5,35
24373,41,5,36
24374,41,5,36
24375,41,5,36
24376,41,4,36
24377,41,5,36
24378,41,4,36
24379,41,3,37
24380,41,4,37
24381,41,4,37
24382,41,4,37
24383,41,4,36
24384,41,4,37
24385,41,4,37
24386,41,4,37
24387,41,4,37
24388,41,4,36
24389,41,4,36
24390,41,4,37
24391,41,5,37
24392,41,5,36
24393,41,5,35
24394,41,5,35
24395,31,5,35
24396,31,4,35
24397,41,4,36
24398,41,4,36
24399,41,5,35
24400,41,5,36
24401,31,5,35
24402,31,5,36
24403,31,5,35
24404,31,5,36
24405,31,5,34
24406,31,5,35
24407,31,5,35
24408,31,5,34
24409,31,5,35
24410,31,5,35
24411,41,5,35
24412,41,4,36
24413,31,5,35
24414,41,6,35
24415,41,6,36
24416,41,6,35
24417,41,6,35
24418,41,6,35
24419,41,6,37
24420,41,7,36
24421,41,7,36
24422,41,6,35
24423,41,6,35
24424,41,7,36
24425,41,6,34
24426,41,4,36
24427,41,4,36
24428,31,4,35
24429,41,3,36
24430,31,3,35
24431,31,4,35
24432,41,4,36
24433,31,4,35
24434,31,3,36
24435,31,4,35
24436,41,4,36
24437,41,4,36
24438,41,4,36
24439,41,5,35
24440,41,4,36
24441,41,4,36
24442,41,5,36
24443,41,4,36
24444,41,5,35
24445,41,3,36
24446,31,3,37
24447,41,4,36
24448,41,4,35
24449,41,4,36
24450,31,4,35
24451,41,4,36
24452,31,4,35
24453,31,4,35
24454,31,4,34
24455,31,4,35
24456,31,4,35
24457,31,5,35
24458,31,4,35
24459,31,4,35
24460,31,5,35
24461,31,4,35
24462,31,4,34
24463,31,4,34
24464,31,4,34
24465,31,4,35
24466,31,4,35
24467,41,4,37
24468,41,4,36
24469,41,4,36
24470,41,4,37
24471,41,4,36
24472,41,4,36
24473,41,4,36
24474,41,4,36
24475,41,4,37
24476,41,4,37
24477,41,4,36
24478,41,4,36
24479,41,4,36
24480,41,4,37
24481,41,4,37
24482,31,3,35
24483,41,5,36
24484,41,4,35
24485,41,4,34
24486,41,5,35
24487,41,5,36
24488,41,5,35
24489,41,4,36
24490,41,4,36
24491,41,5,36
24492,41,6,34
24493,41,4,35
24494,41,5,36
24495,41,4,36
24496,41,4,36
24497,41,4,36
24498,41,5,36
24499,41,5,36
24500,41,4,36
24501,41,4,36
24502,41,5,36
24503,41,5,36
24504,41,4,35
24505,41,6,36
24506,41,4,36
24507,41,4,36
24508,41,4,35
24509,41,5,33
24510,41,5,36
24511,41,4,34
24512,41,4,35
24513,41,4,35
24514,31,3,36
24515,41,3,35
24516,41,3,36
24517,31,3,36
24518,41,3,35
24519,41,4,36
24520,41,3,36
24521,31,4,35
24522,41,4,35
24523,41,4,36
24524,31,3,35
24525,31,3,35
24526,31,3,36
24527,31,3,36
24528,31,3,35
24529,31,3,36
24530,31,3,35
24531,31,3,35
24532,31,3,35
24533,31,4,35
24534,31,3,35
24535,31,3,35
24536,31,3,35
24537,31,4,35
24538,31,3,35
24539,31,4,35
24540,31,3,35
24541,31,3,35
24542,31,3,35
24543,31,3,35
24544,31,3,34
24545,31,4,35
24546,31,4,35
24547,31,3,36
24548,31,3,35
24549,31,4,35
24550,31,4,35
24551,41,4,35
24552,31,3,36
24553,31,3,36
24554,31,4,35
24555,31,3,35
24556,41,4,36
24557,41,4,35
24558,41,4,36
24559,31,3,36
24560,31,3,35
24561,31,3,34
24562,31,4,35
24563,31,3,35
24564,41,3,35
24565,31,3,35
24566,41,3,35
24567,31,5,36
24568,31,5,36
24569,41,4,36
24570,31,4,35
24571,31,4,35
24572,41,4,36
24573,41,4,36
24574,41,4,36
24575,31,4,36
24576,31,3,35
24577,31,4,36
24578,41,4,35
24579,31,4,36
24580,41,4,35
24581,31,4,35
24582,31,3,35
24583,31,4,36
24584,31,4,35
24585,31,4,36
24586,31,3,35
24587,41,3,35
24588,31,3,34
24589,31,3,36
24590,31,3,35
24591,31,3,36
24592,31,3,35
24593,31,4,35
24594,31,3,37
24595,31,4,35
24596,31,4,36
24597,31,3,36
24598,31,4,36
24599,41,4,36
24600,31,4,35
24601,31,4,36
24602,31,4,36
24603,41,4,36
24604,41,5,35
24605,31,5,35
24606,41,4,35
24607,31,3,36
24608,31,3,36
24609,31,4,36
24610,31,3,35
24611,31,3,36
24612,31,3,36
24613,31,4,36
24614,31,4,36
24615,31,3,36
24616,31,4,35
24617,31,4,36
24618,31,4,36
24619,31,4,35
24620,41,3,35
24621,41,4,35
24622,31,4,36
24623,31,4,36
24624,31,3,36
24625,31,4,35
24626,31,4,36
24627,31,4,35
24628,31,3,36
24629,41,4,36
24630,31,3,36
24631,31,3,36
24632,31,3,35
24633,31,4,36
24634,31,4,36
24635,31,4,36
24636,31,4,37
24637,31,3,35
24638,31,4,35
24639,31,4,36
24640,41,4,35
24641,31,3,36
24642,31,3,37
24643,31,3,36
24644,31,3,36
24645,31,3,35
24646,31,3,36
24647,31,3,36
24648,31,3,36
24649,43,4,37
24650,41,4,37
24651,31,4,37
24652,31,4,37
24653,31,4,37
24654,31,4,36
24655,31,4,37
24656,31,4,37
24657,31,3,37
24658,41,4,36
24659,31,4,37
24660,41,4,37
24661,31,3,37
24662,31,4,36
24663,31,3,36
24664,31,4,37
24665,31,4,36
24666,31,4,37
24667,31,4,37
24668,31,4,36
24669,31,3,36
24670,31,3,37
24671,31,3,36
24672,31,4,36
24673,31,4,37
24674,31,3,37
24675,31,3,38
24676,31,4,37
24677,31,3,37
24678,31,3,37
24679,31,3,37
24680,31,4,37
24681,31,4,38
24682,31,3,37
24683,31,4,36
24684,51,3,39
24685,51,2,38
24686,51,2,39
24687,51,3,39
24688,51,3,39
24689,51,3,39
24690,51,3,38
24691,51,3,38
24692,51,3,39
24693,51,3,38
24694,51,3,39
24695,51,3,39
24696,51,3,39
24697,51,3,38
24698,51,3,39
24699,51,3,39
24700,51,3,38
24701,51,3,39
24702,51,3,40
24703,51,3,39
24704,51,3,39
24705,51,3,39
24706,51,3,38
24707,51,3,38
24708,51,3,37
24709,51,2,38
24710,51,3,38
24711,51,3,38
24712,51,3,37
24713,51,2,38
24714,51,3,39
24715,51,3,38
24716,51,3,38
24717,51,3,38
24718,51,3,39
24719,51,3,38
24720,51,3,39
24721,51,3,38
24722,51,3,38
24723,51,3,39
24724,51,3,38
24725,51,3,39
24726,51,3,38
24727,51,3,38
24728,51,3,39
24729,51,4,39
24730,51,3,38
24731,51,3,39
24732,51,4,39
24733,51,3,39
24734,51,3,39
24735,51,4,39
24736,51,3,39
24737,51,3,39
24738,41,3,39
24739,41,3,38
24740,51,4,37
24741,41,5,38
24742,41,5,38
24743,41,5,39
24744,41,5,38
24745,41,5,38
24746,41,5,39
24747,41,5,37
24748,41,4,38
24749,41,4,39
24750,51,3,37
24751,43,3,37
24752,51,4,38
24753,41,4,38
24754,41,4,39
24755,51,4,38
24756,51,3,38
24757,41,3,40
24758,41,5,37
24759,41,5,38
24760,41,5,38
24761,41,5,37
24762,41,5,39
24763,41,5,38
24764,31,5,37
24765,31,5,39
24766,31,5,37
24767,31,5,38
24768,31,5,38
24769,31,5,38
24770,41,5,38
24771,31,5,38
24772,31,5,38
24773,51,3,38
24774,51,3,38
24775,51,3,40
24776,51,3,39
24777,51,3,39
24778,51,3,40
24779,51,3,39
24780,51,3,38
24781,51,3,39
24782,51,3,39
24783,51,3,39
24784,51,3,38
24785,51,3,38
24786,51,4,38
24787,51,3,39
24788,51,3,39
24789,51,3,39
24790,51,4,39
24791,51,3,39
24792,51,3,39
24793,51,4,39
24794,51,3,39
24795,51,3,38
24796,51,4,41
24797,51,4,40
24798,51,5,40
24799,51,4,39
24800,51,4,39
24801,51,4,39
24802,51,3,40
24803,51,4,40
24804,51,3,39
24805,51,3,38
24806,51,2,38
24807,51,3,39
24808,51,3,39
24809,51,3,39
24810,51,3,40
24811,51,3,39
24812,41,5,38
24813,31,3,37
24814,41,3,38
24815,41,4,37
24816,41,3,38
24817,41,3,37
24818,41,4,37
24819,41,5,39
24820,41,3,38
24821,41,5,37
24822,31,5,37
24823,41,5,37
24824,41,4,37
24825,41,5,37
24826,41,5,37
24827,41,4,37
24828,41,5,38
24829,41,4,38
24830,41,4,38
24831,41,4,39
24832,41,5,38
24833,41,5,39
24834,41,5,39
24835,41,4,39
24836,41,5,38
24837,41,4,39
24838,41,5,39
24839,51,3,38
24840,51,3,38
24841,51,3,38
24842,51,3,37
24843,51,3,39
24844,51,3,39
24845,51,3,38
24846,51,4,37
24847,51,3,38
24848,51,3,39
24849,51,4,38
24850,51,3,38
24851,51,4,38
24852,51,3,38
24853,51,3,37
24854,51,3,39
24855,51,3,39
24856,51,3,40
24857,51,4,40
24858,51,4,38
24859,51,3,39
24860,51,3,39
24861,51,3,35
24862,51,3,36
24863,51,3,37
24864,51,4,36
24865,51,3,37
24866,51,3,36
24867,51,2,36
24868,51,2,35
24869,51,3,37
24870,51,3,37
24871,51,3,37
24872,51,4,37
24873,51,3,37
24874,51,4,37
24875,51,3,37
24876,51,3,37
24877,51,3,37
24878,51,3,37
24879,51,3,37
24880,51,3,37
24881,51,3,37
24882,51,3,37
24883,51,3,36
24884,51,3,37
24885,51,3,37
24886,51,3,37
24887,51,3,37
24888,51,3,37
24889,51,3,37
24890,51,3,37
24891,51,3,36
24892,51,3,37
24893,51,3,36
24894,51,3,37
24895,51,3,36
24896,51,3,37
24897,51,3,37
24898,51,3,37
24899,51,3,37
24900,51,3,37
24901,51,3,37
24902,51,3,36
24903,51,3,37
24904,51,3,37
24905,51,3,36
24906,51,3,37
24907,51,3,37
24908,51,3,37
24909,51,3,36
24910,51,3,37
24911,51,3,36
24912,41,3,36
24913,51,3,35
24914,51,3,36
24915,51,3,37
24916,51,4,36
24917,51,4,37
24918,51,3,37
24919,51,3,35
24920,51,3,37
24921,51,4,37
24922,51,3,37
24923,51,3,37
24924,51,4,37
24925,51,4,37
24926,51,4,37
24927,41,4,39
24928,51,4,37
24929,41,3,35
24930,41,3,38
24931,41,3,37
24932,41,3,38
24933,41,4,37
24934,41,4,38
24935,43,3,38
24936,43,3,37
24937,43,4,37
24938,43,3,37
24939,43,3,37
24940,43,3,37
24941,43,4,37
24942,43,4,37
24943,43,3,37
24944,43,3,36
24945,43,3,38
24946,51,3,36
24947,51,3,37
24948,51,3,36
24949,51,3,37
24950,51,3,37
24951,51,3,37
24952,51,3,37
24953,51,4,37
24954,51,3,37
24955,41,3,38
24956,51,3,37
24957,51,3,37
24958,51,3,37
24959,51,3,37
24960,51,4,38
24961,51,3,38
24962,51,3,37
24963,51,3,38
24964,51,3,37
24965,51,3,38
24966,51,3,37
24967,51,3,38
24968,51,3,38
24969,51,3,37
24970,51,4,38
24971,51,4,38
24972,51,3,37
24973,41,3,37
24974,51,3,38
24975,51,3,37
24976,51,4,37
24977,51,4,38
24978,51,4,37
24979,51,4,38
24980,51,4,37
24981,51,4,37
24982,51,3,38
24983,51,3,37
24984,51,3,37
24985,51,3,37
24986,51,3,38
24987,51,3,38
24988,51,3,37
24989,51,3,38
24990,51,3,39
24991,51,3,38
24992,51,3,38
24993,51,3,37
24994,51,3,37
24995,51,3,38
24996,51,3,37
24997,51,3,37
24998,51,3,37
24999,51,2,36
25000,51,2,36
